Id,Sales
1,4449.435903573581
2,7394.551008346182
3,8728.638076303834
4,6486.222214686289
5,6924.933591816854
6,5268.846112597372
7,7772.153840283857
8,7826.08304415139
9,4965.972829721533
10,5652.665348898888
11,6943.036765145409
12,8208.785095158322
13,7122.388248996862
14,8588.126285120483
15,5720.245994356188
16,4570.061196239506
17,5608.503498326438
18,9759.675693506846
19,10621.644507973871
20,9622.832901728314
21,7985.441365871232
22,4723.738271978606
23,5807.193075671854
24,4167.563035956759
25,8157.461844156783
26,10806.90882016832
27,8935.886549546838
28,5847.312778126518
29,5742.495905007471
30,4130.485295723464
31,5824.407508912295
32,10284.099726544076
33,6607.873931701445
34,5230.103930531455
35,5528.201826739115
36,7464.515389176913
37,3711.453217066903
38,7358.055334717785
39,4313.510077570757
40,6783.967933172608
41,6806.390543599556
42,5370.702682916691
43,7783.028656073341
44,6943.523459199913
45,4825.818901767597
46,6780.993713342142
47,7002.473733223285
48,11551.67741335354
49,6026.201404857629
50,8122.222765231681
51,6981.4211272247585
52,8732.565293536354
53,6580.0105977827425
54,9390.33114064879
55,4718.584742061621
56,4878.479707940804
57,6149.926281144717
58,5832.19017791615
59,9175.602398577303
60,7633.312775690949
61,5561.66741576654
62,7552.110916181687
63,6643.699453604445
64,9795.399754030323
65,3958.3252946023654
66,13031.258081424592
67,4828.325238619262
68,6025.94442791571
69,8269.488321119952
70,4580.096648928872
71,6367.78290857755
72,6286.616801129616
73,7490.233591939691
74,5515.2982604746685
75,5603.870505988855
76,7870.717416945795
77,7768.691166103058
78,6975.155683583642
79,5227.668981226452
80,6904.102430234539
81,11194.649918347293
82,6443.82303252921
83,4402.193170708701
84,6756.067231575629
85,5762.950286973782
86,5918.672994132279
87,7318.148917479635
88,3932.7174438550132
89,7875.914993023952
90,5987.373226324952
91,6842.7433871983885
92,6585.844078335151
93,4391.715807777158
94,5761.886594672174
95,5269.679511465567
96,8039.184023869315
97,8960.232822105809
98,5039.829515031183
99,4445.332412704602
100,7034.775736231522
101,5895.338920123674
102,5763.146194199709
103,7408.07854052331
104,6623.640603628224
105,7641.658966224338
106,5564.471523569201
107,4521.865787864355
108,6444.302040247503
109,7876.620992102481
110,7842.855414895311
111,8470.982038609267
112,8182.421209174638
113,5620.598610554312
114,8729.228942866015
115,5710.0115808271985
116,7312.654583952446
117,9076.187392478747
118,6726.278616285137
119,9872.019827169563
120,7819.074330255218
121,7836.270969605508
122,5897.1853558232015
123,7139.752003668293
124,7805.565668090093
125,6557.868557403485
126,3931.413089828257
127,5251.449723201263
128,7932.668325762231
129,6131.494757043614
130,4409.425011915745
131,8676.083834798283
132,6415.527058736082
133,5909.777875019883
134,5717.993465449662
135,5415.354909433431
136,7476.664219504076
137,6996.916959094609
138,6852.3135937310535
139,5600.500233019185
140,5001.815548881516
141,6543.0024517582415
142,3863.4091637261436
143,6389.168820169287
144,5079.051570416828
145,8577.305842298452
146,7117.75416880182
147,6342.717640297261
148,11604.41921289336
149,5241.0691784716855
150,5067.373169750055
151,10759.040193442235
152,6616.151062724997
153,8505.472958459428
154,7424.969535789913
155,5497.433784768036
156,6110.36470432179
157,5460.461283952998
158,8064.931227251875
159,11324.22596083307
160,6058.149197040856
161,3276.2958226326
162,4988.583748591086
163,8215.161289716356
164,9109.384401919015
165,6360.084804567311
166,6956.418396226491
167,4748.4623383763255
168,5450.287312733496
169,3265.320854933783
170,5008.131281896913
171,5892.573501263944
172,7187.562715334685
173,6907.140289925479
174,6617.512300449506
175,8090.302555200329
176,8734.334258025201
177,7639.762239958121
178,4846.520442897662
179,9314.509216109564
180,10829.46689903052
181,5992.054095235736
182,7528.77984716576
183,5270.755435841994
184,6652.508070511005
185,4182.337789003222
186,7102.787033904114
187,5429.240445555014
188,8854.787394352106
189,6799.519192775616
190,8557.260861207133
191,7967.426533299185
192,5349.7294992093375
193,8741.790194844016
194,18687.079602637055
195,10492.500934120098
196,5489.709003274252
197,3038.5643094141697
198,6173.491969736965
199,8751.957690759109
200,5714.571133405874
201,12242.36129217214
202,18063.312921255612
203,3925.9812382148057
204,5179.868857524422
205,8890.402775617138
206,4982.643837009679
207,7896.186672331526
208,6691.0433874872015
209,7508.071380676759
210,3837.342692947184
211,6593.2009335040275
212,6265.164972219462
213,7308.562611254871
214,9807.892556004635
215,6314.864952184365
216,5811.708573838379
217,6731.8465775111845
218,5309.081733272362
219,5036.840850711495
220,7727.003792062397
221,5750.349838677648
222,6121.316720896205
223,7142.89069899177
224,6015.231196388858
225,5325.716918178491
226,7060.760692383036
227,7038.144716124192
228,8521.69396424084
229,6357.110300363368
230,7103.915552988175
231,5478.006013778004
232,3840.0007243105383
233,6404.4278822842225
234,6379.442082830633
235,5982.332508762113
236,4511.421165516854
237,8978.142269908822
238,7092.060591221566
239,9123.902505330929
240,6852.159631782963
241,5718.94908560225
242,5336.12605681362
243,4415.649122643828
244,9871.555165292562
245,5078.743980081559
246,7883.16922349621
247,14365.707357041578
248,7389.536180893426
249,7449.436377729865
250,5003.43373360463
251,4549.604496988553
252,7268.967245948809
253,4173.414992401336
254,5682.929685998111
255,9748.54566682243
256,5471.781036713078
257,16231.553788996613
258,13583.140269480295
259,5039.1961824359805
260,6863.8232077933535
261,5405.850142815285
262,6760.009384140484
263,5424.670442187369
264,11040.254356249994
265,7697.847533208632
266,9149.416920259344
267,4403.926809652491
268,7250.0706546701695
269,4904.655045684586
270,8652.97770869503
271,6918.682493196314
272,6053.494149840041
273,6563.385359887254
274,5912.163914712119
275,8396.378595226095
276,9457.710601202287
277,5906.970838197707
278,10254.070859062687
279,6553.6220148521115
280,9489.632468419244
281,5394.074319980949
282,5298.497195980735
283,5361.371142707469
284,10097.567278017037
285,6432.518206143288
286,7740.133074056781
287,6742.042067015419
288,8905.395070540722
289,4604.011231539645
290,8138.485257301121
291,6437.951932645129
292,4196.644017933895
293,14093.907657836118
294,17184.209430112347
295,7343.1091161262075
296,7199.148671359491
297,9045.239270556589
298,10523.02990185449
299,10904.451499529283
300,5577.777167292995
301,7588.833203279048
302,5942.612436845413
303,8439.436494550175
304,4017.8351819593295
305,5984.216773965042
306,5565.298613872519
307,5582.562891312712
308,7488.74802222677
309,5299.524824406806
310,4674.498559487155
311,6671.0436783832265
312,3918.2401760947787
313,4618.564592614375
314,5835.5456372098015
315,6525.102714798119
316,9375.148045248383
317,8654.505173087493
318,6893.065459753165
319,6512.643578579081
320,6388.490887329238
321,11083.544544046401
322,7312.238313927833
323,5490.652711467163
324,4830.755614902013
325,8499.690996150503
326,4446.383698839731
327,7130.899104963201
328,3594.2021577263395
329,5105.796224738139
330,7980.788487917485
331,5940.440605563902
332,5434.188596945447
333,8729.278052971942
334,9703.57089487245
335,11402.375066237959
336,5919.3480900617205
337,9686.857936184368
338,3240.2865878621255
339,5274.0282941787955
340,6422.282440912239
341,4408.254104881684
342,7834.293858954202
343,5257.678781074988
344,5032.264440464945
345,8714.504672832501
346,10599.175665220624
347,8792.106399766524
348,5280.637407268858
349,5228.110264064218
350,8237.088417365496
351,7348.735718254485
352,5961.310800474807
353,5321.904705711942
354,6905.463313992354
355,9573.373787247541
356,4513.834905346549
357,6239.455795334011
358,8041.472257918846
359,8263.985589623751
360,13317.615931561166
361,5220.009468868396
362,13185.008066282386
363,6812.992808310915
364,5035.811424332478
365,3795.6380119294236
366,6264.672604465441
367,6101.3169867914285
368,5773.869213497899
369,7692.006110278155
370,5023.086561945027
371,4521.090999893981
372,7020.252720535741
373,3619.5251993806246
374,7808.704885038273
375,7097.863925752387
376,7888.978628291561
377,8736.780581451068
378,5347.985500608511
379,9067.982109347444
380,6259.828584521268
381,5398.328527150491
382,5615.680119535036
383,5382.64580737074
384,10484.956917660451
385,6523.204992524021
386,4873.892171086242
387,7267.660900736033
388,8536.185802339156
389,7237.924296755153
390,6319.953721750802
391,8234.554302143633
392,5320.3102980591675
393,5759.3276397396485
394,6066.55307758594
395,9113.236768669934
396,6455.812996517163
397,6308.884977110236
398,5706.045690689187
399,5180.468724002926
400,3981.7683078149857
401,5407.288658315038
402,8459.942394904723
403,8474.012167070196
404,10714.831740200998
405,10943.55128882877
406,8121.692809354276
407,5376.65621370692
408,5034.673623257338
409,10677.258155768737
410,10826.960085271257
411,7498.472561550172
412,7999.937281432153
413,8304.875039755778
414,5681.866496882878
415,3947.807568521946
416,10508.512824070656
417,6705.013170963074
418,6666.910275046154
419,6311.703666675634
420,3129.424096046102
421,11030.502494387869
422,5806.787306231161
423,5284.113735155681
424,4823.455595917909
425,5266.501152308916
426,6528.620143272214
427,8353.281539533835
428,6485.100438824875
429,4886.716145774525
430,4815.582087682904
431,4147.559884118479
432,3251.50212816511
433,7080.482871237116
434,17989.740932533667
435,4783.6046582401705
436,5711.671096222555
437,6676.7836915064745
438,5549.46444650064
439,5277.397228597481
440,4966.805108241152
441,4225.616036071061
442,7552.8268323543
443,7041.921143867224
444,4079.8433097614643
445,8793.837725921037
446,5798.521820741012
447,4725.041466766215
448,8244.8502792703
449,8061.475532463689
450,9436.858808485078
451,5660.910317252155
452,7006.594186684598
453,4855.212054026719
454,5085.072423006999
455,14450.816854660552
456,9814.316160137083
457,6406.907432488544
458,5501.095181845083
459,5045.388545802056
460,5770.484667703506
461,4737.027386927081
462,10316.558804494656
463,5057.813906609514
464,5574.115680027471
465,7213.197623526502
466,4761.69397049509
467,6374.360200753958
468,7086.512881360673
469,7788.609976978087
470,7093.610345249255
471,4262.6054675275445
472,5592.491463806428
473,6750.981676973358
474,9263.005696124339
475,8555.134702895275
476,7000.179295016839
477,4579.15916674374
478,7657.381714813314
479,5921.412818194276
480,4521.880406816648
481,7196.202742387598
482,7287.4276757985845
483,6432.378060295741
484,6089.087195122591
485,6404.791273313429
486,6460.000037094824
487,5714.15139427818
488,6752.091657667651
489,6969.272610684206
490,5997.549942372791
491,8904.507988328929
492,5949.220345472641
493,4936.225952010873
494,11899.630564043668
495,6010.088160616615
496,3695.4496566304365
497,7850.216243780551
498,8765.848908477492
499,10525.835911924944
500,4815.156746831306
501,5831.834959150644
502,6174.4665720485555
503,7406.341978965822
504,5898.6726576994115
505,8488.146098247402
506,3348.3404496794897
507,6464.1124724300225
508,5965.254928988055
509,5606.4502923096625
510,4870.190865684009
511,6901.524251632105
512,8571.006723721826
513,5606.7221804095725
514,8369.95478184036
515,6973.587855805202
516,8700.066061252897
517,4649.172611344602
518,6511.174697270066
519,6477.518972378207
520,7825.234016823044
521,8349.17939371853
522,4845.537173241968
523,8025.578621785569
524,7093.3665569081995
525,7474.4611069821085
526,4487.998054434589
527,3964.487546701266
528,8168.555974300856
529,6427.01882437358
530,8621.929563178757
531,7151.752159432405
532,5631.329256378342
533,8038.3769120465895
534,6716.950093616373
535,6869.169251879921
536,7684.414478588815
537,5912.923781132492
538,8388.720840249493
539,10946.782125867006
540,7431.680001350834
541,4791.756979935901
542,5778.612477093236
543,4387.805243445383
544,3384.2952433972982
545,8132.419932014722
546,5603.858481261924
547,8632.728920726264
548,4602.611123777077
549,6879.64327325313
550,6163.558860036343
551,9287.052582677778
552,5013.660731298598
553,5451.718766002255
554,5703.165026207029
555,7176.332365818677
556,5012.695046442859
557,7301.085050677677
558,7553.315419437952
559,9595.457447577348
560,7310.488434203935
561,7087.158933883444
562,5730.8846872007
563,4631.664940812055
564,5208.692301585792
565,10824.992835779807
566,9276.790189739839
567,6198.971406440629
568,14724.993775312692
569,5800.419355513788
570,5070.550081558235
571,6124.339704919105
572,8642.595466438252
573,9838.668884751993
574,6899.3381268593075
575,8178.36335864046
576,8051.452413402507
577,7558.9531869799
578,6466.536977810549
579,5653.866667990376
580,4889.857017848614
581,5136.90043664143
582,4092.1611457942513
583,5427.183948535493
584,8686.52123309461
585,16207.617988047194
586,6745.8468503940885
587,5235.146219955331
588,7123.7606844035745
589,4371.33676198166
590,6231.888712255813
591,4413.524894989034
592,8891.951867615155
593,6550.421834114363
594,6361.726322892955
595,13139.5362475392
596,11463.845640220154
597,5515.493426391683
598,6824.515319229966
599,4134.537385411557
600,5267.172379550913
601,5353.203211185105
602,8901.334325391437
603,4838.250489858598
604,4331.679796094157
605,5822.127505191611
606,5544.015699620117
607,6958.273541934641
608,7015.934487093725
609,3565.006033972268
610,7354.407412941574
611,7674.323616319218
612,7961.377463359768
613,4833.89064074799
614,4561.216772654532
615,7711.122141168235
616,4366.485426496211
617,9509.227541202943
618,4725.012330601278
619,5021.322309508299
620,6793.742991205794
621,6014.931363518152
622,4657.755495195357
623,5937.845401105968
624,6990.062377816297
625,9333.759453194001
626,9718.6244154956
627,5859.979942261718
628,3906.45905926663
629,5648.441739529205
630,6423.628588458405
631,4915.61921652677
632,6615.164216612478
633,5753.6965630242
634,10981.247561231283
635,7432.182281440187
636,6091.004161433717
637,7479.146867569103
638,4612.602328117791
639,9292.898507078082
640,5645.516050122668
641,12646.901421259026
642,6232.594836460122
643,5511.762904879746
644,5460.7169843149495
645,4009.888276034892
646,7387.082046392089
647,17977.661048336464
648,4370.443969497443
649,4911.637021767505
650,9704.098386115766
651,6224.758980020803
652,7605.496416635475
653,7893.762207550103
654,6209.536971012884
655,5038.903603564336
656,4591.016524399201
657,9428.888471351855
658,5958.701291227104
659,6860.68740676486
660,7511.215636251613
661,4780.433474727758
662,7108.671116939051
663,5907.987290664441
664,4046.776990299899
665,8616.519205781977
666,8461.464926195953
667,4408.707662180424
668,7636.185890739263
669,7007.476124883089
670,4636.941957712638
671,9239.497226210548
672,6481.685444371928
673,7778.042708026669
674,4668.495232256271
675,4933.883965891395
676,6268.531870509862
677,4060.5900535212436
678,7815.800748895044
679,4178.728975010188
680,6015.631422196523
681,4924.773378473302
682,6071.89919536632
683,5991.794370641838
684,6778.963306064468
685,7037.383628914357
686,8016.086620087963
687,5846.009503925671
688,7045.689553048794
689,6172.74504079679
690,8362.71007575573
691,9467.88498430194
692,6575.45390250469
693,3340.418987438909
694,5866.892051026051
695,7152.904114321738
696,4110.423380393946
697,11169.999839795762
698,5833.140833712046
699,6992.694264341921
700,10622.749783674839
701,6676.382729098663
702,4392.3415057235525
703,11002.674903226156
704,9745.281241560622
705,5512.061235673019
706,8698.784324031893
707,9777.396412193968
708,5896.361221560612
709,5113.5796881967035
710,6889.4851427795975
711,5570.549839752411
712,5707.422332765167
713,6995.14237727597
714,4901.34844579978
715,6239.498213818174
716,7310.363460700435
717,6628.6544620838695
718,8065.307066972785
719,5701.672492750953
720,6355.381246002991
721,4052.679964779873
722,7758.221738648927
723,6986.170535949386
724,6051.728106537347
725,6567.140829313871
726,7219.739603846286
727,9174.394321477284
728,5685.840219944727
729,5162.063751433618
730,6202.051678030785
731,7028.041085040796
732,6448.93669267514
733,4553.739778940203
734,4141.344472445895
735,7589.887098605037
736,7148.740645391617
737,5734.234976850323
738,8061.207218696321
739,6241.213217171161
740,6722.301759883857
741,5057.689697967046
742,3633.0968897197995
743,6828.684498365646
744,6536.736610750355
745,6754.699877206844
746,9270.897761787503
747,8186.2123645136035
748,4747.01905678491
749,8394.90149632511
750,3994.0262273311296
751,3388.261959521375
752,7624.319289362698
753,11509.26405009564
754,7987.055944705408
755,7076.744553891913
756,4877.774878240745
757,6881.424131371545
758,8720.29816739301
759,6044.271053654573
760,7906.538086912446
761,5277.793109316788
762,4492.575430223555
763,5366.718594657819
764,5383.2653449852805
765,5623.307784428534
766,4847.932138188253
767,5182.820399250922
768,4239.265808639725
769,7043.904349836106
770,7177.644405272142
771,5602.197956485576
772,6088.711964585951
773,6792.780849940197
774,5624.902273050419
775,5215.546667342058
776,8874.110060439887
777,7548.267748843931
778,5901.379470403725
779,3749.1121330951346
780,11224.785530240364
781,6410.524192748639
782,5709.552919041932
783,8554.409588726694
784,6911.864984403574
785,7409.599829095159
786,5951.492150639774
787,7121.0340866252
788,9402.862730390123
789,13454.161489280286
790,5001.936230388135
791,4600.499253046186
792,5243.6873281952485
793,6446.844803662827
794,5869.17064221983
795,7683.698695386235
796,8757.740677473632
797,5859.365513713067
798,4184.178486064661
799,5652.454432882308
800,8137.600888363438
801,4862.750217717014
802,7159.245432256072
803,3972.313463538654
804,7540.906692869969
805,7818.251072295811
806,7255.205468654444
807,8090.6767992422665
808,6389.645112810293
809,4489.158866036114
810,6368.107087418922
811,7339.085068631821
812,8334.11767229298
813,7315.010574550983
814,7768.148184163947
815,6225.819010064581
816,4611.0978318044
817,9548.825064346605
818,4336.994913527225
819,10510.006959862683
820,5947.213350958742
821,4535.492515298231
822,6989.543274422117
823,6075.551446413537
824,6972.362883305264
825,8452.390764754893
826,4161.853199505005
827,4598.999503606728
828,7576.025219838295
829,8397.964892918559
830,9713.965667582877
831,5453.824810159391
832,5965.994230010725
833,6624.5880232125255
834,6226.09361176686
835,5435.390073887609
836,9659.550404667245
837,8426.357688977481
838,11073.99353286924
839,4307.756177494488
840,5968.050213193771
841,9611.188545145951
842,7725.825677023406
843,5247.918575760442
844,10164.13624585204
845,6592.673470896892
846,5357.556366424824
847,5246.5144477279955
848,4938.98158772513
849,5152.629810215948
850,6267.121956072855
851,5060.072222584784
852,5087.89947311913
853,9204.423251559778
854,6751.83046200493
855,20417.59446060772
856,6830.73357574265
857,4588.172250763526
858,7599.630335909241
859,8834.307235827215
860,6285.438356451228
861,7105.17528546319
862,5423.856396548375
863,8233.816942981814
864,8107.389028346382
865,5018.854480498785
866,5774.808545833111
867,7014.288655471724
868,8406.702449310205
869,7141.725289659108
870,8408.724649791162
871,5763.681718728469
872,4620.964526087399
873,5613.30743803971
874,10159.638031576416
875,10702.261322043303
876,9982.109450293681
877,8118.369890892312
878,4552.099862842903
879,5764.753586484244
880,4273.317041729492
881,8372.308899110447
882,11000.122764233125
883,9161.618537288376
884,5969.930382393802
885,5905.971241493546
886,4124.464786321899
887,5825.274452263287
888,10793.305193763712
889,6562.600315610551
890,5081.093555808507
891,5603.239570500955
892,7711.774091865853
893,3792.206941983122
894,7401.9551099713435
895,4285.594982218654
896,6544.099789740616
897,6771.556277180273
898,5356.98633697065
899,7679.716592180012
900,6975.649758931235
901,5024.379116933298
902,6938.570212296548
903,6958.011581417039
904,11083.557887558232
905,5845.742042289885
906,8393.776699751454
907,7171.390255161668
908,8895.977661405852
909,6648.179150895554
910,9499.803687225736
911,4812.762927476634
912,4999.647793952249
913,6325.32622302641
914,5699.683087731782
915,9097.325918645172
916,7731.523781685555
917,5708.66031389941
918,7349.014286418718
919,6786.617673621013
920,9591.347690330793
921,3990.4239966585174
922,13795.644017824854
923,4972.409964894158
924,6238.196145423434
925,8501.607646916349
926,4565.314314741978
927,6371.302182521688
928,6159.705692126034
929,7460.110439812936
930,5412.075545701374
931,5697.453404245087
932,7770.104428537525
933,7850.534525024773
934,7220.511605980166
935,5273.473805430033
936,7072.957447704136
937,11273.19469643593
938,6551.219684626798
939,4483.847600701755
940,6559.678325171755
941,5895.009881669253
942,5923.2315504495655
943,7372.174818395049
944,4009.4595767655037
945,7967.8294583940215
946,6194.85588591778
947,6914.476493348907
948,6811.4371083619035
949,4515.8412451745635
950,5505.879061517249
951,5370.542923047761
952,8162.250150231036
953,9073.345338046045
954,5102.382416911086
955,4486.22480861994
956,7092.994186272227
957,5891.0817319579455
958,5870.406463063755
959,7558.406457349815
960,6717.982047985184
961,7843.214161644751
962,5670.098570479876
963,4639.751903667244
964,6548.365707293701
965,7552.845148690334
966,7981.242168486668
967,8521.485341600268
968,8229.629159616305
969,5647.3616626534285
970,8715.735075757842
971,5961.472356648465
972,7488.769021662918
973,9088.707827073747
974,6707.35569010412
975,10136.918397672287
976,7799.63127987929
977,7851.99670319823
978,5754.361738122148
979,7282.883665908272
980,7861.55313845594
981,6700.599517542552
982,4031.7313690609385
983,5285.037071958686
984,8135.261532557749
985,6182.835394171657
986,4486.366630401181
987,8973.003128356118
988,6546.737937306875
989,5850.134526519134
990,5820.394172167708
991,5537.463167607193
992,7662.806854790065
993,7053.633469135156
994,6872.961275963976
995,5607.836397542224
996,5117.86270479094
997,6628.50457130004
998,3987.581649917491
999,6334.439685305308
1000,5084.529243434565
1001,8686.181754261961
1002,7395.783558342817
1003,6510.059521496274
1004,11751.292298576443
1005,5775.466703508873
1006,4957.919215068652
1007,11032.114190478173
1008,6813.851619505342
1009,8455.507007446418
1010,7643.81221226728
1011,4979.487939520191
1012,6160.195722118507
1013,5556.019550107689
1014,8133.411978234299
1015,11901.221169968592
1016,5889.676384233423
1017,3322.6501825187524
1018,5149.834687184721
1019,8458.178159695053
1020,9120.908933862685
1021,6325.893016948723
1022,7057.545021104576
1023,4781.475158308295
1024,5496.869697327258
1025,3378.509996051046
1026,5169.350864587574
1027,5757.342190238458
1028,7166.42807279878
1029,7077.017132708543
1030,6719.862864330334
1031,8030.392245884698
1032,8544.34045802443
1033,7663.8660762654135
1034,4893.813405168591
1035,9546.371129414923
1036,11268.47929683187
1037,6033.220229940397
1038,7654.222441488971
1039,5276.365624927238
1040,6721.135190291447
1041,4061.4927639772573
1042,7342.346499184913
1043,5523.3683101454535
1044,9079.829563359182
1045,6907.581344925377
1046,8603.44070912358
1047,8153.959261773385
1048,5151.349553699007
1049,8917.515652855607
1050,19183.946791887043
1051,10563.110446570136
1052,5680.8432206063435
1053,3075.22587141901
1054,6206.3633449596855
1055,8948.476009051054
1056,5648.103453321162
1057,12217.496038573272
1058,17853.704957635175
1059,4063.1920580370083
1060,5323.665404975997
1061,8216.737734707625
1062,5184.44650772362
1063,8132.061776482604
1064,6743.525023347258
1065,7594.564637697497
1066,3776.8279209343027
1067,6818.978917137294
1068,6216.679736231855
1069,7359.813991378031
1070,9960.917931447242
1071,6092.696036270362
1072,5728.335392237977
1073,6857.613845724423
1074,5357.170476824444
1075,5113.687429723813
1076,7874.293529050258
1077,5702.8294794366275
1078,6069.6671701104915
1079,7336.928968054788
1080,6125.014110385419
1081,5596.45422572275
1082,7103.1420699280525
1083,7224.093549359377
1084,8339.89380661532
1085,6329.234166011824
1086,7135.525372976513
1087,5554.5663918825185
1088,3875.5705496536666
1089,6374.3994187114495
1090,6532.005963585569
1091,6054.622317553884
1092,4608.532929006587
1093,9252.05891150472
1094,6942.865174258603
1095,9349.427773649915
1096,7026.286168796156
1097,5637.744538117397
1098,5358.035464928393
1099,4356.96653443068
1100,9872.172889090698
1101,5093.754523061711
1102,7971.440602152031
1103,14554.409797070297
1104,7316.975766379198
1105,6676.515863997208
1106,4816.33470545844
1107,4651.6662641467365
1108,7346.642110740498
1109,4170.042297584963
1110,5786.00713572018
1111,9923.874838784908
1112,5511.240276541643
1113,16608.98364083833
1114,13989.775935615075
1115,4899.68174259529
1116,6907.162046646688
1117,5502.598926095522
1118,6777.055015202054
1119,5561.465275291544
1120,11018.934263431831
1121,7524.002586463061
1122,9319.142879306113
1123,4491.085711064559
1124,7285.667034775447
1125,4774.34843043822
1126,8619.047155191316
1127,6683.058603220527
1128,6131.153009779869
1129,6430.3024831374105
1130,5902.268902967074
1131,8496.596800153684
1132,9463.2212557923
1133,5861.025107614256
1134,10556.628630902036
1135,6425.584006575572
1136,9584.169350574908
1137,5312.14948564552
1138,5306.599234950945
1139,5373.841314710255
1140,10408.918073276831
1141,6316.717176712201
1142,7626.286386759142
1143,6893.303953841872
1144,9003.73373501559
1145,4510.695899642507
1146,8178.935900004702
1147,6551.53800334788
1148,4165.146301818699
1149,14667.222585000529
1150,16962.475246352133
1151,7411.61427292543
1152,7305.585894242858
1153,9231.258113703203
1154,10823.30109514502
1155,11139.603102908632
1156,5658.706061076733
1157,7819.565916117677
1158,5974.15337356718
1159,8313.02939890274
1160,4081.6651351377386
1161,6070.09088723722
1162,5620.532188122049
1163,5661.963134067382
1164,7633.216663750962
1165,5418.346271944764
1166,4788.757429715423
1167,6590.842499143594
1168,3872.8966801575266
1169,4700.894030007598
1170,5834.66501716037
1171,6871.749262346135
1172,9336.626749114108
1173,8615.994746751498
1174,6986.278892167034
1175,6316.0246873293745
1176,6342.567991689857
1177,11315.80045912976
1178,7511.374123081447
1179,5560.0077835057045
1180,4848.274981888162
1181,8297.563246750526
1182,4496.702806894252
1183,7213.936916631203
1184,3555.759812695051
1185,5363.112989335779
1186,8204.291663169482
1187,5946.951418820173
1188,5232.583627357728
1189,8649.693892988997
1190,9646.701865969419
1191,11758.281861936854
1192,5849.65918745169
1193,9525.922363477848
1194,3350.43657077204
1195,5342.8333904801175
1196,6405.2741939266325
1197,4412.973812003191
1198,8000.655915701172
1199,5356.038483274858
1200,5174.209264781054
1201,8951.559674664373
1202,10900.238463701906
1203,8200.468780152889
1204,5371.298508315612
1205,5196.776923771327
1206,9010.31911523478
1207,7424.317241229344
1208,6084.396509784064
1209,5217.348736816897
1210,6953.282526146458
1211,9827.756021814674
1212,4668.693228088957
1213,6370.735446005162
1214,8004.4112860310515
1215,8449.23905865494
1216,13324.125195498696
1217,5117.8256750368455
1218,13513.828410602693
1219,6722.949595019449
1220,5073.311497978274
1221,3677.160097195459
1222,6438.044995789985
1223,6146.582005252734
1224,5666.945618280385
1225,7400.500470140861
1226,5024.795535624649
1227,4524.529271502135
1228,7094.209099532293
1229,3738.3006146684243
1230,8051.518333518508
1231,7104.953409298663
1232,8095.00601723016
1233,8863.142245871091
1234,5284.393789010334
1235,9270.922250921622
1236,6394.852631998893
1237,5514.999062716164
1238,5559.990955097337
1239,5573.440474383286
1240,10715.669672316923
1241,6572.6448930420365
1242,4981.311876451433
1243,7461.636553878985
1244,8498.223620071862
1245,7348.326694631123
1246,6427.987225756605
1247,8446.656682077066
1248,5427.790874823795
1249,5761.367071402281
1250,6163.966511092485
1251,8904.80071919086
1252,6443.482039376243
1253,6253.506228074288
1254,5687.249433854942
1255,5216.000345883357
1256,4060.2575004526084
1257,5048.954843302489
1258,8335.271226457255
1259,8333.664147677931
1260,10833.010885144653
1261,10982.844100190783
1262,7981.645655916399
1263,5361.097635899015
1264,5098.766745746459
1265,10932.69719174774
1266,11049.417049684425
1267,7632.894670379568
1268,8235.287212910946
1269,8474.953097637652
1270,5844.83364086041
1271,4069.011850746254
1272,10909.44046288858
1273,6877.801941695214
1274,6823.5625261135765
1275,6355.801241131875
1276,3250.9127467647268
1277,11318.296080391545
1278,5755.871574641023
1279,5338.967576494694
1280,4876.877221116493
1281,5275.781925901368
1282,6663.291190506071
1283,8719.281870444516
1284,6341.269552862361
1285,4988.062375515428
1286,4842.817033825773
1287,4377.533003244378
1288,3222.6717448991003
1289,6987.727735568499
1290,18301.35961257021
1291,4879.244786478416
1292,5627.373800944349
1293,6925.782502381893
1294,5685.5360129542505
1295,5392.330443172785
1296,4949.92212525953
1297,4352.359195235691
1298,7574.925607533027
1299,6942.911447047969
1300,4214.05003881201
1301,8918.183899770378
1302,6032.714390010001
1303,4823.14028901354
1304,8167.2587757440615
1305,8134.625900442054
1306,9529.494493078355
1307,5734.8335854726065
1308,7119.767896209424
1309,4879.28545680523
1310,5112.542032873263
1311,15039.420227478835
1312,9729.948202091226
1313,6258.466535563633
1314,5641.03592042002
1315,5041.798254481868
1316,5820.504901870901
1317,4669.235410123948
1318,9386.678075139196
1319,5186.963960831606
1320,5736.767264427777
1321,7023.689515922822
1322,4737.18024156174
1323,6507.030479229194
1324,7257.888735021677
1325,7651.051227936609
1326,7026.70381111699
1327,4403.113912001753
1328,5662.289967867896
1329,6716.35198996582
1330,9484.036593847439
1331,8654.246743227888
1332,6908.576330067058
1333,4682.116399381705
1334,7728.898417955848
1335,6022.070175700129
1336,4539.013276605083
1337,7286.091279461798
1338,7351.404138460815
1339,6569.661342386918
1340,6156.711832982102
1341,6521.666639599597
1342,6492.1609179076495
1343,5812.576825402608
1344,6871.267056332272
1345,6791.668470441057
1346,6192.535779512746
1347,8726.755429090443
1348,5843.846917437803
1349,4950.001978206346
1350,11982.62048024621
1351,6021.954778984857
1352,3933.7756244275197
1353,8014.776389702564
1354,8573.289097403127
1355,10796.347279142135
1356,4941.495238036444
1357,5864.747440166484
1358,6368.152538826665
1359,7600.8958434301085
1360,5856.940324295393
1361,8591.027278662183
1362,3377.9100357025072
1363,6624.111241501801
1364,5960.649516326323
1365,5736.38442715512
1366,5021.94638337069
1367,6975.528726431626
1368,8854.119133763841
1369,5644.571891506897
1370,8617.6999954032
1371,6951.493502192227
1372,8834.186090119229
1373,4485.022302900355
1374,6577.491326630792
1375,6611.194151453507
1376,7716.3811736312
1377,8692.67490274283
1378,4168.728716634422
1379,8104.895724976411
1380,7146.465665981244
1381,7545.553629508396
1382,4590.194496747956
1383,4013.000109713497
1384,8283.033703236544
1385,6646.259001469611
1386,8775.360778144894
1387,6979.209221371369
1388,5731.926177020729
1389,7942.094739884778
1390,6851.236679245385
1391,6999.894021141944
1392,7996.508830324779
1393,6002.889159870709
1394,8640.662384079491
1395,11107.642054414797
1396,7684.563036892135
1397,4885.713677204103
1398,5832.610222013546
1399,4334.218927661971
1400,3445.1718701422783
1401,8333.780159658569
1402,5454.194063813525
1403,8831.964588765788
1404,4591.82656369372
1405,6749.070759635522
1406,6217.921503098346
1407,9691.241788411884
1408,4926.7926196877
1409,5493.243022502095
1410,5759.861277198089
1411,7379.258991822064
1412,4689.06561229449
1413,7287.310708408437
1414,7553.562676439506
1415,9789.596128292213
1416,7320.465076828294
1417,7026.897811301146
1418,5515.6360978151215
1419,4749.122288426133
1420,4977.299546937225
1421,10946.042959367282
1422,9458.168844416778
1423,6181.008018645679
1424,14852.652408527652
1425,5852.0851655554425
1426,5055.666016062028
1427,6260.487245729669
1428,8612.038138770096
1429,9902.866578132005
1430,6832.988564146826
1431,8155.945439079675
1432,8158.509075786247
1433,7880.1943684392245
1434,6470.765210065953
1435,5679.168055948273
1436,4993.158430197735
1437,5098.9275095103185
1438,4244.030922168255
1439,5524.601186050071
1440,8816.601944592607
1441,16717.805499262126
1442,6850.238662843399
1443,5234.0472616718125
1444,7349.537127177668
1445,4333.083998533851
1446,6145.585621315773
1447,4262.064671635241
1448,8826.91936934975
1449,6457.354352409689
1450,6346.768351060242
1451,13565.236072768117
1452,11722.732876745002
1453,5539.483014441208
1454,6788.9089812441425
1455,4103.154490326461
1456,5354.799572854074
1457,5507.8289809219605
1458,8822.965513720197
1459,4960.381714174663
1460,4277.745848626442
1461,6031.524894125335
1462,5569.457808607189
1463,7166.7670219993115
1464,7041.617262078183
1465,3532.8327793704298
1466,7239.490088307784
1467,7809.781716006654
1468,7956.513717704393
1469,4946.693977100714
1470,4693.328241424474
1471,7804.709387345763
1472,4503.705093097144
1473,9718.83889425239
1474,4641.542064338516
1475,4885.3498806231055
1476,6787.788853565704
1477,5983.639586786999
1478,4654.374607845263
1479,5818.776668395683
1480,7037.196548528992
1481,9574.98243799822
1482,10001.865882857237
1483,5760.754082308198
1484,3939.490534806066
1485,5787.977586269078
1486,6598.328101626401
1487,4945.143787614632
1488,6620.703021772983
1489,5886.575214995584
1490,11297.068732261832
1491,7720.354379999804
1492,6045.835898850806
1493,7510.086688359758
1494,4759.8632422180535
1495,9382.108453254048
1496,5710.9973423414585
1497,13093.101229631531
1498,6176.1640293346345
1499,5548.478088476014
1500,5570.163636104829
1501,3892.6176811500823
1502,7591.452164406412
1503,18251.42578800493
1504,4495.580771637043
1505,4791.762663826793
1506,9704.227158495527
1507,6299.608633816309
1508,7723.415582167106
1509,8005.528659844105
1510,6334.029104346175
1511,4967.3989635457265
1512,4683.628916486802
1513,9582.436779746497
1514,6025.148786570657
1515,6994.38422876072
1516,7553.2901994341
1517,4961.92684368713
1518,7083.890311452769
1519,5919.586589953621
1520,4106.157104649373
1521,8766.550996277858
1522,8315.007657694063
1523,4497.599705017707
1524,7644.708838815836
1525,6828.074566457132
1526,4523.054841788355
1527,9349.787183807079
1528,6326.269124410095
1529,7753.833602949574
1530,4681.316773803321
1531,4990.230169049288
1532,6703.857226304082
1533,3983.7237540518927
1534,7967.972614661172
1535,4403.937640483512
1536,6099.670690687726
1537,5019.23886709794
1538,6014.79595732031
1539,6251.214797079884
1540,6827.627075738718
1541,6862.495353256826
1542,8023.327316304413
1543,5868.291261083622
1544,7210.653020254263
1545,6313.918779811911
1546,8732.26716269623
1547,9675.820104647324
1548,6552.268140072284
1549,3325.684343785516
1550,6032.464866006531
1551,7279.541625682827
1552,4314.681363291125
1553,11117.370590058736
1554,5879.615609077747
1555,7170.617041796245
1556,10827.70738001238
1557,6603.656081409182
1558,4450.795287477334
1559,11256.669043269532
1560,9843.805520545508
1561,5564.42590106352
1562,8994.29743875717
1563,9749.555760744364
1564,5894.684931736819
1565,5284.037072731597
1566,6948.751412007515
1567,5659.176720778227
1568,5852.067141133884
1569,7065.011129319451
1570,4923.96026787075
1571,6387.909239940993
1572,7345.606117044524
1573,6724.631196745865
1574,8156.200578189639
1575,5791.057713681904
1576,6448.654191750154
1577,3917.07918414349
1578,7641.614564545827
1579,7016.4134399871755
1580,5870.267381146582
1581,6766.653329417243
1582,7280.030505181827
1583,9382.086152727228
1584,5696.2254949194385
1585,5363.83907323661
1586,6059.445386829914
1587,6851.374117711309
1588,6529.509271871121
1589,4574.196678224033
1590,4284.653608607814
1591,7978.889683690652
1592,7218.773949301349
1593,5789.265437738958
1594,8124.56767681937
1595,6121.441719142196
1596,7149.49440882671
1597,5115.055173812648
1598,3613.6588757925438
1599,6714.3002297262665
1600,6458.63521424359
1601,6875.960849666549
1602,9480.157710631815
1603,8507.373940972575
1604,4911.020805012573
1605,8285.40187216675
1606,4145.216855796373
1607,3480.5132373308493
1608,7710.569542168407
1609,12025.785721783808
1610,7766.008867213317
1611,7226.052366890097
1612,5032.970682742992
1613,7037.539169610082
1614,8996.982522444083
1615,6148.941846650287
1616,7945.883404103085
1617,5348.764632671831
1618,4583.439575061857
1619,5511.351715235348
1620,5382.684136493877
1621,5742.781248970153
1622,4958.3562471925125
1623,5173.265153339877
1624,4342.564533312187
1625,7260.669746063418
1626,7460.863449927028
1627,5624.641924108794
1628,6100.03792805629
1629,6829.05654349073
1630,5772.567694415218
1631,5424.1596690995875
1632,8874.247402248557
1633,7643.868215279135
1634,5764.859658027368
1635,3852.5461747179156
1636,11498.526192926667
1637,6215.6827678445425
1638,5725.247045696831
1639,8700.873353583771
1640,7265.176218013987
1641,7550.72473361681
1642,5996.08921772005
1643,7293.744929364843
1644,9767.284747253349
1645,14045.921163443109
1646,5084.051651555202
1647,4733.320315661607
1648,5099.925451425185
1649,6447.740355589365
1650,5664.1961898548425
1651,7957.570648424919
1652,8924.67240482743
1653,6026.914369977972
1654,4173.139174314894
1655,5724.627772367245
1656,7731.3474633471005
1657,4943.065560587851
1658,7274.310041596725
1659,4013.9843856465245
1660,7351.9104876338
1661,8039.104205781186
1662,7349.997566378868
1663,8462.9602160947
1664,6433.701528853581
1665,4525.484644739305
1666,6279.218248526783
1667,7506.217475365291
1668,8465.503244884032
1669,7445.305186891678
1670,7688.84122312206
1671,6282.4559772642615
1672,4627.077052121361
1673,9789.629872959431
1674,4391.792747237232
1675,10791.124809697434
1676,5862.31727099853
1677,4565.084069006102
1678,7124.43043492143
1679,6220.395473445633
1680,7078.294534906997
1681,8739.70947036522
1682,4152.659276750432
1683,4647.388182986277
1684,7832.804011677272
1685,8635.742775881661
1686,9967.958323658453
1687,5550.040557143973
1688,6044.668404024143
1689,6866.105252576887
1690,6250.011014006811
1691,5509.860910917352
1692,9803.068944986193
1693,8587.412963158522
1694,11566.228681229199
1695,4414.472992330332
1696,6128.44318854108
1697,9734.57055132979
1698,7735.302009427559
1699,5391.001772386891
1700,10208.875281693665
1701,6847.416887562458
1702,5464.253874285633
1703,5234.440151759364
1704,5068.7204067106095
1705,5160.568497625367
1706,6429.776889773156
1707,5192.070022491304
1708,5203.1583718609
1709,9350.550254854215
1710,6686.42274144226
1711,20851.350257066217
1712,6866.116774086992
1713,4763.358986111987
1714,8461.71135077584
1715,10088.398199177675
1716,7263.721098628127
1717,7752.74623152224
1718,5860.952235030175
1719,8460.940542216715
1720,8844.713896253354
1721,5585.870614392859
1722,6379.891431247444
1723,7466.224033636371
1724,9094.853905796848
1725,7854.786680621184
1726,8859.946293827346
1727,6438.739614480784
1728,5012.581335895274
1729,6159.465821061613
1730,11188.413598060672
1731,11682.126298633484
1732,11414.190751364826
1733,9018.054309431735
1734,5426.112678661591
1735,6003.337197626689
1736,4757.091257716629
1737,8908.999077255767
1738,12281.930330400835
1739,9729.534970585737
1740,6679.311482195758
1741,6801.284229970528
1742,4536.959492079988
1743,6094.427871803212
1744,11682.345129378456
1745,7257.6268445116675
1746,5287.055578834176
1747,6212.211298409901
1748,8164.503435217516
1749,4095.4390160904686
1750,7803.046707303706
1751,4549.390141219416
1752,6876.088351019325
1753,7173.868519086113
1754,5880.017759886125
1755,8046.601270464414
1756,7744.691064283539
1757,5307.562859501089
1758,7797.3112981151135
1759,7268.408619595806
1760,11773.704132484112
1761,6104.038901437823
1762,9229.401790081616
1763,7272.944198215753
1764,9636.61957312164
1765,7174.240550378049
1766,10538.276070151747
1767,5599.441404547589
1768,5555.531197097589
1769,7118.963876412941
1770,5917.993739891061
1771,9648.193992557195
1772,8245.15824769639
1773,6456.347044319154
1774,7777.3544566522205
1775,7262.216476430572
1776,10721.324901072892
1777,4341.898950552869
1778,14783.973616203375
1779,5589.296075362406
1780,6796.718802015002
1781,9225.635771841102
1782,5091.591232020055
1783,7055.983181002005
1784,7075.902534799578
1785,8203.33961274623
1786,5697.175144108903
1787,6087.560188998896
1788,8049.56477583945
1789,8315.3177713606
1790,8202.147089012862
1791,5831.7457315566235
1792,7622.128349463757
1793,11857.458669300697
1794,7140.172226374441
1795,4778.776625234646
1796,6964.891001225258
1797,6234.126404490567
1798,6228.8203713985495
1799,7718.90752086287
1800,4465.598577951236
1801,8632.202000474408
1802,6791.657487131146
1803,7465.743063340745
1804,7327.362818167452
1805,5035.459100192947
1806,6376.37320147264
1807,5904.135086657971
1808,8901.49239203631
1809,9870.53664573553
1810,5392.799646458239
1811,4715.495812800515
1812,7524.19815287786
1813,6202.318310564348
1814,6615.277460945241
1815,7999.146144668015
1816,7442.676238542698
1817,8366.727637374861
1818,6137.914505610044
1819,5023.324545475363
1820,7290.101668432726
1821,7932.073832208709
1822,8766.241405657467
1823,9031.918573409595
1824,8721.629938198896
1825,6128.246318407494
1826,9282.753974970292
1827,6856.547513222425
1828,8685.16289109061
1829,9838.824337243888
1830,7068.672531867993
1831,11337.073642560124
1832,7959.925788024148
1833,8547.315601307255
1834,6104.453852539366
1835,7876.54419411265
1836,8450.553052281455
1837,7680.493335526437
1838,4356.631004736488
1839,5790.036666138113
1840,9065.8446566855
1841,6687.137990152081
1842,4904.762181282512
1843,10115.149895800614
1844,7061.601235335768
1845,6218.33080162982
1846,6148.818942522986
1847,6429.467341563959
1848,8646.920861065528
1849,7506.706728450358
1850,7913.898001147633
1851,5932.597545406311
1852,5844.213946022666
1853,7121.278124728382
1854,4388.031399881393
1855,7372.9609401321895
1856,5623.533950020295
1857,9173.326601653112
1858,8063.657428681291
1859,6952.366810136598
1860,12933.386951406015
1861,6371.52879793603
1862,5112.644804691202
1863,12001.060411598972
1864,7164.064779812737
1865,8952.05834768224
1866,8156.540883347799
1867,5133.030110214988
1868,6516.80501311749
1869,5982.173689213655
1870,9185.82747105106
1871,13314.826716141728
1872,6611.034039129809
1873,3548.044100020034
1874,5373.070151989658
1875,9028.860881339051
1876,9696.336708344741
1877,6910.211168970502
1878,7698.25403385354
1879,5024.444596280855
1880,6192.2235506210445
1881,3668.1588149002323
1882,5682.706576216209
1883,6094.015116908386
1884,7628.554336814579
1885,7801.9316778055545
1886,7686.188632818366
1887,8385.267264187078
1888,9150.84529043812
1889,8043.918509046364
1890,5169.1014775671265
1891,10369.534106786778
1892,12945.487663382646
1893,6972.183646366857
1894,8399.74471100291
1895,5651.251830413037
1896,7141.817793661929
1897,4530.257879516607
1898,8316.410446453257
1899,6193.24959829351
1900,9742.833278312153
1901,7346.754082289832
1902,9307.474791539626
1903,8783.172863103231
1904,5364.099362798855
1905,9824.140183693036
1906,20874.043309664477
1907,11788.169719877866
1908,6625.023360800164
1909,3338.508600811141
1910,6539.009086430679
1911,10235.794675572773
1912,6081.975167217232
1913,12739.190374184236
1914,19140.02978116023
1915,4338.333649655643
1916,6180.314309705301
1917,8588.08789246926
1918,5717.587221796278
1919,9339.084215885152
1920,7819.514836257971
1921,8492.414501566676
1922,3735.690755315409
1923,7293.786300865693
1924,6745.751825037647
1925,8023.125599567032
1926,11108.970153618535
1927,6246.948845116562
1928,5933.4668561587005
1929,7461.216582098472
1930,5883.991023071888
1931,5439.034432127456
1932,8290.401969879453
1933,6259.716017160618
1934,6484.25824993861
1935,8409.776044490112
1936,7069.706359621955
1937,5975.460718163268
1938,7997.419353791684
1939,8093.40946201899
1940,8652.698164165498
1941,6905.973775584511
1942,7785.050355824343
1943,5844.694826583143
1944,4088.338003507489
1945,7123.740677952754
1946,7140.206198388699
1947,6663.428328770492
1948,5057.977982838526
1949,10331.482726534192
1950,7648.320577742527
1951,10443.417883079372
1952,7642.300405239989
1953,6210.64360197668
1954,6026.369359111532
1955,4643.883365991516
1956,10998.514457664338
1957,5266.559538037321
1958,8375.01304461064
1959,16145.411854018084
1960,7693.357921762383
1961,7323.2436345871465
1962,4948.570391101009
1963,5059.867737543748
1964,8144.9332775159255
1965,4464.307054325582
1966,6473.438744582647
1967,10792.068423828896
1968,5705.3879039818785
1969,19110.914153506616
1970,15310.837061736918
1971,5058.754549956739
1972,7553.445666790199
1973,5929.673537031314
1974,7508.080100657305
1975,6040.384602823968
1976,11818.912122086074
1977,8112.870225921351
1978,10543.304564076214
1979,4949.061139523027
1980,7916.922413213164
1981,4902.250650682479
1982,9399.395647347254
1983,7173.532179562603
1984,6721.875456226897
1985,6730.1876341576535
1986,5988.468082998576
1987,8961.269020633363
1988,10323.450666948365
1989,6031.485449231876
1990,11635.449842385144
1991,6691.963005070152
1992,10573.19002789786
1993,5929.442865726931
1994,5652.746639120069
1995,5851.312441095115
1996,11762.052744032708
1997,6630.434574469875
1998,7972.152406447177
1999,7414.189546097689
2000,9677.773815238235
2001,4667.825242064347
2002,9038.578347605498
2003,7333.986449453732
2004,4465.453319352364
2005,16139.450704306419
2006,17993.393936773355
2007,8090.950781678288
2008,8014.3354129910385
2009,10505.823503042002
2010,12003.960074627787
2011,12200.402701229734
2012,6545.915724167758
2013,8951.257211925464
2014,6399.227166014439
2015,8819.007820249431
2016,4425.772749325608
2017,6959.98379789029
2018,6054.472976356166
2019,6114.610430959558
2020,8167.3414038617975
2021,6085.145950122598
2022,5519.5925252229645
2023,7118.198870389525
2024,4193.97482291211
2025,5012.2003256066355
2026,6234.055286555165
2027,7526.66278267941
2028,9950.962032659387
2029,9004.913430351722
2030,7663.870902421114
2031,6604.294344684271
2032,6677.477651992356
2033,12254.0507851746
2034,8297.0072792009
2035,6424.375230746202
2036,5070.956695255506
2037,8916.609733490764
2038,4736.299525183535
2039,7659.818571184218
2040,3857.3902302437023
2041,6108.092604334844
2042,9172.659932142431
2043,6175.078692477677
2044,5459.679705481258
2045,8992.629697188242
2046,10319.865864358446
2047,12586.230326406483
2048,6639.143044360824
2049,10245.696547862384
2050,3666.9426712232944
2051,5709.996381608194
2052,6782.559840304881
2053,4730.246040497238
2054,8521.27311622223
2055,6155.744563765475
2056,5481.071827471896
2057,9724.7533885196
2058,12033.388925955125
2059,8448.354250280876
2060,5738.836625241912
2061,5889.059832750278
2062,9348.257799232197
2063,7614.171520410938
2064,6878.733720635216
2065,5488.695915197546
2066,7266.19986646331
2067,11380.010471294552
2068,4821.964305986119
2069,7296.441045010393
2070,8563.387822470944
2071,9491.172327663897
2072,14827.511712831014
2073,5345.250870081686
2074,14862.436965014722
2075,7176.595607746932
2076,5305.235520927738
2077,4215.996840248282
2078,7075.6602274231
2079,6511.745228329666
2080,6303.233857029146
2081,7743.212777212541
2082,5236.759851179997
2083,5053.922713439186
2084,7510.270249195952
2085,4046.0346628181646
2086,8506.380584563434
2087,7589.152486198058
2088,8846.41755119308
2089,9534.969500992569
2090,5831.323898353061
2091,10042.265727195987
2092,6822.071653208276
2093,5772.55551914617
2094,5773.289987596906
2095,5914.888968430671
2096,11754.336132410615
2097,7057.564670830574
2098,5398.651342630637
2099,8224.399037762658
2100,9213.231614094422
2101,8227.650604545419
2102,7307.869732711801
2103,9218.432309443262
2104,5766.168685817928
2105,5910.255500594441
2106,6640.025455704256
2107,9218.855269884782
2108,7441.705418417752
2109,7197.89217526509
2110,6256.803894843981
2111,5614.545547906557
2112,4378.541031642485
2113,5258.5234929954595
2114,8555.637017059755
2115,9320.098566859695
2116,11531.162355585262
2117,12450.31793226883
2118,8369.840960996236
2119,5911.8489000187365
2120,5405.6727375297405
2121,11640.814837016515
2122,12358.505471429567
2123,8271.472671087322
2124,9159.958004456841
2125,9519.108520721367
2126,6293.489342217854
2127,4610.907267579482
2128,11496.141799539431
2129,7746.954119284272
2130,7655.7371561687505
2131,6933.995360822827
2132,3628.9358501970946
2133,12712.896210094887
2134,5968.679540080648
2135,6023.226093463532
2136,5139.8257900318695
2137,5581.452370604857
2138,7314.458883376257
2139,10127.173992221906
2140,6638.795209777328
2141,5280.420850862146
2142,5109.082510419111
2143,4759.281624719994
2144,3455.355437742036
2145,7572.931924508726
2146,19229.53570488348
2147,5213.45855014008
2148,5886.557687677067
2149,7641.081979746491
2150,6252.166448436156
2151,6020.689524863672
2152,5095.7321118346135
2153,4958.681509201908
2154,7935.153051834185
2155,7311.179305131896
2156,4691.538248089409
2157,9567.211576172109
2158,7351.509069632857
2159,5237.957190273678
2160,8732.349063463293
2161,8730.005515452787
2162,10391.962431758739
2163,6718.7014727366795
2164,8033.796760083804
2165,5155.483181327104
2166,5564.553879116666
2167,16515.22879604004
2168,10413.108233754081
2169,6655.18383416725
2170,6433.942039132229
2171,5167.318811674693
2172,6202.353685510609
2173,5113.45166250957
2174,10345.576397047618
2175,5614.297193069776
2176,6161.831016967917
2177,7333.820680312953
2178,4918.325293584326
2179,7107.367422574471
2180,8176.790589277648
2181,8104.903709693178
2182,7473.422585504154
2183,4995.27794157338
2184,6094.958362956011
2185,7107.489856826559
2186,10306.229543790207
2187,9396.05400027517
2188,7301.281924063264
2189,5317.172326814747
2190,8068.588336554353
2191,6678.824558988399
2192,4861.792316968864
2193,8130.198843280701
2194,8143.567184034799
2195,7351.7453872583665
2196,6624.378063765257
2197,7411.776251558653
2198,6793.677070529391
2199,6276.580810507135
2200,7395.502747726698
2201,7062.693615838047
2202,7304.376204258932
2203,9336.926813843975
2204,6066.081977343894
2205,5592.721924416873
2206,12784.407892727211
2207,6888.76926356523
2208,4215.593857578637
2209,8856.187558250549
2210,9236.852775572448
2211,12031.623210849475
2212,5246.565003489982
2213,6415.137956786069
2214,6899.115260554704
2215,8204.753869287002
2216,6376.49398636757
2217,9424.608287823115
2218,3656.254193563579
2219,7426.675087933015
2220,6652.508193261214
2221,6562.800647645841
2222,5802.798967451285
2223,7429.811771402972
2224,9860.913384739893
2225,6256.3120603973875
2226,9577.93452013768
2227,7541.354686035596
2228,9584.09722106644
2229,4622.801142141541
2230,7251.745557104391
2231,7169.753978784643
2232,8318.387419420173
2233,9499.580467902762
2234,4637.360492160675
2235,8231.773420064268
2236,7602.877349265086
2237,8310.736669063008
2238,4830.072364739105
2239,4434.445334316072
2240,8946.801223051883
2241,7740.358954624439
2242,9232.587822351283
2243,7602.532666448149
2244,6319.087205781606
2245,8403.690243850975
2246,8011.41331371109
2247,8328.010153583698
2248,8501.862721788953
2249,6983.387946546927
2250,9438.617129714676
2251,12084.050299921842
2252,8309.690272599151
2253,5468.91699302221
2254,6542.675222174501
2255,4686.680052902892
2256,3959.4648341014577
2257,9422.549965367834
2258,5612.685328372446
2259,9905.761633487346
2260,4924.879090596386
2261,7370.805704283105
2262,6893.244251380273
2263,10573.680661048822
2264,5138.988396098976
2265,5744.346736253398
2266,6542.294835332991
2267,7880.1272786432
2268,4863.008846001415
2269,7757.692026237585
2270,7892.657040538418
2271,10654.155692697457
2272,7735.470347925585
2273,7473.016526771962
2274,5724.329571147036
2275,5241.011196720569
2276,5184.075342988548
2277,12224.955142684297
2278,10543.743463809189
2279,6854.235044607912
2280,15375.064482012587
2281,6753.118446082048
2282,5375.6117758747
2283,7198.721783138233
2284,9024.837016838012
2285,10895.805932571455
2286,7260.64642920167
2287,8776.152474384011
2288,8748.431463516079
2289,8457.958268728955
2290,7098.158415916662
2291,6125.884356738743
2292,5832.1869468369205
2293,5339.155271627353
2294,4646.016678668861
2295,6360.969484870613
2296,9496.286500141103
2297,18136.54014307537
2298,7643.034228626084
2299,5620.16290435683
2300,8286.326327319332
2301,4555.335388875311
2302,6430.31969532269
2303,4538.489181727407
2304,9551.026795726028
2305,6874.75212210387
2306,7191.941734656594
2307,15017.360607366692
2308,12091.99947433269
2309,6242.068478880603
2310,7424.051789896845
2311,4306.471316935232
2312,5786.890925961938
2313,5896.401343069881
2314,9178.94680141914
2315,5429.627251199348
2316,4414.190542109748
2317,6735.962282642017
2318,5790.42553656589
2319,7910.063983766091
2320,7720.904745800188
2321,3715.883230440556
2322,7652.308340161218
2323,8801.661673175426
2324,8922.128422276312
2325,5631.010261557291
2326,5241.251829074922
2327,8719.863349474112
2328,4914.962741179318
2329,10606.938267967445
2330,4849.46546451461
2331,5380.886408783903
2332,7351.502972237312
2333,6637.5329473132615
2334,4885.19494432335
2335,6292.109835196668
2336,7813.928636843544
2337,10339.72463656592
2338,11485.977385483486
2339,6005.56710680845
2340,4234.489217477081
2341,6257.45148180022
2342,7153.262278324711
2343,5388.318591689814
2344,7563.399923968195
2345,6341.773267302713
2346,12061.618788320233
2347,8375.131984787786
2348,6618.134880587425
2349,8387.474132265052
2350,5161.987442982828
2351,10209.785208136644
2352,6302.60935300402
2353,15018.512164171361
2354,6616.428059334254
2355,5940.058698185937
2356,6253.757455478482
2357,4341.736267692059
2358,8398.427681583653
2359,19397.5044634239
2360,5012.059217680963
2361,4952.388292974463
2362,11060.491682755011
2363,6807.693900905117
2364,8619.966491516469
2365,8418.750118117538
2366,6964.467288160791
2367,5135.445821355986
2368,5211.181910638881
2369,10496.885918936638
2370,6857.429697472071
2371,7666.1728883388405
2372,7938.255211956714
2373,5379.726991753702
2374,7379.973383972331
2375,6320.924888604967
2376,4371.675225567466
2377,9505.767556648749
2378,9434.277234163137
2379,4849.873439854285
2380,8000.423331723528
2381,7273.676238314893
2382,4788.587976764338
2383,9863.461421366168
2384,6600.913964222863
2385,8299.689432497065
2386,5025.367693686758
2387,5539.307227542013
2388,6929.672474106407
2389,4277.180263656469
2390,8585.429506378032
2391,4962.039251989703
2392,6611.272019090718
2393,5543.662496659907
2394,6526.465838804115
2395,6747.658471803533
2396,7492.072179923591
2397,7522.042946357464
2398,8377.028132994066
2399,6476.784980613229
2400,7749.546893673443
2401,6785.619173436038
2402,9695.057568382581
2403,10425.851582142057
2404,6986.626035631005
2405,3384.7073234970594
2406,6549.645206222211
2407,8103.367158210647
2408,4553.2514645998635
2409,11623.822251996411
2410,6258.030132345488
2411,7952.85123643514
2412,11828.369852188858
2413,7189.071773559052
2414,5074.361680648021
2415,12720.10888186372
2416,10778.435969206404
2417,5789.177519968398
2418,10030.356711273982
2419,10836.460364382616
2420,6183.584854004443
2421,5733.951388233015
2422,7815.163107532351
2423,6462.329778482963
2424,6295.064979151787
2425,7405.340125621933
2426,5557.612483076759
2427,6897.034368516077
2428,7967.447700683736
2429,7706.4791038840585
2430,9010.665303014926
2431,6245.593808030017
2432,7110.576592393302
2433,4248.669608654925
2434,8379.930822121978
2435,7672.677316836436
2436,6534.320430979232
2437,7363.256475685854
2438,7868.76423337022
2439,10235.191625676645
2440,6158.223586286791
2441,5872.178871898977
2442,6490.699949487281
2443,7154.55129006525
2444,7049.069278959058
2445,4878.765753250976
2446,4686.69614146629
2447,8243.302152432396
2448,7238.46443714335
2449,6446.440185435588
2450,8714.622139297531
2451,6344.628697537518
2452,7808.7081646636825
2453,5506.255964556717
2454,4081.1004107442045
2455,7275.503118736684
2456,6923.53284810807
2457,7993.929988472607
2458,10211.215363240797
2459,9434.661283227068
2460,5302.347977944494
2461,8979.758873847222
2462,4320.483389731757
2463,3992.0657142541886
2464,8633.73604213557
2465,12938.315936107225
2466,8282.816977699262
2467,8257.322392585656
2468,5869.597853033503
2469,7932.850049842897
2470,10048.849966023094
2471,6911.497521334588
2472,8486.446597270671
2473,6014.023547119967
2474,4959.819613883838
2475,6111.794011843984
2476,5722.045340786724
2477,6364.615298459789
2478,5703.448042574439
2479,5673.165531464161
2480,4643.126219270614
2481,7806.627764300683
2482,8723.44615531086
2483,6103.339313579796
2484,6788.099889425962
2485,7240.111192716163
2486,6255.854993910677
2487,5824.53810513844
2488,9295.311508357423
2489,8232.033591128169
2490,5986.339350495047
2491,4356.188489589575
2492,13965.026080631724
2493,6537.6272260490105
2494,6691.9919389239885
2495,9578.5446633024
2496,7700.061850454718
2497,8538.928610316754
2498,6340.833976528604
2499,7877.550753702336
2500,11213.85167902344
2501,16056.017380828098
2502,5941.080561552979
2503,5390.125823685626
2504,5281.851380479042
2505,7054.452583026088
2506,5997.912241996763
2507,8320.370442652453
2508,9971.379849216792
2509,6369.066560434658
2510,4560.058361419446
2511,6168.006461369002
2512,8635.942667829731
2513,5601.849492605484
2514,7916.161240758493
2515,4325.55980190624
2516,7791.765340962882
2517,8753.20942211389
2518,8178.650845213053
2519,9459.762944809632
2520,7292.413266518151
2521,4840.269444821583
2522,6552.480211163898
2523,8530.517218370627
2524,8902.172307678205
2525,8128.763571713021
2526,8030.011101488025
2527,6910.6946979402555
2528,5069.600458745851
2529,10696.529810378457
2530,4763.987116794215
2531,11591.335140831898
2532,6095.760564730775
2533,4796.519696761522
2534,7700.17408892425
2535,6841.4354761198365
2536,7833.9508646600725
2537,9518.182514112768
2538,4579.512938725105
2539,5124.699389686868
2540,8809.329005619004
2541,9697.232107477477
2542,10764.306024012669
2543,5802.4984813816445
2544,6598.66908871977
2545,7808.52496993774
2546,6581.95094187999
2547,6278.6815921194375
2548,10588.781281603893
2549,9335.184905831133
2550,12341.32418594396
2551,4662.37528756968
2552,6807.226322644939
2553,10116.604844781059
2554,8466.579155140627
2555,6349.922636169832
2556,11350.389322388259
2557,7463.676302227418
2558,5975.8659148393945
2559,5536.481363280903
2560,5661.013237421499
2561,5710.457872793539
2562,7385.984979045697
2563,5685.97777296164
2564,5934.338135018225
2565,10543.09154406524
2566,7055.238602143719
2567,22292.670394095334
2568,7315.220276350813
2569,5601.646177210569
2570,10117.310106814828
2571,12086.189325441439
2572,8829.817941983312
2573,9724.665571342826
2574,7136.991041306617
2575,9944.816161930345
2576,10528.720236108635
2577,7321.68583501686
2578,7847.041107113627
2579,9462.67229227623
2580,10824.757101862986
2581,9456.524779697058
2582,10735.063655884283
2583,8216.711585993908
2584,5777.189772091805
2585,8106.9877026863205
2586,13660.044202553212
2587,14172.14104267076
2588,13617.501535015683
2589,12144.667851729058
2590,6197.198281243662
2591,7498.8785395843015
2592,5614.221713179732
2593,10402.689689779256
2594,16387.89882606849
2595,10881.147230866609
2596,8893.330317349823
2597,8776.409546279705
2598,5072.99101796017
2599,8018.574651637595
2600,13825.46359788384
2601,9262.258078042509
2602,6850.70325542008
2603,8090.890518109335
2604,9530.24789391258
2605,5028.969953184302
2606,9917.684989824213
2607,6072.9443373339855
2608,8119.443449943932
2609,9341.616186688745
2610,7228.312650031745
2611,9825.621686640352
2612,9327.910293648425
2613,6164.02532666292
2614,9425.544302954928
2615,9281.771988673028
2616,14998.765798066495
2617,7452.86959778803
2618,11176.333600384487
2619,8069.592475388027
2620,11592.126191636788
2621,9136.63154511116
2622,12765.762397815357
2623,7239.400072988118
2624,6698.062974714066
2625,8604.539031768418
2626,7445.569356633642
2627,12757.380109348342
2628,10668.17395168145
2629,8022.423322795196
2630,9850.820524883857
2631,8448.490355231414
2632,12956.208444658016
2633,5273.326378784778
2634,17696.303711010412
2635,6618.53550875705
2636,7732.449393684107
2637,10808.982991806319
2638,6349.86930495672
2639,9036.462873366147
2640,8384.65891718268
2641,10644.596941782045
2642,7197.899733173047
2643,7576.30955542251
2644,10036.992518311381
2645,9863.073933896902
2646,10040.562872605195
2647,7346.52978524042
2648,9108.706411861624
2649,15744.685781712467
2650,8498.978172763736
2651,5638.035890901088
2652,8713.839340519864
2653,7224.947705551953
2654,8028.799810125597
2655,9622.93317769007
2656,5531.71918457783
2657,11709.293943374418
2658,8044.011392461909
2659,9606.185549736652
2660,8918.426920862505
2661,5785.458129315017
2662,8364.690257309556
2663,7832.596752290935
2664,11557.90390253993
2665,11068.685424899453
2666,6609.194273606412
2667,6003.315155357102
2668,9412.078656108813
2669,7736.248442087343
2670,8162.6596807874785
2671,9297.913881016602
2672,8707.141666335738
2673,9740.08225583432
2674,7542.1467061410585
2675,5945.534929605811
2676,9535.955873865292
2677,9225.929535487894
2678,10115.667457225436
2679,11612.897931026188
2680,11167.748569111689
2681,8050.949153838821
2682,11845.239429492618
2683,8450.731973036902
2684,10666.25478625658
2685,12747.999456767886
2686,9015.022810221457
2687,13735.900527458843
2688,9092.138225054625
2689,11453.934338339088
2690,7697.5453279111025
2691,9392.700008898648
2692,11088.189365004302
2693,9071.295977988191
2694,5100.5629561212645
2695,6819.371345205161
2696,11075.73279880522
2697,8637.094987894028
2698,5851.8627393777415
2699,12642.123176488627
2700,8120.287851785004
2701,6939.197485392493
2702,7501.062197907144
2703,8282.769407366799
2704,10617.991423920632
2705,9478.513470988013
2706,9398.743030131032
2707,7513.689628352038
2708,6854.495674725692
2709,9130.9654824449
2710,5283.409172465764
2711,8726.177835973003
2712,7358.666166078864
2713,11213.063873325025
2714,9385.930904399156
2715,8038.6086016108275
2716,16044.32599464477
2717,7831.619808739826
2718,6257.586408166365
2719,13989.931450964083
2720,9018.588406328472
2721,11595.12992765881
2722,9595.749026410724
2723,6317.684513708713
2724,8212.487002651798
2725,6972.08599192592
2726,10913.511118354985
2727,16487.779441653685
2728,7822.070295595733
2729,4349.062334879436
2730,6285.214533861293
2731,11739.637693369705
2732,12466.760288227817
2733,8943.774588526734
2734,9673.702693521025
2735,6091.365217393457
2736,7007.877781977026
2737,4384.787207411558
2738,6739.047420504421
2739,7752.514558782363
2740,9753.065567377906
2741,9229.811492173363
2742,9420.946661561713
2743,10097.525984336875
2744,11738.198879291973
2745,9913.42154212028
2746,6799.203443907073
2747,12244.640582325805
2748,17091.72946825636
2749,8549.115660867104
2750,9854.726578790356
2751,7239.469349807699
2752,8883.560660218636
2753,6572.311357882105
2754,9728.640301152602
2755,8186.74508821085
2756,11197.49693091166
2757,9246.745286064028
2758,12134.984365835922
2759,10362.964368997764
2760,6859.861970791951
2761,12999.087881443535
2762,23067.532461453477
2763,15184.342456685003
2764,8228.548229766284
2765,4063.880553450521
2766,8182.666787620643
2767,12161.561364484422
2768,6997.6431438771115
2769,14344.07266445644
2770,21028.802548005344
2771,4945.880277467509
2772,7910.753333436917
2773,10518.191225626748
2774,6950.149160749313
2775,11420.81347141371
2776,9529.079809415387
2777,10531.352799169075
2778,4441.732102208586
2779,9061.248634041052
2780,8494.87818660806
2781,9678.278982575814
2782,15364.399048558158
2783,7710.861005591653
2784,7445.412979332775
2785,8561.568825738166
2786,7556.076673836695
2787,6557.60165214578
2788,10153.11757059156
2789,8029.450292000217
2790,8335.972402778645
2791,10602.860864558963
2792,8563.740205484182
2793,7044.658267209665
2794,9638.364959369115
2795,10111.710933622224
2796,11157.029619777762
2797,8963.809581312631
2798,8840.496635203423
2799,6898.090493673342
2800,5162.064982338943
2801,8529.504296491315
2802,8694.350989144494
2803,8591.027453918508
2804,5914.978557836998
2805,12520.820982398982
2806,9931.479468805246
2807,12816.66612819057
2808,8965.677704675287
2809,8090.92309476782
2810,7504.71681912427
2811,5678.283395070307
2812,14468.956015866985
2813,6800.595600716777
2814,9637.985182265349
2815,18624.816178692698
2816,9581.706537645556
2817,8589.910929485182
2818,6434.944308411314
2819,6160.927243103326
2820,9743.247820513934
2821,5313.063328883937
2822,7786.355113675241
2823,12952.680250514972
2824,7090.830964777961
2825,22105.291209763272
2826,17570.004859452645
2827,6328.715470700438
2828,9107.791091226005
2829,6926.237968856694
2830,9064.993645362669
2831,7083.507928518306
2832,14788.470562576324
2833,10547.954430281128
2834,12631.250792449304
2835,5952.260553491036
2836,9454.322771317524
2837,6051.917390820329
2838,10853.609075773835
2839,9154.296842036583
2840,8296.748353758983
2841,8177.336447984292
2842,6899.993647355875
2843,11551.32094615677
2844,12227.352952592813
2845,7452.7716748473995
2846,14570.797599691876
2847,8355.961319921978
2848,12927.53612385244
2849,6647.6467302988185
2850,7131.094066935218
2851,7856.466237701271
2852,15573.173454818245
2853,8474.19059876785
2854,10110.45236371553
2855,9677.072494722403
2856,12515.363873541228
2857,5761.838718639048
2858,10282.072241142314
2859,8968.25550926572
2860,5711.96178828984
2861,18440.462475545977
2862,20234.471511700864
2863,10683.664670074251
2864,10639.091423551623
2865,12689.38523241446
2866,14857.988469153988
2867,14480.706788074434
2868,8060.92846449186
2869,11304.992278839187
2870,8294.934463396123
2871,11063.06690975248
2872,5357.524451876029
2873,8214.928215555055
2874,7585.204479040329
2875,7093.234857254753
2876,9673.637757539133
2877,7098.144712212767
2878,7267.620799865782
2879,9110.850108303786
2880,5030.354182034131
2881,6136.68624282203
2882,7455.06503178371
2883,9422.62651308175
2884,12967.79965414684
2885,11255.481984984717
2886,8760.719222710184
2887,8185.437526695423
2888,8251.968024770036
2889,14627.953117170991
2890,9959.531028432244
2891,8187.838786392215
2892,6441.605003272429
2893,10911.857909060485
2894,5702.359894563205
2895,9701.049486633261
2896,4815.59159538648
2897,7350.895763067066
2898,10962.536908711758
2899,8110.839688905972
2900,7188.168052953232
2901,11533.874463794293
2902,12772.374233533461
2903,14618.938886701477
2904,8060.743747352864
2905,12137.567500736151
2906,4419.544388644162
2907,7215.3041782727705
2908,8485.621988351008
2909,5892.180990729723
2910,9732.579563241101
2911,7549.867424954172
2912,6755.799625265177
2913,11799.715528159913
2914,14338.121650842333
2915,10282.18017109156
2916,6857.822620942744
2917,7265.927732185031
2918,11085.769985328368
2919,9255.765931941121
2920,8171.796674717495
2921,7117.305909903956
2922,9062.388774431005
2923,13242.367107681872
2924,5993.3922382676
2925,8960.553594897307
2926,11146.72587510799
2927,11677.523577942475
2928,17022.30997483042
2929,6942.528350132867
2930,17234.407013212123
2931,9021.030058050532
2932,6695.162999639815
2933,4970.044898395897
2934,8296.082385132311
2935,8393.892443936265
2936,8001.545466963331
2937,9087.723167108037
2938,6524.69030967621
2939,6471.616998603925
2940,9465.946513616607
2941,4854.014967224348
2942,9360.816432288713
2943,9504.637609221027
2944,10407.159383457534
2945,12366.608062191965
2946,7662.690834216449
2947,11687.517012984132
2948,7801.5015071123935
2949,7100.086889068161
2950,7110.570043347343
2951,6917.8548590907185
2952,13938.928225675825
2953,8799.724958262157
2954,6317.716298842524
2955,10249.26336020372
2956,11187.216191338068
2957,10169.11456170812
2958,9090.022328542971
2959,11230.228883017708
2960,6830.893836752086
2961,6199.888749762543
2962,8532.706683793758
2963,11072.817520271625
2964,8908.857075092948
2965,8751.947884644618
2966,8376.552729844907
2967,7254.448743682172
2968,5201.8791550792575
2969,6517.52581228059
2970,10709.70985317439
2971,11114.354584900024
2972,14184.707642225841
2973,15174.394813017729
2974,10596.399469604869
2975,7165.437190580206
2976,6436.800699360253
2977,13696.225375172644
2978,15236.224467734784
2979,11027.693622031271
2980,11321.776562649871
2981,11618.555279588307
2982,7332.364761635667
2983,5756.219423964462
2984,13226.485662595365
2985,10129.637182756722
2986,9415.263940598557
2987,7794.6187388551525
2988,4572.030158549058
2989,15613.948484219687
2990,7499.594806842452
2991,7781.877653416532
2992,6064.98117154672
2993,7004.021072975004
2994,8840.27481708113
2995,12756.194964902532
2996,8122.007001601781
2997,6389.991371289245
2998,6603.541891815619
2999,5937.124661185999
3000,3963.4919793903478
3001,9614.025241208652
3002,21683.789261197166
3003,6133.789020952012
3004,7262.532360797685
3005,9277.217274234526
3006,7407.627857378428
3007,7744.767387120607
3008,6392.959189551882
3009,6167.898687400571
3010,10440.447317770548
3011,9444.917348033741
3012,5492.168388991515
3013,12215.819103424757
3014,9235.317202816275
3015,6297.530678872017
3016,11260.602467225553
3017,11135.273561054175
3018,12346.44506035083
3019,8502.256156045512
3020,9767.576168920958
3021,6230.244441604298
3022,7017.959391892622
3023,18650.614193970236
3024,13583.069945620902
3025,8289.874184226393
3026,7990.160114200486
3027,6670.573210544154
3028,7217.222277683704
3029,6154.397902397302
3030,12243.70305049187
3031,6442.868121017958
3032,7486.310327782826
3033,9427.130905553264
3034,6231.029655015636
3035,8441.305997759595
3036,9461.034566002854
3037,10593.396531012411
3038,9584.026748643422
3039,6462.437606519372
3040,6925.788793182262
3041,9420.623203527646
3042,12993.102414001703
3043,11094.610337272446
3044,9273.090369411191
3045,6581.869271350376
3046,9970.790418309287
3047,7612.823043380609
3048,5933.190629806155
3049,9865.23346463047
3050,10075.24803996767
3051,8925.391865276146
3052,8474.568109647182
3053,9081.627387360337
3054,8661.948058786327
3055,7566.386520027032
3056,8919.968110556842
3057,8543.708704808007
3058,9731.827071124257
3059,11634.238396032242
3060,7517.096903387855
3061,6800.365473526766
3062,16120.100796388175
3063,8199.49468444836
3064,4596.991177337434
3065,10168.66945324622
3066,11894.115326207924
3067,14130.956601949625
3068,5982.406115902415
3069,7827.162578547817
3070,7782.384827515627
3071,9542.997038731066
3072,8050.030061921858
3073,12606.040958174372
3074,4176.340372749269
3075,9530.599912663312
3076,8439.702623361534
3077,8288.530311764656
3078,7241.025551055605
3079,9282.638849412722
3080,12847.220816748206
3081,7583.989656573631
3082,11353.772600664182
3083,9524.732352757457
3084,12562.384924889515
3085,5854.577767683186
3086,8563.034030074523
3087,8249.809851175667
3088,10402.54698475199
3089,11803.182494521596
3090,5925.462193543747
3091,9579.39128148871
3092,10143.88432612661
3093,10708.715719708673
3094,5692.632835359269
3095,4960.7247088852055
3096,11889.4481696208
3097,9272.245137934045
3098,11424.012915429958
3099,9719.990995407425
3100,7353.655766680606
3101,10846.492996777075
3102,9881.893503967953
3103,10974.432588197495
3104,9637.036321179585
3105,8775.342074943244
3106,11130.436651905287
3107,15359.35833098708
3108,9525.079951533615
3109,6784.826043053301
3110,8632.605281247792
3111,5513.3722977977595
3112,4684.382043712981
3113,11790.905639290546
3114,7165.84391441933
3115,12182.308275903408
3116,6743.436051816632
3117,9730.838771467737
3118,8272.67698399829
3119,12425.654218247257
3120,6473.004969661113
3121,7287.656432440524
3122,8368.535506001635
3123,9362.105935536272
3124,6265.321497891316
3125,9264.536182144027
3126,9011.364606264837
3127,12462.31438083748
3128,9924.347237297477
3129,9322.06522450669
3130,7142.210484675625
3131,6281.916275979455
3132,6457.649968306583
3133,15376.154889766116
3134,12646.577782928134
3135,8141.341634050119
3136,17369.227342836315
3137,7889.4415586425785
3138,6888.410403291449
3139,8770.889248523868
3140,11041.596156337728
3141,14683.405251009739
3142,9292.983537870321
3143,10922.61870895247
3144,11485.425346435411
3145,9463.003067762693
3146,9074.298728175409
3147,8059.818685315837
3148,7494.616151020966
3149,6962.6051855429705
3150,5760.9216998218635
3151,8213.518503386493
3152,11778.127252148817
3153,20221.4038961569
3154,9299.968743800018
3155,6643.79421410811
3156,10191.843162248331
3157,5808.199836184972
3158,8144.925678463109
3159,5068.346653483906
3160,11270.873614514423
3161,8720.395706502966
3162,8716.405244006202
3163,18448.05349976441
3164,13914.626016606457
3165,7684.815539483286
3166,8680.209710730693
3167,5070.38814248937
3168,6714.102508140798
3169,6975.1360129380755
3170,11595.314172490831
3171,6780.229430684421
3172,5712.099927313553
3173,7717.049420590109
3174,7235.606656398402
3175,9713.719941744355
3176,10152.26546037948
3177,4159.207347535703
3178,9609.14690818524
3179,10997.843031147755
3180,11661.750061742807
3181,7983.308260086047
3182,6657.750401688535
3183,10803.840293147745
3184,5946.949095103207
3185,12806.932001947749
3186,6466.162354893365
3187,7198.595064501106
3188,8885.538901735654
3189,8364.588276637887
3190,6068.736068591175
3191,8486.977970217633
3192,10075.084123551009
3193,12474.69874445838
3194,13940.83217116325
3195,7454.437414875624
3196,5143.612812337413
3197,7397.650652157696
3198,8446.65279156127
3199,6552.841708278598
3200,9672.388824213462
3201,7365.2665183622275
3202,14245.622059268813
3203,10260.162216907347
3204,7930.878122808302
3205,9986.757078853247
3206,6005.914929713606
3207,12248.130808155758
3208,7640.666238421322
3209,17216.930259189987
3210,8372.546963699646
3211,7514.854167156799
3212,7811.917429331175
3213,5173.390800104019
3214,10007.623054611346
3215,23607.336687782194
3216,6454.372309437582
3217,6150.69009457108
3218,13240.51656772451
3219,8257.241922001953
3220,10282.706840334637
3221,10464.791471262408
3222,9198.561564410384
3223,6632.274237031478
3224,6474.5141398283495
3225,12281.49871696288
3226,8376.938195959034
3227,9187.400497225703
3228,9617.054963207176
3229,6280.95952345725
3230,9177.362703675077
3231,7901.251505745204
3232,4864.359492512397
3233,11302.739460169174
3234,11294.392633539435
3235,5830.498603147342
3236,9834.872549545245
3237,9304.781185663704
3238,6238.478409689939
3239,12506.33562004885
3240,8257.065181400534
3241,9749.617393138176
3242,6195.354519906876
3243,7255.583270095474
3244,8132.945777421155
3245,5653.803205759331
3246,10125.415309328317
3247,6360.98969132151
3248,7911.626661948295
3249,6706.817083609333
3250,8467.138539118881
3251,7872.1676634512105
3252,8949.283734251325
3253,9799.74777624975
3254,10381.816367019996
3255,7926.663664138854
3256,9191.775698479905
3257,7558.910231019585
3258,11574.916121005772
3259,12342.792003633125
3260,8251.913086956116
3261,4062.920642308741
3262,7563.147407675324
3263,10069.631886140942
3264,5373.174675104307
3265,14956.777476645197
3266,7836.554799130534
3267,9510.335852054055
3268,13984.973764748858
3269,7814.7387310628155
3270,6641.208477192036
3271,15317.230355373034
3272,13000.671574416288
3273,7069.199037600859
3274,11711.455142032402
3275,12989.328896526893
3276,7864.853545294136
3277,6709.159001607399
3278,9514.92901236795
3279,7758.166418778503
3280,7133.60145512199
3281,9296.703385101646
3282,6646.557123259599
3283,7825.583450818784
3284,10346.007002054985
3285,9471.263432381525
3286,12083.625756369274
3287,7382.956019715447
3288,8470.932397146213
3289,4813.0295591326585
3290,9511.840545795221
3291,9380.26338950706
3292,7927.325756925629
3293,8552.137367787216
3294,9848.020674435007
3295,12200.434216805188
3296,7964.5761353434245
3297,6914.48279918798
3298,8350.51256575946
3299,8946.806730394597
3300,8772.833021567832
3301,5778.10474782404
3302,5803.733302197796
3303,9243.807649929804
3304,8277.744230090466
3305,7981.611244792989
3306,10839.472773099189
3307,7952.993878291671
3308,9454.382840171087
3309,6947.075207490201
3310,5014.452584957093
3311,9315.10002105912
3312,8529.930993610116
3313,10139.858750173595
3314,12183.153305169555
3315,11379.845596497753
3316,6214.1634175315585
3317,10890.942139664434
3318,4787.020914112686
3319,4697.746137022427
3320,10584.123456687674
3321,14723.995595446695
3322,9901.29602917905
3323,10421.978948791624
3324,7593.06818448628
3325,9971.959082105128
3326,12390.219131594484
3327,8638.079362562536
3328,10395.382665982264
3329,7278.160955186505
3330,5763.360378132468
3331,7159.517666299967
3332,6819.984445718282
3333,7791.198555649762
3334,7448.532552683011
3335,7523.962638186076
3336,5564.248146797337
3337,9020.30884357481
3338,10731.245134467339
3339,7761.086089457698
3340,7938.078120625222
3341,9291.243931163188
3342,7567.090163779165
3343,6759.947835306304
3344,12104.684019637423
3345,9727.950988441238
3346,7693.887524442822
3347,5558.884606032972
3348,16274.881894276656
3349,8333.284588038488
3350,8546.734908133514
3351,13161.540030553504
3352,8924.327594619288
3353,10737.879952967707
3354,7874.85973353912
3355,9133.711610632561
3356,13390.998928005281
3357,19128.77530640033
3358,7681.224134596773
3359,7271.359846823122
3360,6647.9654103497605
3361,8381.999926374781
3362,7903.885809424776
3363,9603.326897254266
3364,12425.347128480786
3365,7723.591558427387
3366,5704.057498755507
3367,7722.985007118494
3368,10240.606586312657
3369,6950.884687860961
3370,10361.247441614296
3371,4952.572419468233
3372,9848.192466036095
3373,10314.348793898527
3374,10142.474310907883
3375,11615.506786501164
3376,9008.710056954724
3377,6356.548862880373
3378,8175.538829621285
3379,10070.261979445253
3380,10779.45317033102
3381,9860.547893108625
3382,10173.380526177843
3383,8717.98503023824
3384,6422.773239045984
3385,12345.06013791928
3386,5518.296925482384
3387,13762.120885471473
3388,7785.482541663261
3389,6086.242227291573
3390,9528.708427504322
3391,7826.454232866306
3392,9502.42197620406
3393,11315.437245362371
3394,5475.308916087502
3395,6440.508164733091
3396,11139.952041818713
3397,11842.492166134394
3398,12809.348785789989
3399,7081.563322263706
3400,7482.34645094749
3401,9584.518453086446
3402,8272.800829472139
3403,7674.35009037146
3404,13400.270407350896
3405,11617.201820230237
3406,14231.415203826182
3407,5983.570272629993
3408,8290.933515167193
3409,11737.337117381328
3410,10433.981387227732
3411,7877.440979362046
3412,15148.022964841835
3413,8753.525917848114
3414,7596.666415350865
3415,6990.401414244777
3416,7560.610678386885
3417,6882.263964221624
3418,8941.694589733776
3419,7351.774132983683
3420,7661.004191305254
3421,14044.88256828231
3422,8299.28826337676
3423,24680.205905262028
3424,9068.666320617882
3425,5217.60130957996
3426,5605.0850271333275
3427,3407.608935808517
3428,2566.798934572234
3429,5738.038903562858
3430,4931.23859345689
3431,4413.540305850872
3432,5830.34689143638
3433,4938.978730393116
3434,3402.019136753701
3435,8152.829574118445
3436,4893.289484965135
3437,3755.8320681885634
3438,6786.9542915264265
3439,4877.418420242493
3440,3885.5889819322847
3441,5013.837361153579
3442,5357.291106484181
3443,11800.842540295647
3444,5028.854301950269
3445,10954.763343069239
3446,3396.8331569775537
3447,5771.250457966598
3448,2963.6510009213735
3449,5079.177239639405
3450,7973.299596228003
3451,7940.244775751814
3452,7169.18651152179
3453,3294.6017222720607
3454,5235.692730634248
3455,7144.118568145309
3456,8960.491983269538
3457,7018.087941987071
3458,5605.145787825731
3459,5242.230997394984
3460,5571.060376873294
3461,2819.905768318923
3462,8372.88576746566
3463,4090.252543985143
3464,6222.3688442744115
3465,7894.0135807976585
3466,2262.208704686958
3467,8913.55086957149
3468,4586.035141483103
3469,4305.023029596593
3470,4527.312999255059
3471,10486.3437130646
3472,10764.226422310006
3473,6806.20116835897
3474,5097.553608848596
3475,7565.824925121196
3476,7726.919475139474
3477,7166.278038065737
3478,4184.757735864918
3479,2479.6565601393045
3480,2586.8075928336843
3481,4739.456402359802
3482,5343.912859505551
3483,6917.513525156517
3484,9556.627724040947
3485,4222.366363125193
3486,9400.71481696885
3487,8750.362550055335
3488,3394.837391412511
3489,3592.8789248131925
3490,11082.850264413557
3491,4084.155785968309
3492,4870.848806647193
3493,5207.272676451947
3494,4552.495749669596
3495,6616.271204003579
3496,3096.0943379554415
3497,8119.729876799188
3498,4853.842749261496
3499,5999.609362910496
3500,8062.821874091103
3501,8529.06518855422
3502,7249.100148507682
3503,3559.4586325931787
3504,7453.760904473919
3505,13747.064843177275
3506,4825.021387038542
3507,2616.8599198026086
3508,7825.048308079025
3509,5865.388789782138
3510,7774.057391143177
3511,10402.481013291768
3512,2360.4628932360724
3513,9203.99152974715
3514,4675.188327421626
3515,8388.862402327115
3516,3073.7313535447174
3517,3048.9496321483452
3518,5082.8126631089035
3519,5215.410080239562
3520,10092.122235196217
3521,5725.725220895295
3522,5731.943224077084
3523,4504.603587189313
3524,7710.51350390175
3525,7539.270955506834
3526,3368.4834603790173
3527,4833.823973411945
3528,4875.179753434026
3529,5933.9222188582025
3530,5569.109298279138
3531,3497.541900435979
3532,6218.182849603938
3533,4543.679228111764
3534,4577.777310779506
3535,8711.272988415678
3536,6545.684968611341
3537,5003.229652999424
3538,6358.832766243136
3539,3381.8112221871443
3540,4598.991496663386
3541,5923.432432968891
3542,9702.527608106702
3543,6783.016755027151
3544,7137.367408724553
3545,8603.883950123362
3546,4902.992607475538
3547,6452.4536267183
3548,8393.69044336674
3549,3956.8906937980605
3550,3303.9031934150285
3551,4337.083634929529
3552,5382.422447155577
3553,7741.853413895082
3554,3678.991231134948
3555,3981.563168082328
3556,7757.529589193481
3557,6011.064661250787
3558,7603.485540415877
3559,3210.6937746814697
3560,7325.55255785004
3561,9124.28622735196
3562,3230.173329164017
3563,6393.757645257267
3564,3608.243492651823
3565,6735.881606602185
3566,3387.1645946901444
3567,3380.1493244466383
3568,5279.713981041319
3569,7119.534342094151
3570,7144.764428841509
3571,8016.803079811006
3572,7651.686589932909
3573,4138.983794189621
3574,5429.505580505003
3575,12314.641135023552
3576,8188.988511816998
3577,7420.382988930942
3578,6486.198047280146
3579,6063.531883645499
3580,6965.081912252389
3581,4928.711943977508
3582,5705.1610040631695
3583,8959.195645085862
3584,2187.184583276544
3585,3319.9422432764854
3586,3036.9219306872747
3587,6800.686221801636
3588,8615.451571467596
3589,6680.315554432259
3590,8828.282993601695
3591,5069.593718656694
3592,2486.790472422574
3593,1971.7618456011235
3594,3620.9766478959637
3595,5346.483394977607
3596,7969.447164911156
3597,6487.083156875647
3598,4527.1598026885085
3599,7358.224424312171
3600,5388.965505456004
3601,7753.715203655163
3602,4565.843970186302
3603,7882.217984151172
3604,11003.024959421327
3605,3293.9129186460455
3606,5458.400615933086
3607,5327.914392159869
3608,7855.1409747565
3609,3581.9013346031825
3610,7184.912638146864
3611,5090.168395724481
3612,5921.254907110085
3613,8003.365265114641
3614,6042.444245137378
3615,4399.983338335261
3616,4207.131199740116
3617,7180.561094206042
3618,23692.867315658492
3619,8897.03886643459
3620,3076.375435075242
3621,3953.963294931356
3622,7007.619605776704
3623,7252.245244744224
3624,4272.324583730747
3625,17841.27919866399
3626,30478.058640317366
3627,4140.350249176351
3628,3059.208838398064
3629,9183.169242354084
3630,3135.7175877563564
3631,3816.279479870371
3632,3353.6464393618253
3633,6520.945510127382
3634,7900.54817651739
3635,8128.982670843419
3636,5277.4486861163405
3637,5429.024524579722
3638,6137.116427522124
3639,5655.357004508558
3640,6089.643739046101
3641,7915.885387265122
3642,6761.2050975595075
3643,7222.815249909097
3644,8021.979820164068
3645,5915.065178954214
3646,6698.334019612654
3647,6301.722371520488
3648,3444.4795502746206
3649,4830.86037724609
3650,5718.396390186452
3651,6478.5412660619795
3652,7364.42499835868
3653,4173.370359334688
3654,6713.4359230485215
3655,4349.449193879225
3656,4206.212046163145
3657,3430.027232429819
3658,5678.1078194501615
3659,6169.223147353058
3660,3228.3239334667664
3661,5301.223173240537
3662,8044.701953954257
3663,2719.547859284304
3664,5471.311934279486
3665,4405.8810385389015
3666,3200.5356192686427
3667,2157.7767845876842
3668,9699.982406658162
3669,5999.976075073776
3670,4311.301876779131
3671,12831.703783196235
3672,8120.033809010976
3673,3973.2858223359926
3674,5206.894425605765
3675,2848.039266471852
3676,5721.126021187318
3677,4247.551326388732
3678,3370.2702083423533
3679,8901.961625539738
3680,5738.728245826863
3681,8515.797218504631
3682,11324.423427364578
3683,6223.529930168815
3684,5514.039271254295
3685,4685.4091160207945
3686,4370.614353808948
3687,4345.187627239349
3688,11296.312812447395
3689,9113.07406405192
3690,3569.7744930864937
3691,3481.643766968014
3692,5685.317714313553
3693,5239.0811281265005
3694,4674.915190423958
3695,8633.165888023264
3696,4412.2232907118805
3697,7941.879958669608
3698,9188.778961277767
3699,7282.567877371647
3700,4296.031610704938
3701,6790.980396214643
3702,9510.566603495474
3703,8509.384482376812
3704,8899.971959651934
3705,3562.2787935296533
3706,6686.417204061677
3707,4001.9556256871006
3708,7253.290245962705
3709,8033.530564172956
3710,8762.312168131393
3711,8531.038583599871
3712,6562.831468493305
3713,5174.0804276888675
3714,5418.133777316095
3715,4427.159092243197
3716,3395.6575166249218
3717,12947.018636237088
3718,19031.130799736737
3719,9928.306069409116
3720,6982.383724609487
3721,6041.29984520178
3722,9377.20820184891
3723,8353.859054183207
3724,2618.74091537887
3725,6346.643713422846
3726,5733.85415658381
3727,7033.611833087794
3728,2662.1520204398785
3729,3703.7285052001157
3730,6300.087287981652
3731,4710.382091735705
3732,5151.687635818975
3733,3255.227047569986
3734,2947.753540992553
3735,6845.016878979534
3736,3721.52441363387
3737,5703.619331751812
3738,6614.033071650998
3739,5575.384601648185
3740,7168.310346411971
3741,9233.933711958933
3742,5452.415438060863
3743,7639.75785631882
3744,6443.857789183068
3745,9940.892216948472
3746,4745.858582561491
3747,2638.603593382986
3748,5611.339605605582
3749,8720.308510368355
3750,4281.2011230160315
3751,9209.533368409073
3752,2640.1625633736353
3753,4396.588935499659
3754,6503.724810593257
3755,6823.844712994343
3756,5227.039326570465
3757,7059.776890596694
3758,9380.330998600812
3759,9697.443263521498
3760,1635.1065691120102
3761,11226.21743858607
3762,2389.612462901355
3763,4073.041146127515
3764,7674.88423994226
3765,4614.228918898863
3766,6955.742451704852
3767,2711.4111353228304
3768,4236.17029005282
3769,3682.812631659951
3770,8042.865926359306
3771,8041.204132605165
3772,5052.052594804042
3773,2294.869053710912
3774,4163.02236365363
3775,10228.36831425884
3776,3973.2753687020386
3777,5567.387258111815
3778,11495.899991797902
3779,3478.146483909074
3780,5111.396547209559
3781,4106.235506605242
3782,8408.736382046645
3783,3468.008107543159
3784,11783.352949336613
3785,8187.8043051606155
3786,13106.531295686187
3787,8387.903962829545
3788,4848.240363872294
3789,2399.8358250455713
3790,5858.096559928767
3791,6848.536950870843
3792,5455.381706634656
3793,5904.818955963576
3794,6420.543539698004
3795,3365.8563408928
3796,8328.263881880812
3797,3073.5497566229205
3798,5747.487978090965
3799,8546.014465302149
3800,6273.860546075448
3801,6904.570574638833
3802,4731.890895907966
3803,5365.724944735599
3804,7869.559898299878
3805,7231.258715980692
3806,6864.039211476587
3807,3298.494368096712
3808,10048.991541521076
3809,7848.154984262324
3810,4238.428665460623
3811,5623.144303309592
3812,4272.05406049178
3813,5821.869168497378
3814,3354.9651920081124
3815,3408.814299412353
3816,5592.91344687815
3817,7803.015686434502
3818,5645.707937523157
3819,8304.600957017086
3820,3714.143036766578
3821,2661.6275933529537
3822,5685.482435395755
3823,5696.28501997402
3824,2999.290494719229
3825,4676.2906643037395
3826,6625.713841735185
3827,2300.8814224540174
3828,12235.048528870944
3829,7547.332742432325
3830,7334.731242976123
3831,4996.053589212951
3832,4572.155046949529
3833,10937.384283866792
3834,6859.633277099963
3835,9325.47880152281
3836,4025.667519261866
3837,3521.187525938593
3838,4646.3204354642385
3839,2483.578512594308
3840,12450.326240861395
3841,6368.1387955751925
3842,5480.093693384683
3843,4825.9956674099085
3844,1606.296756723418
3845,7195.492854861881
3846,6201.3532312403395
3847,4257.712810576276
3848,4223.295749197486
3849,5661.984913606378
3850,4692.189377821765
3851,4502.815999273047
3852,14088.315100308966
3853,4372.948939983842
3854,4695.531975759034
3855,4290.2940809431875
3856,2781.2760577169583
3857,7231.060977731011
3858,20794.865701909366
3859,4495.38937114978
3860,6495.552992547993
3861,4535.987544475812
3862,4438.945921528323
3863,3680.5218383939305
3864,6574.89260954181
3865,2697.7505372645633
3866,11146.347777831203
3867,7092.913428469598
3868,2508.154852611766
3869,7525.599418055027
3870,2835.7724548605383
3871,3639.8929878791623
3872,5667.2966059491855
3873,6194.44211149819
3874,8786.182758622632
3875,2214.225877413048
3876,6458.329386908087
3877,4777.085265992818
3878,3960.2360980830995
3879,15972.600689471241
3880,10136.318480548063
3881,5266.664178658246
3882,3084.9193492325217
3883,6055.364194565858
3884,4507.426278781311
3885,2664.043014848059
3886,5896.609471179039
3887,4559.642532093581
3888,6559.994390269703
3889,8297.988528262922
3890,4883.484283373022
3891,4776.7527214894035
3892,6621.2051588163
3893,6952.336931184045
3894,8943.727251894312
3895,3181.7079788924666
3896,5368.90150484043
3897,8399.875669660785
3898,9727.874443147679
3899,3697.2103830973483
3900,8472.571389701367
3901,2309.765943198298
3902,8549.843794051281
3903,4986.73984842092
3904,3001.9284785122536
3905,5859.6101499166625
3906,4621.480896491987
3907,4209.843411372792
3908,7279.897195477579
3909,3727.0527044885625
3910,7370.729330285712
3911,5773.892700812913
3912,7647.004271830896
3913,9615.68838541919
3914,5541.947621296537
3915,5747.628465462366
3916,6461.688802371711
3917,2697.7051690026124
3918,11738.200580858993
3919,2631.9234819142926
3920,4171.469641116659
3921,4959.806752694572
3922,9162.689583464757
3923,9982.711367836182
3924,4123.245452308231
3925,3157.8955661416635
3926,6387.745384882361
3927,6596.9170788943275
3928,4602.71081568307
3929,7938.783610306152
3930,3523.483637679121
3931,5302.708466544005
3932,4119.6342783048385
3933,3873.0068841340108
3934,2815.6450846131575
3935,8714.059919409898
3936,5868.0218800085595
3937,4164.907439677156
3938,3626.2090315181813
3939,9610.302114885248
3940,6247.249288470939
3941,4585.665206832581
3942,5748.43096528954
3943,4893.352993662472
3944,8960.596175873708
3945,3338.8100093897924
3946,2076.8860510915574
3947,13741.292451259249
3948,6877.821000428511
3949,10301.001063450465
3950,6146.117147176927
3951,2565.5522529437044
3952,10073.897020152765
3953,3444.9779983939675
3954,6942.922872762682
3955,7839.067084868888
3956,4935.977587394175
3957,6155.931770397163
3958,4309.61044177365
3959,5304.797610962321
3960,5207.744266033012
3961,2538.1943954182107
3962,5242.03319442679
3963,10527.089777743151
3964,4406.863559828649
3965,2654.566144575025
3966,5277.6975554764595
3967,3405.104689191535
3968,2208.365560924657
3969,4500.4775151383
3970,6054.48696470249
3971,2893.0548420994796
3972,3753.2297532139846
3973,7707.753761192658
3974,4490.212083452547
3975,9221.221989572621
3976,4466.585897835665
3977,6753.667584440092
3978,4036.7860041810322
3979,4605.459341591128
3980,6452.368387535801
3981,5138.020173724012
3982,5571.915153007072
3983,9690.53754847724
3984,9423.030672658191
3985,7080.30761705868
3986,5015.962305801316
3987,2995.187451808254
3988,6025.54576433258
3989,9305.781392293628
3990,4052.4217229873866
3991,2910.4169785124577
3992,17097.522064828318
3993,3458.5863650164506
3994,5572.7883879195715
3995,3600.9031164152198
3996,6861.132694404053
3997,8660.229287726792
3998,8064.6257624999325
3999,8149.657583442707
4000,7155.3333189359355
4001,7756.034413216978
4002,5955.739067594904
4003,5988.432273835903
4004,2074.5799289647002
4005,5173.752453420963
4006,3318.345457336754
4007,2833.229745157841
4008,5741.635371813839
4009,18386.72389239745
4010,4662.125262706371
4011,2721.9936302639867
4012,6144.130094696768
4013,4971.267209170557
4014,5427.4595141686805
4015,1945.3762864896462
4016,3459.0438411596083
4017,6680.148034754518
4018,2921.8239641865966
4019,10427.32455807362
4020,12719.092403945371
4021,3023.64213871956
4022,5624.124717084701
4023,4223.132521199435
4024,4386.593402821471
4025,3816.883460504909
4026,7067.7382713025045
4027,3744.766100380245
4028,4573.196895278113
4029,4359.599639846098
4030,6149.314945564732
4031,5437.014537703533
4032,7254.254686379288
4033,2772.2233127357404
4034,8862.956118392633
4035,6288.325696577193
4036,7207.117747298748
4037,3398.121604088419
4038,3629.365134350705
4039,4879.700824922646
4040,3730.467352549797
4041,9251.018435782686
4042,4622.269044194544
4043,2719.0878734076896
4044,6339.1539471875985
4045,5033.977037615341
4046,6605.011267716066
4047,4831.341303917463
4048,8194.73366575863
4049,10573.711680160588
4050,4085.9086867872197
4051,5571.50737513911
4052,3432.033845702342
4053,4634.611309857174
4054,3483.1295598669885
4055,4075.48466716691
4056,5125.717166795485
4057,4317.167411300029
4058,11175.152550362893
4059,5359.45468239442
4060,2984.6238978810943
4061,6183.379277549602
4062,4434.185401317203
4063,4535.77027285067
4064,6567.127584152432
4065,9360.807207765274
4066,7759.286017792298
4067,4533.7023589901155
4068,3609.8431629347124
4069,1629.930825300329
4070,4856.0059393223855
4071,25599.199525506967
4072,2060.635403340352
4073,5309.540614258653
4074,3222.916221174052
4075,8462.859619629937
4076,5098.822444199237
4077,7030.379710606645
4078,6079.83204526878
4079,6452.6285334997165
4080,3002.221711632563
4081,5139.311325769858
4082,3550.1705377603757
4083,6850.49410572796
4084,10704.225915177361
4085,4056.3988941247776
4086,7941.936350491295
4087,6446.910681111541
4088,4035.5495340804487
4089,3912.6080228390356
4090,2375.6337902443097
4091,2625.091050519582
4092,8952.57236613034
4093,8540.774761931878
4094,2284.1741847415633
4095,9548.718489799106
4096,7464.223181607582
4097,3993.053502284423
4098,5058.069270377769
4099,3578.5653366033425
4100,3622.2148970674857
4101,4046.757871271856
4102,5742.489968315572
4103,2361.4938689098135
4104,5674.687590180551
4105,3099.592195135707
4106,4995.406141993489
4107,4888.340423864239
4108,3749.899908714101
4109,7618.3448809666315
4110,7731.480843326115
4111,4693.354581198679
4112,4608.656870357325
4113,5512.66148349622
4114,3585.307261694531
4115,7040.484218776217
4116,6452.585855193783
4117,5059.516083399744
4118,5068.9249073546935
4119,5227.557545898121
4120,4458.561765504994
4121,12061.287652536734
4122,6383.124388987632
4123,3125.49359377781
4124,9538.832377202136
4125,5800.4734971887
4126,2123.4792795535236
4127,7973.0995683591145
4128,7495.027652479796
4129,7203.3408343481815
4130,4979.533463929774
4131,6909.019248685456
4132,7660.765435684906
4133,4516.105188135032
4134,4924.3153075611945
4135,3091.252470162663
4136,5477.128406954466
4137,9333.880637678752
4138,2774.82752609294
4139,10039.728995729185
4140,8264.346910578424
4141,5229.179198197375
4142,7383.494117200481
4143,3920.751954964958
4144,7192.547585975201
4145,1614.0748896528225
4146,4739.2806163711775
4147,4945.374739783386
4148,2294.432273749171
4149,6999.446109675179
4150,8347.1705482519
4151,6751.160644175413
4152,6948.24289243507
4153,3662.170087567974
4154,6012.134259928244
4155,7440.0981577152415
4156,7868.502092422538
4157,2583.7918661251124
4158,2540.0518400713772
4159,5690.443970151447
4160,11822.494312560966
4161,3196.2235393298597
4162,7968.9920729198675
4163,7099.2131148399685
4164,7287.400726817924
4165,4059.9819335881425
4166,1722.5123657747527
4167,7358.515187694568
4168,5967.279501827254
4169,7824.637751563535
4170,8613.945439588302
4171,4251.636239764931
4172,3744.251972418356
4173,3344.591632040982
4174,2478.754220998054
4175,1217.505897993003
4176,6381.8979856295755
4177,9557.876884396535
4178,4424.4035797536
4179,5957.4710118077965
4180,2926.775423854731
4181,6135.394646690103
4182,7511.138631829062
4183,6625.7419410388275
4184,6849.609246848997
4185,3412.319985253365
4186,3887.3477288183576
4187,3528.526491533141
4188,6318.005537072363
4189,3428.0026773856516
4190,2496.895258230239
4191,3614.404634316477
4192,3624.2089114729924
4193,6151.225038254806
4194,4899.479110067758
4195,4880.438298662164
4196,5208.015101973165
4197,8942.92082834754
4198,3631.7852559015428
4199,3958.480094209816
4200,7038.834514702433
4201,5050.273276309316
4202,6478.443846540503
4203,1973.9326658568596
4204,5083.1123543654585
4205,5140.762217809302
4206,3957.6091101027982
4207,5824.898481738963
4208,5641.580442779944
4209,6679.9786281477745
4210,6632.265193853664
4211,6189.241300001234
4212,6189.068562142965
4213,10205.85203869835
4214,3470.367116812676
4215,3256.9472389559055
4216,5616.990267267472
4217,5669.678936644957
4218,5533.393869424026
4219,4781.514327062312
4220,3748.8450501471416
4221,6953.811131501849
4222,3017.651622009249
4223,7562.135903253951
4224,3335.0734819821973
4225,3588.5965565277625
4226,8309.080425464064
4227,2950.445779224486
4228,6545.781661109445
4229,7925.053185066045
4230,5286.639737223069
4231,3746.7442575514715
4232,2927.999578582887
4233,5551.694783566392
4234,6641.828850055277
4235,4963.185339767109
4236,6920.545290140593
4237,5349.741604975663
4238,8721.17537985207
4239,5490.809061011955
4240,3552.0550149995224
4241,7153.297785019484
4242,3073.9122171494564
4243,11248.770947959287
4244,5713.650380384844
4245,4916.130879496135
4246,9292.96159306934
4247,4712.177729463424
4248,4593.707482570895
4249,6143.966784068473
4250,2976.591575441067
4251,2822.5765975971453
4252,7702.198501068654
4253,3341.5386536013657
4254,10274.947664093621
4255,6581.921587768945
4256,5182.144726720383
4257,3204.402680725997
4258,6170.4149272023815
4259,3005.610008167439
4260,11064.474298017485
4261,4125.325199604583
4262,12946.888246299488
4263,5535.776681714239
4264,4221.525628542411
4265,13497.018354980164
4266,4443.816123478366
4267,3155.1809024114896
4268,8446.528743791456
4269,7243.512272896558
4270,4966.3806834421575
4271,5939.418318292698
4272,4481.774000038153
4273,2425.1907842453184
4274,4224.057874190548
4275,3691.3701280597115
4276,2501.1300800256663
4277,8328.421111763435
4278,5440.192481668484
4279,27742.008346010403
4280,7027.730510201005
4281,4740.901846782086
4282,4409.096225488386
4283,6348.174768708341
4284,3304.122379445967
4285,6372.020828995451
4286,4782.493123497687
4287,6012.1831488259895
4288,6358.42063978012
4289,4649.357892663391
4290,3553.8017303118195
4291,6440.954755494565
4292,5677.373163505629
4293,4560.491698647039
4294,6117.294980444
4295,5186.682187927918
4296,3469.912918103972
4297,4671.56720384852
4298,7585.661329702036
4299,8791.40249802103
4300,7426.140296054801
4301,7795.839798166665
4302,4021.3669027339006
4303,5844.397641782669
4304,2348.2999996011995
4305,8391.590077326236
4306,8562.901154016303
4307,9757.173595778608
4308,6038.353692424758
4309,3336.5266994233425
4310,4730.324392639239
4311,6142.521323972515
4312,8479.14618219139
4313,4480.103293596011
4314,5494.822423828418
4315,5076.408716690051
4316,6003.53492082444
4317,2694.4406799825783
4318,7875.313787562527
4319,4368.75029950196
4320,7530.253462939165
4321,6643.29403574479
4322,3694.742023711714
4323,8960.37489546421
4324,6285.77227591943
4325,4865.642798155247
4326,4087.345248312743
4327,7756.942512343479
4328,10642.796552205633
4329,6157.133627433497
4330,5768.021228199552
4331,8773.287190063389
4332,7834.632512922564
4333,6062.18256900556
4334,6845.126329185811
4335,2365.6183476401307
4336,2720.51128999871
4337,4881.166053475185
4338,6137.725639123005
4339,8785.550394989716
4340,8117.751392333145
4341,4227.512440962748
4342,8380.399751798603
4343,8285.601304540663
4344,5877.844863994444
4345,3170.9634031587216
4346,11044.468455930835
4347,3802.6839681587417
4348,4634.355231530526
4349,7432.012798113205
4350,3837.265073776478
4351,5772.7421160391095
4352,3101.237666316656
4353,5947.4525213074685
4354,5496.928649190425
4355,6022.72353158682
4356,8698.913676399196
4357,7574.809105926985
4358,5920.637671070478
4359,3545.910215962289
4360,7476.335155288673
4361,12039.235889879748
4362,5535.231196428634
4363,3152.044586953933
4364,6781.966717202501
4365,6126.130611537968
4366,7280.789732308542
4367,9676.772474506597
4368,2332.8362914110508
4369,7740.13715272986
4370,5030.132469009547
4371,6114.455553670271
4372,7042.368673998068
4373,2822.518623181167
4374,4579.7571766059
4375,5125.20583330416
4376,8022.744413819946
4377,7860.8615309208135
4378,4352.392728939215
4379,4085.518144588084
4380,7240.846251303425
4381,6435.820085396176
4382,5060.329921930695
4383,6375.29558393672
4384,4620.654070166465
4385,6660.997898234447
4386,4700.882547069211
4387,3338.513095930765
4388,5509.363822521788
4389,6282.024816365917
4390,6310.200014749776
4391,7666.256019657381
4392,8158.6126282580235
4393,4267.329103511083
4394,8245.502981582726
4395,3202.1498785928175
4396,3876.5257537021857
4397,8244.104694603537
4398,7304.435701230137
4399,7620.636855017814
4400,9491.744907932889
4401,7108.049674290987
4402,5236.181869233211
4403,7176.189369930653
4404,7733.455980804514
4405,4275.7799703001465
4406,2895.0393634831444
4407,5308.948863930105
4408,4929.283047328407
4409,5955.293327068073
4410,3498.2404199222997
4411,5961.382971086304
4412,7015.84330290484
4413,6322.646695609462
4414,6042.391179561899
4415,3013.386055576247
4416,6567.461451422004
4417,7433.089936224883
4418,3596.691195749364
4419,5802.439872519146
4420,3404.5388862060254
4421,5816.088062337261
4422,3629.5828963626177
4423,4432.953978041795
4424,4811.094057509996
4425,7726.916910049958
4426,6508.61029402607
4427,7430.9442469955175
4428,14087.952875840816
4429,4176.662077355617
4430,5119.453707120038
4431,10319.843935613328
4432,5809.793226001096
4433,8164.188127594123
4434,6910.048587358751
4435,5483.203362047119
4436,6582.444973282147
4437,4696.710813531487
4438,5232.988418792208
4439,8119.781162865
4440,4788.122788647464
4441,2824.585859131529
4442,3616.300870177621
4443,7669.07558181276
4444,9658.155676683236
4445,6197.454489388979
4446,6668.104930888958
4447,4563.872173540432
4448,2441.0547140364847
4449,1889.6955471678573
4450,3695.4338998355574
4451,5628.19005204553
4452,7239.919236599778
4453,5695.212956796922
4454,4763.838089526515
4455,8581.829787058574
4456,7798.937946414775
4457,7739.725252703266
4458,5228.998856058674
4459,8334.331062172174
4460,9211.904208097834
4461,3678.87364186676
4462,5821.080264681372
4463,5397.870327118256
4464,6736.721037479023
4465,3136.246618777253
4466,5435.1057299154545
4467,4932.2999309561355
4468,8721.614596095002
4469,6332.571567854203
4470,7795.59628841163
4471,6969.858693458433
4472,4895.889873574901
4473,8210.100299479696
4474,18009.211088614473
4475,8819.604014397488
4476,3667.2764102845217
4477,3372.545164635199
4478,6592.366143723838
4479,8238.943466485141
4480,4538.368195544226
4481,9604.964880073552
4482,17444.859073458552
4483,4782.214239049506
4484,2700.4231023063526
4485,10301.696246746404
4486,3329.0883127400602
4487,5747.26075174427
4488,3487.2738170017547
4489,6108.438021400024
4490,3657.6359962681936
4491,7040.2586944814875
4492,5405.083012009213
4493,5735.251482250342
4494,10193.57463843056
4495,6404.8707777897125
4496,6096.409660526358
4497,7388.2056214849335
4498,5518.32435133567
4499,6577.322354444232
4500,9393.888459051148
4501,5092.914822769693
4502,6130.721785915697
4503,4454.654496200079
4504,3590.8643727871945
4505,5243.895011295583
4506,4930.592372079578
4507,5145.383892739782
4508,8718.529068501213
4509,7558.2685245826215
4510,7536.355803926718
4511,4476.938911713022
4512,4250.809729500437
4513,4421.802541225947
4514,4699.764840768186
4515,6436.137042078216
4516,3067.6555572253014
4517,7132.977389147844
4518,5668.546592142251
4519,7556.15028936885
4520,5748.775621997295
4521,4456.8671531736145
4522,3458.3728055809493
4523,2717.454112848947
4524,8935.083879374703
4525,5750.6117635342525
4526,6164.5441478159855
4527,12344.981620301814
4528,8008.094371188427
4529,4813.367850599928
4530,5303.4469741150815
4531,2781.4164015136353
4532,4630.535242708937
4533,4291.392242125965
4534,3780.310084478161
4535,8851.556318060753
4536,5152.752338478501
4537,8957.315342077845
4538,10574.276489500802
4539,6082.456847724996
4540,5853.92104567766
4541,4688.788920113691
4542,5234.967566213732
4543,4826.556161033594
4544,11348.879788021473
4545,6488.322954701038
4546,6669.148825858994
4547,3308.562950494433
4548,5852.9972714266705
4549,5665.803507053953
4550,8174.420155795752
4551,7035.090562486144
4552,5296.3701860492965
4553,6875.241022166017
4554,4929.380157326973
4555,8842.349807556113
4556,6814.226479527076
4557,6713.980711938434
4558,9254.82406023516
4559,7276.343810643013
4560,8877.86561096265
4561,3573.5067593371546
4562,5435.655225013191
4563,4904.140036344724
4564,8996.756855829468
4565,7298.441111366567
4566,7546.339846478859
4567,6582.712363229277
4568,8390.274763890362
4569,5043.117213312594
4570,6538.368228214991
4571,6018.10638953754
4572,3222.192350227336
4573,13269.84491222398
4574,16888.583710750823
4575,7494.635312261719
4576,6551.649024957056
4577,7259.85519008942
4578,8530.933435720683
4579,8060.9279470193505
4580,2850.0455247793675
4581,4808.424233335199
4582,5747.3653389584015
4583,8595.63810036089
4584,2616.615627413057
4585,4497.2617725467135
4586,5328.324436587433
4587,4978.827847336629
4588,5297.71478671317
4589,3153.3850658677406
4590,2947.814950590092
4591,7023.062834231579
4592,3770.4455136315464
4593,4823.052227492247
4594,5623.743866528214
4595,5459.55928043462
4596,9311.056388939456
4597,11701.845202514794
4598,5217.2883879222045
4599,7455.25581869451
4600,6564.813262101908
4601,9954.37154440987
4602,5112.978305247375
4603,2964.398605094555
4604,5284.035021814884
4605,11676.52002175095
4606,4189.414817983803
4607,7460.026277372843
4608,2316.8296092172454
4609,3977.1631093061387
4610,6386.5077923037525
4611,6449.981143178744
4612,5538.058979779559
4613,9060.902308514387
4614,9415.84831208938
4615,8001.020641308142
4616,3968.7800609973547
4617,11190.674148804543
4618,2156.839522498021
4619,3941.2111295952304
4620,7012.82053914663
4621,4859.598566214266
4622,10420.590829843844
4623,2810.0930326201124
4624,5062.391267457077
4625,5887.548060996496
4626,7927.5552765952225
4627,9656.498436488639
4628,4933.046095183294
4629,3015.4566762684776
4630,8230.534029692522
4631,9679.273614347992
4632,4737.594653544691
4633,5649.503458480847
4634,9132.590254571825
4635,5939.629460717605
4636,5238.408541023888
4637,4058.3169941650062
4638,8032.12413531405
4639,4539.232908241281
4640,12843.460783409815
4641,7663.6808791736175
4642,13411.719354626204
4643,7267.240013251044
4644,4708.816238694548
4645,2238.7769081334445
4646,6349.503711046071
4647,5975.71066660545
4648,5502.481861273682
4649,9266.76742745743
4650,5732.75414544685
4651,2812.3745887387954
4652,7469.993369117272
4653,3349.163777582271
4654,9404.671102106448
4655,7364.075108909021
4656,7186.118298322438
4657,8185.279448196921
4658,4706.76300610932
4659,7774.465374307819
4660,7637.058620970028
4661,5828.953198251315
4662,6525.798329133232
4663,4112.44137128269
4664,9128.418062146824
4665,6366.211907977506
4666,3771.9557144350288
4667,5106.419293168339
4668,8041.696227773368
4669,5950.848083478899
4670,4022.4237915394724
4671,5318.2527351673625
4672,5510.7291468665035
4673,5081.080886992966
4674,5219.84258889915
4675,10231.466310900241
4676,4691.657698193354
4677,3686.2484780732257
4678,5788.4035701437715
4679,5689.2311797090615
4680,3055.555826025635
4681,5101.668920875844
4682,8945.319242336547
4683,7369.027542621271
4684,11044.513787181746
4685,8382.91966028079
4686,7425.153118863314
4687,5839.761341004324
4688,4552.888707091912
4689,10440.515307072686
4690,8074.467775214177
4691,7088.3123286377195
4692,5329.909617566346
4693,5577.057657158229
4694,4802.048162082888
4695,2348.475504063168
4696,12264.71760793079
4697,6250.801249117291
4698,5923.572344066357
4699,5152.720081494254
4700,1478.9310807724225
4701,8027.86125818263
4702,6118.536831679013
4703,5276.197430856751
4704,4139.595861008161
4705,5783.835542545617
4706,5334.134870851714
4707,4231.601289929067
4708,9435.420312816912
4709,4365.527050918701
4710,4689.120803893655
4711,3709.366060477812
4712,2661.014442184353
4713,5256.088639888645
4714,14373.971207510907
4715,4599.252577255592
4716,5782.77582499323
4717,5287.442766387755
4718,4197.949515430328
4719,3547.365713206287
4720,6146.932514816183
4721,2956.6232200479144
4722,9602.883744246374
4723,6379.027410184661
4724,2797.622727654129
4725,8500.585209384139
4726,2582.9307024923382
4727,3763.85463938247
4728,8265.452169494158
4729,7990.8941665623015
4730,8729.89269279943
4731,2470.6697093322155
4732,5346.260203874233
4733,4730.9286983012125
4734,4062.904514467559
4735,16158.772515973857
4736,11138.209914751778
4737,5456.2766428012355
4738,3100.4092605819174
4739,5792.004080112122
4740,4528.026105557622
4741,2687.7366761286967
4742,7915.966121717831
4743,4884.1582887258855
4744,5894.795813084864
4745,7357.560076136703
4746,5048.402465724704
4747,5101.812457339833
4748,5719.283291246704
4749,7297.040280427492
4750,6867.389861842077
4751,2904.875453120815
4752,5747.5555992403015
4753,7233.994880231695
4754,8985.507942080332
4755,6235.930398180238
4756,7510.371859829994
4757,2273.749934040258
4758,9152.498021128393
4759,5028.19089334602
4760,2983.805117755944
4761,4811.750592719537
4762,4659.284398969872
4763,4691.923487967089
4764,6759.084190608567
4765,4110.214878061309
4766,6440.20528989553
4767,5065.140610062857
4768,7584.7366503735675
4769,8876.213847361372
4770,4741.695611387012
4771,7631.758087143166
4772,6225.8419334675145
4773,2889.8357160053265
4774,11109.720815819326
4775,3838.561622246862
4776,3592.335625229756
4777,6393.695948742209
4778,10128.542015951374
4779,9519.770228190375
4780,4136.124860355317
4781,4531.197293834142
4782,6828.556641172631
4783,7282.761581947297
4784,4873.955881974652
4785,8159.806797274355
4786,3056.6862520232894
4787,5233.229452452582
4788,4004.5294772975585
4789,3730.473831037751
4790,2808.1964614120006
4791,7926.023833988532
4792,6718.670376378923
4793,5544.75587531331
4794,5341.067978952605
4795,7764.896583767689
4796,8090.080694464575
4797,4785.067028978061
4798,5460.238362914083
4799,5430.037580182595
4800,7170.69245419642
4801,5437.949900779229
4802,2180.679788340558
4803,6115.397186606742
4804,6678.262493521521
4805,6524.726152555785
4806,5880.893723793406
4807,2777.9376825930967
4808,9514.397194300167
4809,2958.7084619991942
4810,9163.344099044893
4811,5605.926761193459
4812,4694.304693459507
4813,8145.221919044835
4814,3932.530713790085
4815,4527.918728592246
4816,8993.316666317298
4817,2686.740477695591
4818,6553.0697013297
4819,9802.095686745703
4820,7187.726878865472
4821,2529.1046946288247
4822,5050.10320754638
4823,3757.924737302938
4824,2312.3399268962917
4825,5177.312211579223
4826,6142.936867274267
4827,5251.751862266002
4828,4562.982953639287
4829,5827.912244954384
4830,4862.119611821925
4831,8906.629713859753
4832,5308.499298541636
4833,6017.171426704931
4834,4186.227794590421
4835,5532.20928749154
4836,5789.162178432742
4837,6334.336694048746
4838,7882.666824916295
4839,9308.30703375917
4840,8013.527329644078
4841,6097.830975819831
4842,5368.507976150582
4843,2933.857157783358
4844,5673.6102174570315
4845,8937.71289929235
4846,6924.579850928948
4847,5864.00786820261
4848,14251.84284447976
4849,3217.737571886769
4850,5054.502940262274
4851,4250.781959472382
4852,8813.900425901304
4853,9482.469770444279
4854,7362.023547177197
4855,7845.317639193541
4856,7742.045850948809
4857,8211.89012304296
4858,6317.473381142946
4859,5342.134826905638
4860,2286.119933648652
4861,5213.248276999578
4862,3513.82303197939
4863,3199.657063196265
4864,7548.873689933962
4865,18256.53766916728
4866,5516.616125484727
4867,3325.2290733154628
4868,4815.758386051251
4869,4394.469720685033
4870,6069.397898244016
4871,2079.8548098928973
4872,6529.521793468452
4873,6909.178805951399
4874,3547.21964493264
4875,10984.803055063083
4876,11504.752796011313
4877,3603.334013618857
4878,5637.150970068294
4879,3939.2829088501135
4880,4076.2080939726766
4881,4277.348271248939
4882,9228.695478760274
4883,4038.1091227184793
4884,4553.967802355257
4885,4908.993322897317
4886,5636.140746379308
4887,4969.15916532611
4888,7320.308416108219
4889,3091.488690110284
4890,8527.514052478808
4891,6284.119342064717
4892,5123.664314226275
4893,4196.241752449303
4894,4123.346727271833
4895,4806.009849592911
4896,4365.411199604098
4897,9364.660537000063
4898,4453.566344804524
4899,3894.2329367245234
4900,6606.398620589856
4901,5063.1183056246155
4902,5689.227334077734
4903,5127.76252994932
4904,6014.676895181825
4905,10049.850504045204
4906,6770.3833487098855
4907,5997.256116156311
4908,3610.339049451487
4909,4629.502063030706
4910,6311.294446153591
4911,4080.792897470261
4912,4985.938071473435
4913,4810.480719756111
4914,11663.462875156427
4915,7320.242523165814
4916,4395.543489908514
4917,5623.999633505154
4918,4725.066646175088
4919,6946.99105869317
4920,5736.443107548965
4921,9106.78191192398
4922,6732.82084681095
4923,5072.958781968154
4924,4350.821907955889
4925,1973.6472282277364
4926,4573.88579008088
4927,20591.54729300084
4928,2166.0618106402785
4929,5430.231802338954
4930,6285.025402444361
4931,7195.457219786641
4932,6092.816417361571
4933,8528.912061382758
4934,5737.256982029369
4935,5901.638772225185
4936,3122.957406996419
4937,7808.278431900826
4938,3944.643466270963
4939,6594.687558076834
4940,9434.037387835453
4941,4145.196907304906
4942,7753.315922505101
4943,6460.249719258884
4944,3349.562188558242
4945,6549.667763282184
4946,6292.591875163011
4947,2762.1492107146596
4948,8787.798086091872
4949,7116.293920518796
4950,4652.6600212490375
4951,9917.490161230295
4952,8485.538227189825
4953,6726.029606917216
4954,4757.2479788182545
4955,3819.824767408859
4956,5233.717515825279
4957,3420.957909940187
4958,6526.936527944262
4959,2419.806722959585
4960,5896.977415281903
4961,3149.868372957507
4962,5567.4267307480195
4963,5519.908964978899
4964,4863.071779520965
4965,5739.938173423304
4966,8531.328654809147
4967,5129.789627279307
4968,7385.236312439832
4969,5692.861300745575
4970,6073.791848494294
4971,9113.05388602709
4972,6912.6244581389565
4973,4030.657723880031
4974,5305.972818084206
4975,5228.517985586166
4976,4505.120360988785
4977,12296.461026516223
4978,6312.70714747002
4979,5771.784339645111
4980,8904.329179055492
4981,6831.265457544117
4982,2192.4087829673226
4983,8706.50946891485
4984,8275.25052043154
4985,6566.661992121882
4986,7436.87099387916
4987,7352.014693293423
4988,8265.935630770935
4989,5148.0903110190975
4990,4460.9161443845
4991,3355.482681610582
4992,5886.410247551525
4993,8030.726883095152
4994,2964.928492028613
4995,7607.723911057147
4996,7265.971655840881
4997,4958.905554363009
4998,7371.945057691557
4999,4644.949489528719
5000,6982.534271594406
5001,2402.58030712871
5002,5025.335878803725
5003,5091.981504159948
5004,3625.060542555288
5005,6657.086823117923
5006,7248.196961372584
5007,8198.68559872285
5008,6212.4922075015065
5009,4082.933210914342
5010,6190.063792911082
5011,7022.908125962891
5012,6369.4510441024195
5013,3086.6771862193227
5014,2772.7793352193967
5015,8879.22372644533
5016,6050.765619001525
5017,3940.395037902179
5018,7827.344052142355
5019,6944.4312963700295
5020,6470.963769870404
5021,4998.584006908277
5022,1824.21551878951
5023,6294.7631143322815
5024,6395.8540717156975
5025,5349.318690466171
5026,8874.531404608044
5027,6574.118894564275
5028,3697.567041191387
5029,5974.573920108092
5030,2981.6999184470083
5031,1277.5939546661739
5032,6304.450958990372
5033,9522.4252355878
5034,5847.365167909224
5035,4589.721280046236
5036,3197.4038377539814
5037,5250.197976074274
5038,8079.306947158563
5039,5835.374445640487
5040,8571.575165879236
5041,4020.7999612455565
5042,4262.103195253216
5043,3704.062079891243
5044,6348.932391828012
5045,3602.6571805313197
5046,2659.113034974282
5047,4711.738282156733
5048,3791.541310716857
5049,7493.4237269141495
5050,4553.39030537644
5051,5359.24357879233
5052,5444.005525938256
5053,7754.716736078957
5054,4830.933432834196
5055,3985.9275557283804
5056,9346.077181609455
5057,7309.657770393116
5058,6808.361282287829
5059,2042.31022408563
5060,4971.590427680078
5061,5527.436515313743
5062,4156.448792206613
5063,7893.764659071752
5064,7745.272225193724
5065,6574.8392877491215
5066,6347.262569664721
5067,6301.142768972423
5068,7741.645648495017
5069,11205.336189855581
5070,3213.132593260238
5071,3952.461945120623
5072,5389.416161677616
5073,5953.305480544656
5074,5676.823615882881
5075,8477.845511816346
5076,6773.985419511231
5077,6550.25318215528
5078,2716.576196711822
5079,5728.658293237509
5080,6298.160118353005
5081,3398.096469038045
5082,6394.3707840666175
5083,3226.4862178216745
5084,7111.988053816794
5085,5682.045334500266
5086,5390.011359158043
5087,5674.5590783038715
5088,3963.055355177586
5089,4986.844615948837
5090,6924.71064860097
5091,5186.048905026206
5092,8415.385433944923
5093,5715.538837975059
5094,8535.29950512894
5095,5373.207897975062
5096,3769.7280693969433
5097,8675.103442714579
5098,2885.8044606861713
5099,10416.477961430077
5100,5935.367851136001
5101,5011.733206233431
5102,7405.422343275294
5103,4811.413779366116
5104,4337.830259135342
5105,6648.386054806926
5106,3198.424207696077
5107,3085.2517140833374
5108,6082.566660257194
5109,6052.921502610361
5110,10213.647708149192
5111,6235.928269752163
5112,5531.346750193559
5113,3923.0408055552357
5114,6312.493223286374
5115,3300.7951603833885
5116,10075.326999061283
5117,6835.836680110394
5118,13104.682767605094
5119,5790.8229929560375
5120,5163.241566440136
5121,7947.920091156651
5122,6849.149217198097
5123,3018.330423533962
5124,8607.297074042335
5125,6931.577254865722
5126,5420.70718068404
5127,5674.945282088516
5128,4786.614489280399
5129,3045.3487418056607
5130,5165.363536508712
5131,3842.043358830853
5132,2952.1759669614776
5133,7613.862337146174
5134,6015.694690066693
5135,22668.866863845327
5136,7617.714039539712
5137,4247.127539210646
5138,6164.819466697834
5139,8452.582220173275
5140,4998.447324589678
5141,6371.0574926955005
5142,5060.856948135248
5143,6953.7947074862495
5144,6610.472834207986
5145,4038.017269600727
5146,4994.8666091101295
5147,6962.873852672997
5148,6989.813165896944
5149,6351.113699576387
5150,7273.796062430867
5151,4364.983957439008
5152,4061.8011385974246
5153,4857.55307954753
5154,8799.377731853883
5155,9478.903686989137
5156,7854.136203332728
5157,7167.223273177211
5158,3745.717752767525
5159,5790.43007498362
5160,3427.8931450612486
5161,7693.194713541725
5162,9257.96076333539
5163,8622.168239543087
5164,4970.243222242069
5165,4536.887132446136
5166,3865.871915701087
5167,5586.425383428209
5168,9041.740936675675
5169,5795.935748884037
5170,4897.812399622777
5171,4533.697315508751
5172,6647.482150892702
5173,3361.7027865571526
5174,7093.179660748252
5175,3747.844228845405
5176,6428.354864711311
5177,6096.795635208866
5178,4989.675223704027
5179,7787.74666262198
5180,5795.541400662684
5181,4259.602187919159
5182,6084.679627370953
5183,6895.938230304465
5184,10189.066925387328
5185,5655.126282515992
5186,6530.272339930133
5187,7058.7506371779555
5188,8162.603212608583
5189,6059.590116804333
5190,8138.686476745767
5191,3592.4194666803915
5192,4471.329221199483
5193,5219.047692185308
5194,6170.426322740125
5195,8813.32528860706
5196,7319.774429872686
5197,4596.150287479145
5198,7221.863482294385
5199,6414.461900499889
5200,8066.709889703966
5201,3652.280584076317
5202,11159.248812487733
5203,4103.158434560789
5204,5480.112733768728
5205,7379.630340042078
5206,3838.6609539186197
5207,5175.559450035364
5208,5538.119265118322
5209,6663.301394389405
5210,5313.131209920008
5211,5091.746997082561
5212,7475.929780702517
5213,7361.353985073237
5214,5721.282871153962
5215,4470.640175490936
5216,6919.893710448429
5217,10964.259553808832
5218,6028.9565565707235
5219,4278.36887000415
5220,6291.1616913620555
5221,5888.107858857957
5222,6189.638725402289
5223,7563.592819073411
5224,3579.179110744379
5225,7233.668417343532
5226,5670.498544755392
5227,6193.1573380631135
5228,6509.298919359608
5229,4580.888023048318
5230,4969.493689119334
5231,4279.214702109624
5232,7432.603244316676
5233,8070.665768771917
5234,4691.381805658591
5235,3969.1946075460874
5236,6345.253444858584
5237,5672.414854705592
5238,4726.753353161552
5239,7207.122506117361
5240,5766.40738692165
5241,7272.360081921755
5242,4688.957305519342
5243,4453.312356968193
5244,5578.18919120582
5245,7351.726922593701
5246,6484.332635076957
5247,7777.173653927145
5248,7710.8039621027865
5249,4910.272113408277
5250,8382.702077387956
5251,4731.592785006598
5252,5759.760793772203
5253,8338.574158086061
5254,6044.937830939123
5255,9029.702358263023
5256,8027.991125255771
5257,6758.832509019078
5258,5464.0288583300435
5259,7082.456369869571
5260,7152.7673429334955
5261,5231.2719935674395
5262,3523.2019477895883
5263,4809.264041821391
5264,6718.007987095322
5265,5642.845186800896
5266,3975.573519491314
5267,7401.470499561065
5268,5884.699328537942
5269,5565.607757666808
5270,5409.301588560194
5271,4612.942055775816
5272,6337.080593119671
5273,6815.327059006525
5274,5378.698817742023
5275,5267.4544578583145
5276,4577.620607885618
5277,6069.128511623645
5278,3179.316688394172
5279,5947.6172416773215
5280,4361.055100983269
5281,8078.335665506314
5282,6507.243616939132
5283,5951.089005087876
5284,10601.74108062709
5285,3957.600792311497
5286,5052.834758263452
5287,9345.074017124749
5288,6015.390571823566
5289,7909.89841883227
5290,7204.533964797786
5291,5271.607285915768
5292,6166.554762844254
5293,5176.794464896933
5294,6943.05830310574
5295,9197.89901574731
5296,5521.961275672645
5297,2816.2957925559076
5298,4575.381446871511
5299,7501.241613334633
5300,8715.740500809789
5301,5429.115416815367
5302,6215.627209301851
5303,4605.604517330035
5304,4384.9225468219865
5305,2896.088118090484
5306,4444.017806599839
5307,5806.723384559452
5308,6529.470864281525
5309,6222.52316000016
5310,5900.513578110882
5311,7947.028647998762
5312,8115.68631515012
5313,7424.2935150739095
5314,4586.756489093988
5315,8679.318396244878
5316,8940.93379623253
5317,4915.225149401908
5318,6676.270394626825
5319,4821.48768942679
5320,6375.458313556667
5321,3565.6333893547676
5322,5562.281766203772
5323,4574.035270563033
5324,8507.721807537446
5325,6522.695035019476
5326,7835.702448328739
5327,7173.634389971039
5328,5146.3692914534895
5329,7758.439695352658
5330,17242.81060818959
5331,8794.567284103217
5332,4321.448813087419
5333,2761.6786705390364
5334,6019.116300261749
5335,7379.874049530387
5336,5384.848007930552
5337,11764.035447404693
5338,18662.10236680696
5339,3515.2189831058
5340,4445.108512318121
5341,8160.906738621085
5342,4371.220570652953
5343,6396.8084592606765
5344,5344.183544406534
5345,6620.011862375718
5346,4040.499266371693
5347,5951.522372927892
5348,5712.468059314895
5349,7235.603334214035
5350,8331.495888495441
5351,6178.035551767556
5352,5764.068531955976
5353,6146.993417533072
5354,4353.664811904392
5355,4957.93755795179
5356,7669.015753328868
5357,4734.377013715216
5358,5822.044010952758
5359,6229.302841645948
5360,5286.444584383285
5361,4726.7671965383515
5362,6330.6322080908985
5363,6062.673996825042
5364,8483.668044607612
5365,6447.694959142443
5366,6871.942886379132
5367,5183.796261836238
5368,3523.423673990576
5369,5377.27683545807
5370,5748.140477386704
5371,5441.0516551453775
5372,4159.134540987589
5373,7672.110942835491
5374,5873.181258955444
5375,8660.89570089638
5376,6161.535809078795
5377,4912.284518700771
5378,4673.176820618006
5379,4243.559419999473
5380,8907.057542589606
5381,4947.407825230821
5382,7775.883253737781
5383,12811.06296537159
5384,7439.263957719389
5385,5706.861000684784
5386,4875.778366733181
5387,4208.332593185491
5388,6512.422356042183
5389,3734.4509984211804
5390,4978.002702267005
5391,9361.125025031104
5392,5394.950265960505
5393,12275.627482648904
5394,10970.30597766863
5395,5435.200956509142
5396,6278.482903055457
5397,5290.580701583302
5398,6135.359379371207
5399,4866.980187483706
5400,10174.673674748296
5401,6915.373258967428
5402,7419.080773674677
5403,3818.276589029582
5404,6896.189413168974
5405,5063.079776208719
5406,7892.360903058009
5407,6312.749647533297
5408,5398.826238491152
5409,6472.437834354731
5410,5670.653557354848
5411,8135.254319149689
5412,8574.381931794796
5413,5963.635721254533
5414,9075.519377542143
5415,6620.057534637885
5416,8517.858488518736
5417,5143.825100844152
5418,4544.074262399254
5419,4734.069800701178
5420,8220.235594387783
5421,6396.249453376679
5422,7183.917039967528
5423,6185.7969050711845
5424,8417.52287481734
5425,4625.793143971488
5426,7194.454666312134
5427,5819.48115005386
5428,3677.688844224436
5429,12009.454547912761
5430,15654.358301959017
5431,6451.304559431961
5432,6399.676583231644
5433,7667.423603682574
5434,9081.230102458572
5435,9810.633980274446
5436,4823.841455270146
5437,6667.855361554492
5438,5473.377955224296
5439,8078.756986810162
5440,3738.9597223159753
5441,5007.121558358018
5442,5033.150182873337
5443,4999.148559546984
5444,6780.454333626868
5445,4522.951932264895
5446,3636.137463759733
5447,6455.699070166535
5448,3660.251416217413
5449,4044.126296145504
5450,5332.88578591955
5451,5410.776012053372
5452,8744.427430215466
5453,8343.676255217231
5454,6116.3068204189285
5455,6509.251180159618
5456,6252.727587659223
5457,9985.315297249332
5458,6146.747101994831
5459,4916.392264411188
5460,4524.294817203374
5461,8966.0242042767
5462,4387.969801985838
5463,6853.106904921828
5464,3222.8978127714468
5465,4302.041965728398
5466,6266.621478533347
5467,5842.832564489328
5468,5388.695710328168
5469,8675.019771198073
5470,9330.016744011753
5471,9994.259444743066
5472,5227.533066235823
5473,9576.875426615012
5474,2867.204866281527
5475,4909.360413358283
5476,6293.533163815052
5477,3641.0140569992077
5478,7954.273294950917
5479,4514.402047291835
5480,4982.543860985645
5481,8059.0762293939915
5482,8825.886402209671
5483,7611.158638722397
5484,5034.89315504651
5485,4477.705983199148
5486,8031.283755340864
5487,7561.599318508752
5488,5069.595343648637
5489,5263.9764171714105
5490,6769.603748475867
5491,7654.670270457854
5492,4530.74720621494
5493,5418.557720855781
5494,7515.749117928533
5495,7289.214854406466
5496,11793.446349410679
5497,5465.066711916464
5498,11572.094296352147
5499,6403.288498790315
5500,4938.529339490142
5501,3072.128639624855
5502,5584.154005930532
5503,5547.765708982792
5504,5338.224502334601
5505,7787.908316651633
5506,4994.144867516461
5507,3925.077046546487
5508,6879.202721769806
5509,3323.318639206064
5510,7407.993064338048
5511,6432.603400150495
5512,6904.158378801592
5513,7823.987893772755
5514,4461.9944840330145
5515,8581.945732269147
5516,5991.078903979102
5517,5226.469912991235
5518,5659.503497300523
5519,4698.845091865801
5520,9040.53609145684
5521,6159.657427449693
5522,4118.899798468148
5523,6104.4541069735615
5524,7880.036857531129
5525,6584.309535187368
5526,5322.023294073906
5527,7627.046110892555
5528,5405.0690830620415
5529,5699.492046215921
5530,5266.240959817031
5531,9159.771336148862
5532,5057.377813158891
5533,5350.9403801745275
5534,5001.584226364419
5535,5099.784247276228
5536,3745.0583042215735
5537,5086.774888601709
5538,8151.207420713559
5539,7979.813087851393
5540,10559.172376849361
5541,9084.44134548166
5542,7701.1396429699635
5543,5247.766244655068
5544,4958.290865436838
5545,10251.303785178397
5546,9367.730599628128
5547,6333.502017391358
5548,7191.093476912331
5549,7847.979597628127
5550,4900.423618081384
5551,3428.8170226172906
5552,10131.289067097678
5553,5518.281848359335
5554,5907.961130166339
5555,5497.251978483441
5556,1976.6596897010268
5557,8960.496539023137
5558,5783.0801291039315
5559,5714.115283935146
5560,4805.945391476978
5561,4996.389223069112
5562,6034.16215759004
5563,6225.727270782759
5564,6448.8899539700315
5565,4633.419020870049
5566,4270.081380169139
5567,3485.5154534066705
5568,2866.7416464004255
5569,6476.420592398594
5570,17081.422345473613
5571,4233.451792757196
5572,5621.164242228016
5573,5981.803350236472
5574,5166.732845104424
5575,4499.169642384498
5576,5342.330388589905
5577,3587.1784849911787
5578,7317.336734814014
5579,6507.710085077652
5580,3484.7983128855253
5581,7926.9880540791955
5582,4264.387754316226
5583,4407.153168747879
5584,7849.7000197026455
5585,7332.755173778204
5586,8855.394611991069
5587,4630.644917769706
5588,6033.538851237528
5589,4531.066408691898
5590,4534.623421374266
5591,13512.07457851147
5592,9249.31630216038
5593,6551.21222781491
5594,4463.16324528753
5595,4899.004202069141
5596,5401.537816784624
5597,4237.514332233174
5598,8887.6247033146
5599,4737.697192007755
5600,5087.821890151382
5601,7133.651332747667
5602,4754.334141600986
5603,5771.609918449711
5604,5663.756753004243
5605,6991.8840102451195
5606,6383.329810089515
5607,3583.50173433596
5608,5236.314312583136
5609,6291.131905230547
5610,8712.828951414818
5611,8038.997008093665
5612,6916.4159680978755
5613,3677.9082933486416
5614,7551.9642949992085
5615,5054.241185839941
5616,4203.6247215358735
5617,6581.3464718062905
5618,6752.804501686605
5619,5647.388947462851
5620,6016.907064090623
5621,5623.586506985699
5622,6104.455862711116
5623,5403.775965877008
5624,6620.137211879147
5625,7131.620358793941
5626,4418.143917147017
5627,8135.745491134016
5628,5799.379088256948
5629,4448.111205121642
5630,10675.811968757602
5631,4964.318806860209
5632,3220.920977045558
5633,7167.495790397574
5634,8599.896584949542
5635,8477.631547938237
5636,4371.923486814738
5637,5323.315866606827
5638,5689.687212370043
5639,6855.334298016675
5640,5459.640303601662
5641,7700.56953064337
5642,2864.262454981853
5643,5530.548263284413
5644,5117.8274352056105
5645,4771.129756576457
5646,4196.804303263212
5647,6916.234669678287
5648,7095.770465255364
5649,5224.035553104843
5650,7132.564669841425
5651,6019.868975838702
5652,8105.606924243664
5653,4728.647378797927
5654,5662.668091797544
5655,5608.039871836922
5656,7153.181843129145
5657,7801.41479936008
5658,3492.8600513432734
5659,7994.554827526827
5660,6358.70195039454
5661,6703.50476667244
5662,4679.666214579252
5663,3536.611039498205
5664,7272.1452432298975
5665,5092.299825778365
5666,8457.318910810798
5667,6416.372182064999
5668,4873.589861044902
5669,7736.811442685148
5670,5441.578993089175
5671,4960.951330919565
5672,7279.733577193072
5673,4616.336615199814
5674,7430.301365218995
5675,9797.415568755752
5676,6947.730495629778
5677,4060.925749395321
5678,4709.055359288608
5679,3864.3615853330552
5680,2893.864403885841
5681,7116.9555580335955
5682,5307.650769841709
5683,7994.992860334112
5684,4067.3642004106537
5685,6181.766314069969
5686,5513.817128870164
5687,7863.9357131223
5688,4876.336230045137
5689,5295.193773894542
5690,4518.598749959465
5691,6565.745487721969
5692,4922.501669224988
5693,6875.699506207272
5694,7585.892913099082
5695,8959.793342485644
5696,7205.110062727791
5697,6888.4515304425395
5698,5779.048252965876
5699,4330.944280526155
5700,5156.884638211022
5701,9778.379216646794
5702,7866.176713292679
5703,6025.23011046015
5704,15627.882804218574
5705,4759.132154339397
5706,4585.257783001596
5707,5063.989826039994
5708,8351.53331890466
5709,8878.140357338705
5710,6368.805030733095
5711,7480.429321854342
5712,7518.397851160065
5713,6779.838020192625
5714,5955.85401466394
5715,5284.296643406342
5716,4483.46306577067
5717,4848.118606800258
5718,3491.6934188166715
5719,4419.612735741038
5720,7912.484930421932
5721,15415.82685296563
5722,5787.712613233503
5723,4649.283737331208
5724,6132.051510649807
5725,3673.636422697544
5726,6292.459138947705
5727,3971.9468989609272
5728,8154.831361161878
5729,6251.001806545294
5730,5784.59647240805
5731,11155.736319147229
5732,12258.818952147032
5733,4716.492249465693
5734,6286.217890537862
5735,3742.2565428107664
5736,4912.38958159117
5737,5045.162399683736
5738,8589.265119327963
5739,4330.03306187891
5740,4264.895804545846
5741,4791.5815360907745
5742,5543.657977476205
5743,5924.684085976275
5744,6384.064799434737
5745,3820.9666514279356
5746,7477.482252335464
5747,6864.470780967223
5748,6537.194529846417
5749,4176.805784692179
5750,3750.6733838844984
5751,6875.933099328396
5752,3872.5787176195618
5753,9153.429601101418
5754,4330.247263899507
5755,4564.515036101099
5756,6345.90958178221
5757,5013.489444128757
5758,4510.597622257281
5759,5301.563838847689
5760,5529.896117120392
5761,9147.090560113213
5762,8089.459275682203
5763,5772.164246436476
5764,3600.2407654438202
5765,5106.978963742725
5766,5873.979846260153
5767,4618.496690083212
5768,5271.4509843610795
5769,5258.352324011434
5770,10246.508238370636
5771,6502.2444281565595
5772,5690.236897124336
5773,6586.310431194761
5774,4057.8971590994215
5775,8732.662790034296
5776,5000.435810633933
5777,10410.175732665286
5778,5935.602533594746
5779,5033.929983108407
5780,5083.665270591844
5781,3800.297965237875
5782,6801.415217758773
5783,18719.321488222115
5784,3614.8035182281224
5785,5284.49261026441
5786,8509.128650430148
5787,6064.0814179159715
5788,6391.23234322352
5789,7844.382384901792
5790,5502.460523729364
5791,5005.772452927261
5792,4121.6842095519205
5793,8384.94260059707
5794,5013.420473439035
5795,6538.261036267568
5796,7434.182798354634
5797,4377.286644735553
5798,7131.3341570305165
5799,6038.7969778004235
5800,3686.0430095470365
5801,8027.150323717712
5802,8189.509218591547
5803,3727.0904888056057
5804,7618.58746204573
5805,6531.687114307761
5806,4624.413968056505
5807,9087.878015557751
5808,6488.705511314418
5809,7467.257506284455
5810,4580.078106585113
5811,4527.366258063229
5812,5986.454361710457
5813,3511.643313519439
5814,7067.594746663077
5815,3434.4366322886053
5816,5606.553397022125
5817,4619.405016907786
5818,5377.480944036012
5819,5451.462312496905
5820,6274.564656035225
5821,6180.0083549297615
5822,7918.576095804749
5823,5067.51747453783
5824,6725.280324394402
5825,5438.255839231893
5826,7296.72110757502
5827,8519.170162330061
5828,6292.601485397003
5829,3245.6799740355523
5830,5472.448558658896
5831,6502.522793153155
5832,3789.1504099166914
5833,11427.250455282725
5834,5470.488526735658
5835,6155.286375096835
5836,9257.433206617665
5837,6242.265493334089
5838,3656.664972488637
5839,8689.645678944229
5840,9091.39159418144
5841,5729.419976210978
5842,7285.876843303613
5843,8835.097275360127
5844,6079.730307369312
5845,4698.494109659473
5846,6509.429981394326
5847,4606.668770186787
5848,5163.945811080107
5849,6999.968611397672
5850,4355.368858987613
5851,6268.081844822972
5852,6932.7471590288515
5853,5619.101371393822
5854,6965.68000040592
5855,5483.451549778345
5856,5714.997151467037
5857,3498.5352089623943
5858,6857.624664118833
5859,6472.088743109422
5860,5677.786812431281
5861,6083.37117960771
5862,6535.082363514704
5863,8499.928780690647
5864,5380.896680822935
5865,4337.135332234888
5866,5824.294592076562
5867,7012.348193784087
5868,5964.448095228756
5869,4392.326900106214
5870,3685.443236515908
5871,6877.498661373012
5872,6743.88562522353
5873,4876.316769990103
5874,7532.9431875495175
5875,6349.490219404315
5876,5681.697079742422
5877,4880.9071125382625
5878,3047.3978908549125
5879,6044.200671511895
5880,6324.324701489839
5881,5818.646863453873
5882,7955.361520855638
5883,6845.335318094704
5884,4454.4187827020305
5885,7694.923622463624
5886,3421.717091102064
5887,2615.585728286572
5888,6656.5009120734785
5889,9973.897181884726
5890,7136.756631902865
5891,6162.67563186786
5892,3575.1346955284816
5893,6228.004314061692
5894,6943.066794369259
5895,5089.408546109328
5896,7490.202346805551
5897,4266.173630252331
5898,4109.099291468231
5899,4669.234547720849
5900,5375.566249927065
5901,5124.393789868302
5902,4085.1315288822657
5903,4656.379976770174
5904,3809.7833878964243
5905,6686.026710088342
5906,6093.534569627369
5907,4746.655278304831
5908,5652.4359627767735
5909,6562.5257522717075
5910,4775.5471093947335
5911,4588.132162921164
5912,8530.515879311022
5913,6782.405076261701
5914,6000.598837965397
5915,3260.80773808313
5916,10002.10703220862
5917,5930.562502731279
5918,4605.9129478731675
5919,7353.420493616651
5920,6420.094844663746
5921,6543.981216126612
5922,5906.365125558325
5923,6820.387079980438
5924,8415.660727363162
5925,10724.685201031032
5926,4118.59847215673
5927,3964.655074959467
5928,5251.863735528347
5929,5772.908022064376
5930,5563.5862660944495
5931,6872.852595532592
5932,7813.402303992634
5933,5503.460800532689
5934,3742.244243986722
5935,4952.948704437213
5936,7896.163373828715
5937,4507.741403043629
5938,6531.534523727392
5939,3483.3966010485747
5940,7092.886486968502
5941,6407.133326512629
5942,6722.225143485662
5943,6931.781765966536
5944,5645.6062349603
5945,4056.5835072239624
5946,6271.338263439643
5947,6860.206100326129
5948,7902.336167594501
5949,6872.14254539999
5950,7316.370908393934
5951,5446.357046285104
5952,4167.812736152777
5953,8702.225314244011
5954,3849.490688194266
5955,10104.232786579674
5956,5959.825407265685
5957,4222.067082279273
5958,6493.70483651556
5959,5447.873659469772
5960,6201.423016160471
5961,7896.4065933377115
5962,3788.1753634231013
5963,4269.107671374475
5964,6097.854639133344
5965,7135.511900233663
5966,9105.397329885145
5967,5702.082089486042
5968,5451.867196385779
5969,4991.598921861899
5970,6074.75889073696
5971,4679.795098479325
5972,9445.1245985961
5973,7486.169853134713
5974,10798.032219989194
5975,4367.330105654368
5976,5516.094388968132
5977,9762.819517141103
5978,7056.396261477761
5979,4210.959291238134
5980,9270.907869536417
5981,6024.435682952675
5982,4994.635568137931
5983,4716.91928397169
5984,4320.3970299252005
5985,4666.8890585473155
5986,4841.94738969769
5987,4210.211008947733
5988,4265.469250806811
5989,7633.987005862231
5990,6272.079086146842
5991,20588.151834562468
5992,6607.5531687777975
5993,3910.531443968238
5994,5913.798208864214
5995,7858.674078380583
5996,5252.754431740505
5997,6003.059342407318
5998,4723.315020059692
5999,6838.721852021186
6000,6422.695028851958
6001,3693.6939383618674
6002,4808.915624984913
6003,6236.266376305065
6004,6986.397437007566
6005,5989.488301626487
6006,8128.605028388988
6007,3966.2571158749156
6008,3819.826050309503
6009,4391.931816851269
6010,8114.19478957191
6011,9101.223912495272
6012,7652.287446393695
6013,6606.589740131808
6014,3872.021947430821
6015,5060.559602020019
6016,3316.3105265969434
6017,7110.570646729568
6018,8701.25856065541
6019,8240.361100869088
6020,4422.713226645296
6021,4492.109560184145
6022,3668.0121388906473
6023,5090.499747582046
6024,8710.144332036209
6025,5315.794325006046
6026,4312.643846685799
6027,4204.610362328893
6028,6571.552783133887
6029,3190.5177873488574
6030,6299.283436847321
6031,3386.8891317245043
6032,5811.904755430291
6033,5564.60497991304
6034,4787.440597905303
6035,6695.116903104797
6036,5597.040675451471
6037,4255.887049617794
6038,5862.304063143495
6039,6020.1992691490605
6040,9368.89244710944
6041,5091.021188069731
6042,6674.3841925287825
6043,6589.805434186643
6044,7406.721033593961
6045,5472.826203237829
6046,7516.601005468589
6047,3497.146613754896
6048,4441.718628086628
6049,5199.052166018673
6050,5408.176072999216
6051,7822.47380403242
6052,6401.356093712201
6053,4463.747770234761
6054,6315.679876645952
6055,5886.330487976588
6056,7761.223699604509
6057,3379.75641683932
6058,10961.431583582153
6059,3909.9417234731227
6060,5293.875426055335
6061,6980.069928595378
6062,3689.014312003878
6063,4777.167387177454
6064,5168.857841448273
6065,6212.440133354405
6066,4547.956322220148
6067,4556.014357657124
6068,6814.437863199517
6069,6527.09655539008
6070,5506.478850632049
6071,4288.145496472238
6072,6538.075387413183
6073,9918.612275853953
6074,5778.590617285808
6075,4267.214192966165
6076,5615.159089980899
6077,5571.877786388522
6078,5476.026781836972
6079,6495.281039595361
6080,3354.1772790504274
6081,6495.306877200636
6082,5449.78391813713
6083,5625.079681812596
6084,6229.116095423827
6085,4018.5317291093675
6086,4593.568073975931
6087,3956.9522004033793
6088,6770.835701539885
6089,7568.0449129343115
6090,4446.545160485421
6091,3658.488144255407
6092,5808.012335453453
6093,4953.408257740583
6094,4522.723435279191
6095,6429.247031691221
6096,5593.6603958034575
6097,6923.128388339492
6098,4416.589994631606
6099,4188.3297252454695
6100,5193.263427964022
6101,6998.722044772386
6102,6420.404619228057
6103,6958.725871588075
6104,6812.238271074249
6105,4581.647567449101
6106,7591.137539854745
6107,4567.168542466296
6108,5630.406659519661
6109,7635.641120987723
6110,5495.914844585605
6111,8557.158763629446
6112,6872.329341891278
6113,6205.526118560058
6114,4936.758400500099
6115,6623.634945757221
6116,6229.260062428297
6117,5097.022581321845
6118,3283.7761210645936
6119,4603.152241663782
6120,6625.511412758983
6121,5102.780773041716
6122,3688.54301356116
6123,6928.411791798612
6124,5852.517345784174
6125,5257.638171148673
6126,4854.073112125673
6127,4470.74833909397
6128,6256.913758117038
6129,6258.236094309497
6130,5343.085931882093
6131,4649.166359728523
6132,4497.276699094921
6133,5555.509004043406
6134,3036.342868195862
6135,5658.366292770197
6136,3948.108683970284
6137,7130.150989439616
6138,6173.46850920929
6139,5555.003174586197
6140,9223.008172325117
6141,4154.16283610165
6142,4462.0830071432265
6143,8859.035916143119
6144,5365.960537235639
6145,6984.748946823803
6146,6722.827132328521
6147,4588.945277102617
6148,5455.427445096708
6149,4794.205860442392
6150,6966.693206318356
6151,9160.587298667213
6152,5394.744138856911
6153,2537.1993742173404
6154,4433.768689292122
6155,6699.407928075164
6156,7625.703033093655
6157,4957.8371722078155
6158,5774.72548539393
6159,4318.4107755458235
6160,4551.254700171849
6161,2822.978767788351
6162,4303.040700199131
6163,5197.689836314906
6164,5848.719814742274
6165,6099.596985478985
6166,5482.4530794488455
6167,7039.9121818461535
6168,7272.369440458692
6169,6633.82033209943
6170,3911.4550976315245
6171,8150.038963413644
6172,8368.14868949659
6173,4651.572470005636
6174,6393.42428379009
6175,4345.838912625422
6176,5732.672552048542
6177,3098.2993359023126
6178,5697.119315730385
6179,4097.766237660094
6180,7969.006181724829
6181,6039.330547313027
6182,6929.912996958255
6183,6899.805938423879
6184,4657.048568881281
6185,6838.907869183332
6186,17056.800154757027
6187,8336.22515905159
6188,4343.38405748739
6189,2317.366221094932
6190,5174.789138530279
6191,7135.881850864527
6192,5030.1333360837325
6193,11467.250412617963
6194,17337.653998360074
6195,3245.098982876015
6196,4310.370307990049
6197,7639.763086462848
6198,4126.090710017899
6199,6284.375583299226
6200,5207.142417962397
6201,6341.373623313095
6202,3621.1314012019902
6203,5456.5937186774145
6204,5124.111119227702
6205,6910.840592899946
6206,7405.730975600557
6207,5399.986879576491
6208,5086.9210093275415
6209,5887.633018419571
6210,4067.0699476912455
6211,4451.896093201408
6212,6827.059103748317
6213,4446.447277411633
6214,5187.021363318055
6215,5947.161020799108
6216,5160.308256218015
6217,4655.250412521529
6218,6029.30342355355
6219,5844.673431360411
6220,7406.582283317684
6221,6127.225758635091
6222,6398.748990987229
6223,4850.128165805243
6224,2954.577139418833
6225,5180.952660788402
6226,5550.312001426774
6227,4877.444334791121
6228,3954.2477423182286
6229,7296.458396276524
6230,5557.311623038258
6231,7833.294819132975
6232,6066.8301883394015
6233,4524.654339311791
6234,4474.248882110683
6235,4116.851747630479
6236,8194.256486890648
6237,4316.293023965005
6238,7002.142642243837
6239,12846.286110338237
6240,6541.640004073068
6241,6435.346389603192
6242,4178.021034946886
6243,4035.9049279104497
6244,6015.1722119029155
6245,3442.9726117670543
6246,5055.689049981291
6247,8840.339625075972
6248,4717.340758066497
6249,12422.786163108363
6250,11075.033151275637
6251,4542.315946227863
6252,5946.048283384535
6253,4946.799351230926
6254,5891.185970927758
6255,4650.306953447719
6256,9392.981374859619
6257,6357.801535917403
6258,7144.715234844257
6259,3853.471239074925
6260,6523.233259601984
6261,4301.449364777037
6262,7441.14653730157
6263,5619.645403237689
6264,5037.0918206729875
6265,5704.964167546918
6266,5424.133496042511
6267,7080.814849187673
6268,8241.852165560706
6269,5161.508010247345
6270,8520.854940218043
6271,5936.140020770672
6272,8052.643238519338
6273,4857.961814489348
6274,4218.00437611209
6275,4281.472655924515
6276,7632.049595382802
6277,5567.123073516662
6278,6373.507204824102
6279,5527.440065857559
6280,7453.725198189016
6281,4100.846244289848
6282,6918.583284663764
6283,5604.13975524231
6284,3483.269917360565
6285,11215.26861871616
6286,15262.536760972407
6287,5891.374955054268
6288,5698.69793275917
6289,7205.6309485748225
6290,8709.136092732575
6291,9583.803885838644
6292,4606.962524927661
6293,6478.033626452996
6294,4863.2968731472265
6295,7065.2058875773455
6296,3530.300579571881
6297,4798.079916958476
6298,4466.838420716862
6299,4657.104054105566
6300,6452.3273366555895
6301,4510.85659127672
6302,3479.686774770867
6303,5517.569648047877
6304,3308.198154759923
6305,3756.134443639443
6306,4912.885140172901
6307,5058.5244518388745
6308,7725.312200044827
6309,7210.549240364668
6310,5980.809855960968
6311,5746.998689518648
6312,5534.516779228509
6313,9654.769438607269
6314,6106.337162113924
6315,4391.743169630567
6316,4281.8991343186035
6317,7654.026167602008
6318,4179.538984101316
6319,6202.769808810401
6320,3218.8731187307385
6321,4264.109159569699
6322,6252.1459414180235
6323,5329.1441956412755
6324,4600.849587433857
6325,7668.437841706512
6326,8409.022354243409
6327,10083.21635461264
6328,5139.457403698703
6329,8456.916052108274
6330,2777.0826242804455
6331,4461.833207759816
6332,5409.993695820476
6333,3404.628888611399
6334,7027.6958481687125
6335,4311.785404984059
6336,4739.886937172438
6337,7629.481459879539
6338,9027.249020904414
6339,7624.004654679924
6340,4631.430015289766
6341,4248.2142515811765
6342,7757.864276448792
6343,6696.411376528844
6344,5100.458392952279
6345,4569.1828996746935
6346,5903.611499923755
6347,7635.992147550492
6348,3821.598011198359
6349,5367.288039460653
6350,6588.6029881903205
6351,6859.344614859452
6352,11580.86318243254
6353,4620.590241338723
6354,10821.939939993112
6355,5803.436562957285
6356,4473.13310183102
6357,3047.7134832422985
6358,5347.618815152278
6359,5014.3152469545485
6360,4790.701566798921
6361,6718.438003574691
6362,4299.325362884973
6363,3781.401598680578
6364,5999.227650612776
6365,3074.9863689495605
6366,6959.897522602264
6367,5716.406954032283
6368,6512.917074344277
6369,7099.99769104631
6370,4093.9565432201252
6371,7934.069306154013
6372,5780.5448501621995
6373,4849.5285949924455
6374,4929.486694887734
6375,4560.693287750688
6376,8637.62726132669
6377,5816.0059162873795
6378,4201.326106609236
6379,5871.238179738325
6380,7158.890999224206
6381,6028.852415211836
6382,5084.328492048101
6383,7131.540201610043
6384,5103.8030755001555
6385,5276.415177407869
6386,4897.16819741372
6387,7778.528499531572
6388,5071.25859046861
6389,5185.343178312763
6390,4382.133917670079
6391,4412.744733195609
6392,3483.829475043589
6393,4454.286701568268
6394,7082.265461620408
6395,7727.17970737304
6396,9375.125416029734
6397,8645.363772216764
6398,6826.511879006278
6399,5147.002532221818
6400,4768.027916467536
6401,9725.863564358446
6402,9072.75553568743
6403,5771.002299735632
6404,6914.655515321826
6405,7049.030135329775
6406,4835.05259512062
6407,3406.5689051439563
6408,9575.332398198183
6409,5196.484520636078
6410,5683.671806023028
6411,5321.78353323416
6412,2020.6624959173323
6413,8877.055697557214
6414,5156.8470723245055
6415,5139.051037675248
6416,4507.5769794533
6417,4423.09525894944
6418,5813.853962766207
6419,6144.830445715037
6420,5690.6136460722455
6421,4710.768129044414
6422,3859.205157015837
6423,3461.7865047508853
6424,2698.0069399939885
6425,6022.824656889452
6426,16470.85301697819
6427,4079.499698826683
6428,4983.339590783009
6429,5722.976903457266
6430,4772.355424800637
6431,4302.415697286768
6432,4520.99891110108
6433,3486.531907127951
6434,6291.919826822372
6435,5932.814462545964
6436,3278.144968439383
6437,7072.048427171798
6438,4173.177636883295
6439,4138.793826085126
6440,7039.256455485884
6441,6557.493305985116
6442,8634.364520026655
6443,4480.024547116117
6444,5858.469299435186
6445,4108.77530740032
6446,4211.877060695114
6447,13028.826936510584
6448,8479.340974447616
6449,5866.2115534758095
6450,4398.510702438037
6451,4141.338539872764
6452,5042.318507731417
6453,4233.990397152157
6454,9702.376137780146
6455,4435.640411330521
6456,4678.280849574327
6457,6253.085986048868
6458,4007.366705805605
6459,5474.718353214932
6460,5766.076680550833
6461,6340.880190949563
6462,5714.040540902422
6463,3427.2950857309684
6464,4898.988968891535
6465,5533.295692480216
6466,7973.87606317016
6467,7449.539647332144
6468,6130.368171700459
6469,3528.3107776801853
6470,6756.356649653848
6471,4946.974241481053
6472,3994.7601778040516
6473,6170.4251977025015
6474,6437.444636329006
6475,5420.522948292398
6476,5226.129451596861
6477,5480.543921955172
6478,5542.537069698697
6479,4915.847771530529
6480,6203.405684215679
6481,6221.867217779813
6482,4204.532981957453
6483,7438.47829508478
6484,5083.474006474019
6485,4166.927146924555
6486,9692.08464187635
6487,4966.393961762567
6488,3155.578522784432
6489,6747.006183775334
6490,7677.838727681787
6491,8319.632796904049
6492,4288.011542737988
6493,5033.997205851293
6494,5394.956582192185
6495,6527.301894491296
6496,4836.109262041857
6497,6790.533976540753
6498,2771.3660752167157
6499,5120.46404958009
6500,4786.03838195937
6501,4606.160083483867
6502,4014.9358546844223
6503,6265.6006079712015
6504,6431.698146553037
6505,4952.748645544723
6506,6780.24799649398
6507,5380.052670172409
6508,7263.117741632478
6509,4156.624519475204
6510,5444.984063545546
6511,5314.687915510345
6512,6581.32207856399
6513,6941.030318713257
6514,3939.6563386010603
6515,7589.196867787368
6516,5797.633775296447
6517,6186.326590231391
6518,4192.927621861904
6519,3459.777175035554
6520,6550.288804033248
6521,4871.300667951497
6522,7429.940249170394
6523,5913.541308248874
6524,4775.970246231207
6525,6682.225430788545
6526,5367.218083506617
6527,4685.986104212621
6528,6770.785863650316
6529,4498.177249015843
6530,7289.8000214347385
6531,8782.662190378973
6532,6451.401843764141
6533,3900.936646100323
6534,4376.618069719659
6535,3449.0782243892513
6536,2783.5109803942596
6537,6663.795144750757
6538,4644.913427020986
6539,7416.192840183762
6540,3697.537344094017
6541,5801.0349500907005
6542,5222.486252693477
6543,7539.373529587942
6544,4288.617649668513
6545,4610.082639677107
6546,4218.987167736462
6547,6176.708294003959
6548,4355.667154035715
6549,6397.808870040478
6550,6822.518519667859
6551,8521.113072114558
6552,6247.560610464483
6553,6457.670454193704
6554,5188.6474393149165
6555,4124.436284447283
6556,4550.731704544501
6557,8884.817208369428
6558,7490.597528156892
6559,5982.334997720558
6560,14446.418674563769
6561,4633.293115282437
6562,4233.3071034564855
6563,4932.204570743973
6564,7328.89696429416
6565,7965.675914306723
6566,5654.929724396486
6567,6976.23830995967
6568,6732.702251263582
6569,6436.731409233078
6570,5241.746747165932
6571,4652.341350204091
6572,4198.076239834241
6573,4213.8085107081415
6574,3434.180849117604
6575,4227.2721538760825
6576,7117.162387762399
6577,14198.642218138879
6578,5603.532303261005
6579,4479.5071649314195
6580,5750.33106619897
6581,3390.3813359519045
6582,5591.430701360568
6583,3709.107723801155
6584,7853.989646003369
6585,5583.4928249439845
6586,5476.607982040106
6587,10715.537727343493
6588,10862.72227515978
6589,4607.6061705486145
6590,6062.970833469534
6591,3647.658620259974
6592,4782.686174657753
6593,4905.196381612841
6594,7570.249880772048
6595,4012.5837469707585
6596,3627.9270033997777
6597,4839.369985599168
6598,4844.095434976585
6599,5617.560372185934
6600,5771.840584548693
6601,3611.077948334051
6602,6454.091963513325
6603,6616.133826711262
6604,6306.906124431232
6605,3705.739860163184
6606,3418.9413541399304
6607,6681.184341462824
6608,3634.783615743749
6609,8462.535314467015
6610,3917.272405713984
6611,4197.653173460172
6612,5661.420666149231
6613,4628.03284403709
6614,3969.7393893630892
6615,4766.701146778942
6616,5337.469588140378
6617,8451.161312129661
6618,7715.627803123209
6619,5066.794628390076
6620,3514.8990407693436
6621,4983.0166048285955
6622,5573.879985641853
6623,4339.724532985664
6624,4985.123980469516
6625,5077.686316549054
6626,9732.580936746319
6627,5963.8372958921445
6628,5409.420925227297
6629,6514.759062344778
6630,3958.7981105421604
6631,8163.073885521227
6632,4585.73131804611
6633,10271.003054473142
6634,5157.279899858788
6635,4483.108549213467
6636,4599.267688248544
6637,3456.63548362502
6638,6721.571836009461
6639,16359.154627723789
6640,3448.487132336432
6641,4366.201659529144
6642,7906.161605483291
6643,5406.902462913763
6644,6280.003761815255
6645,6850.663006811892
6646,4958.680355685538
6647,4348.60345090172
6648,3966.344204738649
6649,7966.46160034726
6650,4799.100990588109
6651,6154.924746581966
6652,6542.471617438567
6653,4187.969351623555
6654,6460.683422562259
6655,5240.769996492755
6656,3498.7531505205616
6657,7653.274576960172
6658,7505.365302018995
6659,3701.1441525352607
6660,6560.42032452066
6661,5763.771781432825
6662,4168.3386128539705
6663,8037.705127179655
6664,5634.178854903262
6665,6779.5506881983465
6666,4138.879036783486
6667,4056.9596988932353
6668,5810.815825778972
6669,3214.6735086542353
6670,6804.175286089964
6671,3315.777045919092
6672,5304.194944917755
6673,4445.027927092106
6674,5003.146028401435
6675,5432.097891997431
6676,5923.475859204589
6677,5681.263026878648
6678,6844.648119322373
6679,4784.271317178837
6680,6221.543353120236
6681,5587.34902676982
6682,6571.107137651626
6683,8010.044278090354
6684,6050.146938983555
6685,2688.3231706274973
6686,5182.941466980486
6687,6267.209440997628
6688,3714.641217623561
6689,10190.645178026563
6690,4829.976948502494
6691,5841.750765921978
6692,8900.623609815777
6693,6011.065485223485
6694,3413.0677012342426
6695,8521.080802744817
6696,8642.44947997063
6697,5056.982416023677
6698,6849.881612659854
6699,8405.81495522386
6700,5038.786307918912
6701,4416.023208589557
6702,5991.053533383043
6703,4528.035109716234
6704,4885.172784835686
6705,6182.708100577034
6706,4120.541515106864
6707,5639.336140886281
6708,6039.2514151374735
6709,5441.932005815491
6710,6149.7734836806485
6711,5247.895405089865
6712,5496.222932121483
6713,3563.7758881089644
6714,6636.56751215337
6715,5914.367191997376
6716,5521.042701298484
6717,5862.471768929225
6718,5896.037279051325
6719,7969.9494423515835
6720,4633.795076524786
6721,4243.046539447463
6722,5082.983207525307
6723,6320.299753930293
6724,5496.071727626455
6725,4161.063358698092
6726,3530.8554049796567
6727,6582.483842335113
6728,6421.820771979452
6729,4691.244479540944
6730,6630.232472493801
6731,5659.33878231822
6732,5460.127232620193
6733,4248.1674386299155
6734,3015.9999064656536
6735,5434.036364908261
6736,5663.139404206904
6737,5350.883946775625
6738,7875.015230393496
6739,6483.822143865963
6740,4330.831844200903
6741,7402.751400082365
6742,3372.8450060430973
6743,2765.120407458508
6744,6242.848758624912
6745,10000.781033033307
6746,6837.804437808321
6747,5879.5925721261865
6748,3546.2385244040356
6749,5822.867886362168
6750,6996.8945999796715
6751,4667.35578793951
6752,6717.055731989576
6753,4104.358909325581
6754,4119.942728926316
6755,4525.149123960269
6756,4647.013988880064
6757,4915.676714759804
6758,3824.58901561385
6759,4070.9395015890595
6760,3666.1168094063623
6761,6207.971405200416
6762,5628.346965833706
6763,4259.385759259136
6764,5426.899846842141
6765,5680.550509662197
6766,4638.530148587921
6767,4672.7925152398175
6768,7324.562809345714
6769,6372.137693580481
6770,5230.7804166556425
6771,3139.489601508421
6772,9193.076199407482
6773,5337.118983540634
6774,4226.301643989725
6775,6631.934523151403
6776,5923.430175351692
6777,6227.628107766921
6778,5126.054599013006
6779,6565.995016971825
6780,7336.467457028027
6781,10582.025372498421
6782,3821.0635759004626
6783,3604.3671097320434
6784,4515.06817583964
6785,5649.748775573234
6786,4954.636237874933
6787,6457.42185796136
6788,7284.642662597751
6789,5043.123820690204
6790,3533.6395033981653
6791,4670.665910106467
6792,7756.826211116867
6793,4067.478536392543
6794,5936.921040180921
6795,3424.682075535233
6796,6265.566958229882
6797,6337.603748315236
6798,6359.983664655892
6799,6667.227732268451
6800,5389.5274708705
6801,3612.451084238131
6802,5564.799118221732
6803,6310.26034010594
6804,6996.583828493059
6805,6453.9080608544655
6806,6677.894579985265
6807,5011.734319449906
6808,3940.8400425544723
6809,8254.535127206595
6810,3710.4840733870574
6811,9428.012029024447
6812,5253.789730700748
6813,3744.5490901601006
6814,5992.7750594940135
6815,5351.2641899291
6816,5892.794845603997
6817,7561.946276536403
6818,3670.9126997889953
6819,3880.3064128421033
6820,5816.57367065943
6821,6541.326599757689
6822,8440.144129663577
6823,4836.977521091322
6824,5313.7533247741785
6825,4934.526203696311
6826,5386.01133247679
6827,4446.710757847472
6828,8458.70520076673
6829,7060.06791093157
6830,10223.140432509372
6831,3860.4730672224637
6832,5028.508884394239
6833,9114.394740698393
6834,6895.221451157369
6835,3999.2555853552817
6836,8572.956663124214
6837,5751.447752211423
6838,4324.600954499944
6839,4315.398513781875
6840,3830.076708999898
6841,4552.952057998435
6842,4656.564929506438
6843,3951.3458385114136
6844,4060.18016952725
6845,7257.84146375607
6846,6143.466065562539
6847,19417.596149328823
6848,5654.333040251355
6849,3985.2405253545935
6850,5952.934760169083
6851,7847.5058671780835
6852,5042.968910123265
6853,6054.2301716484835
6854,4804.207721686819
6855,7084.821220793074
6856,6485.625257567354
6857,3665.8291241221505
6858,4820.825669739017
6859,6201.654645536985
6860,6957.3826462569805
6861,6041.148276304846
6862,7688.986420890491
6863,3868.5987555921865
6864,3707.1515960382176
6865,4289.409792296175
6866,8175.129820080672
6867,9133.73305105038
6868,7650.948794860124
6869,6605.526549990053
6870,3701.049540340992
6871,4981.95826459043
6872,3344.1408881374687
6873,7190.780162135685
6874,8675.348999848477
6875,8162.543019435212
6876,4393.764877885007
6877,4496.745819373005
6878,3581.907150162318
6879,4980.575022488188
6880,8896.416485710517
6881,5304.887215484919
6882,4145.279424338744
6883,4113.459199607944
6884,6651.107220771701
6885,3251.68371058525
6886,6262.218469486382
6887,3315.0874358062406
6888,5515.130320728338
6889,5421.304460914793
6890,4777.630992898146
6891,6651.658767555801
6892,5476.416144176044
6893,4299.770452241978
6894,5960.270542944647
6895,5915.886823934095
6896,8916.175765500471
6897,4976.2588663859815
6898,6653.380209492847
6899,6720.47653944316
6900,7460.48573672204
6901,5536.355288436298
6902,7537.633670555257
6903,3417.551999620046
6904,4478.582030485124
6905,5285.207268128342
6906,5329.502522614492
6907,7680.2867571269035
6908,6323.72058883223
6909,4420.673119222858
6910,6114.533775850362
6911,5894.555968293745
6912,7468.081244205064
6913,3439.7317403409593
6914,11336.986712916756
6915,3943.952981797201
6916,5342.24269073762
6917,6995.051788441754
6918,3667.158725455823
6919,4764.661177207396
6920,5096.691538625467
6921,6209.458590384075
6922,4475.518024857586
6923,4578.864637410619
6924,6642.319724834601
6925,6610.279201983919
6926,5555.952492033261
6927,4295.025801658622
6928,6576.296139074483
6929,9866.880865870951
6930,5805.492885817003
6931,4393.34728227064
6932,5527.555187406617
6933,5666.633940363369
6934,5426.484107236516
6935,6384.936984619235
6936,3393.099132188926
6937,6377.019917537952
6938,5607.000169359656
6939,5597.53723078667
6940,6484.384455943071
6941,4148.987208816973
6942,4462.419556707418
6943,3926.8516355694937
6944,6751.11953593168
6945,7313.966071903817
6946,4552.313940292296
6947,3643.1984153060257
6948,5739.928128017872
6949,4889.665073969233
6950,4402.536987066746
6951,6359.573423147102
6952,5481.504528943155
6953,6943.497126949735
6954,4448.763358271793
6955,4256.447515961089
6956,5131.82933662453
6957,6752.607367566712
6958,6414.7517237021875
6959,6867.204385834809
6960,6811.770618413071
6961,4471.006016372998
6962,7419.778529746633
6963,4689.917430441771
6964,5620.160963215842
6965,7555.613490775301
6966,5439.42037959872
6967,8626.816044482408
6968,6960.596545934205
6969,6097.760798409576
6970,4817.067351822741
6971,6649.785613038324
6972,6102.260031093255
6973,5022.191355474446
6974,3328.4430857615935
6975,4568.217726741257
6976,6601.329005243922
6977,5056.376655337002
6978,3665.9937682171458
6979,6962.4351784911405
6980,5803.606100195168
6981,5155.682503107004
6982,4921.923865845056
6983,4515.307026932601
6984,6298.650132398782
6985,6195.015088174257
6986,5209.474251181405
6987,4634.872303809999
6988,4540.391202507432
6989,5600.572903066786
6990,3005.75133697664
6991,5615.029759046374
6992,3888.0144623775027
6993,7087.0538711875915
6994,6200.327714200753
6995,5569.81279022649
6996,9188.972632906098
6997,4413.630376431862
6998,4336.260529492969
6999,8932.092916147132
7000,5484.849864358089
7001,6917.81232693178
7002,6800.27980231816
7003,4212.893483788371
7004,5428.330429739408
7005,4748.6105927886965
7006,6908.0514637482975
7007,9328.566437657691
7008,5337.224248390346
7009,2514.2719143810577
7010,4561.648802572494
7011,6763.213956530739
7012,7471.236216229074
7013,4860.792398834992
7014,5820.015592161348
7015,4349.109192563321
7016,4548.555797033439
7017,2892.622861834628
7018,4356.596819872112
7019,5090.033757968786
7020,5787.156470416676
7021,6186.211944535199
7022,5469.368876571598
7023,7045.299444065802
7024,7094.4306807986795
7025,6635.546304991412
7026,3863.2840310601227
7027,8208.602525087586
7028,8357.820628644713
7029,4541.177239854166
7030,6436.114655436434
7031,4272.397547898118
7032,5756.8482591545035
7033,2949.943408862553
7034,5671.930694546913
7035,4062.940369770184
7036,8050.614771764914
7037,6072.1860626480075
7038,6849.083701007649
7039,6928.902724654345
7040,4517.969873045096
7041,6770.238054677372
7042,17049.723242938475
7043,8223.695524920528
7044,4374.441132473041
7045,2321.071333463383
7046,5146.133927463626
7047,7237.275109727724
7048,4923.042776231218
7049,11383.150044039166
7050,16956.509292370934
7051,3287.5029145008543
7052,4309.296968028912
7053,7127.792244884251
7054,4235.557828387123
7055,6242.695582952262
7056,5169.672431269897
7057,6410.35082792586
7058,3541.122936781683
7059,5532.076608537469
7060,5095.513481106835
7061,6957.33048240517
7062,7375.760874014046
7063,5285.641253245713
7064,5001.7057741959525
7065,5859.297236806335
7066,4037.766708513384
7067,4421.033351643465
7068,6871.947990580792
7069,4372.929628166986
7070,5110.191320486796
7071,5983.790282567305
7072,5191.990130182164
7073,4738.443729447276
7074,6043.67072465824
7075,5808.879766721017
7076,7157.593273065883
7077,6241.95016946702
7078,6314.746677729643
7079,4852.6020473494145
7080,2950.885619062611
7081,5102.53207811876
7082,5553.379206969877
7083,4906.449418146223
7084,3923.232309531282
7085,7253.404117944455
7086,5504.665067303886
7087,7989.499263466326
7088,6132.102400549833
7089,4404.031256515214
7090,4425.354863547214
7091,4041.605116832337
7092,8039.322275018365
7093,4244.708376417765
7094,6938.872886522765
7095,12819.618196135685
7096,6471.6742381170825
7097,5608.349733878138
7098,4038.0781079060075
7099,4068.4807574324095
7100,6005.87719825779
7101,3415.28575945429
7102,5041.434505794614
7103,8847.8414772678
7104,4727.7947166247695
7105,12416.827195287216
7106,11090.54474421557
7107,4430.440985402747
7108,5908.0207247957105
7109,5018.482599247219
7110,5921.529914615893
7111,4682.833782484895
7112,9438.153010064705
7113,6125.416367334125
7114,7054.691923925659
7115,3761.58684407285
7116,6561.349160605807
7117,4252.650814277042
7118,7383.211894060348
7119,5476.16263501115
7120,5002.5642800814685
7121,5672.086212202656
7122,5372.826051762319
7123,7037.5974400537125
7124,8209.122148005708
7125,5058.120730728678
7126,8429.87808076461
7127,5798.414500749069
7128,8104.807913964506
7129,4864.186087365611
7130,4173.459717455831
7131,4231.452536422136
7132,7577.056753777877
7133,5407.573884604903
7134,6226.315270439788
7135,5492.687453567599
7136,7405.839692139421
7137,4000.3617447115853
7138,6768.082345683234
7139,5615.7255213888
7140,3467.2025751485157
7141,11379.205942221577
7142,14917.080022742275
7143,5769.1689678543535
7144,5663.688456036889
7145,7299.126698246444
7146,8704.110266384765
7147,9712.587348104144
7148,4594.04946300569
7149,6535.0904211728375
7150,4810.9907245447375
7151,6904.754556095233
7152,3537.680897563023
7153,4756.71719255758
7154,4433.7636415193965
7155,4594.321562828513
7156,6459.181883880948
7157,4500.4914579567485
7158,3425.4094788182683
7159,5450.183227107404
7160,3144.2128229081477
7161,3777.175966182438
7162,4861.040039483144
7163,5333.73368467004
7164,7563.714933612611
7165,7166.050231442998
7166,5929.325978702612
7167,5597.383258545293
7168,5481.683166068024
7169,9597.557258692243
7170,6146.706429868099
7171,4325.003560251023
7172,4264.3109745882975
7173,7635.743106876116
7174,4180.097177466533
7175,6250.375841971172
7176,3136.805488849865
7177,4387.313200376426
7178,6009.397998524541
7179,5301.511588995962
7180,4473.324947124601
7181,7521.212304035799
7182,8282.02851048953
7183,10184.339291437975
7184,5053.508212684279
7185,8264.856988200405
7186,2841.947105756043
7187,4438.84924635358
7188,5338.184143998161
7189,3287.933764953377
7190,7034.594111150506
7191,4302.549541444619
7192,4844.032131325787
7193,7693.004850801377
7194,9014.454673535549
7195,6940.896709696237
7196,4603.539918504433
7197,4155.751667634654
7198,8557.339102405374
7199,6710.212548348032
7200,5143.684087715326
7201,4444.152377785919
7202,5882.803781826323
7203,7581.648821268785
7204,3887.592162661542
7205,5423.194943115206
7206,6501.3401949579165
7207,6798.010136927637
7208,11435.252522108145
7209,4488.270885614629
7210,10910.317092325826
7211,5656.554097987059
7212,4465.867682285135
7213,2918.718315410775
7214,5360.699612662088
7215,4889.786123313145
7216,4711.381532395657
7217,6444.0981269306285
7218,4231.078592600692
7219,3723.721925480749
7220,5921.732053961192
7221,3108.730660601695
7222,7011.703808136827
7223,5701.227028653853
7224,6456.526559042407
7225,7067.660945711918
7226,3988.4329023721057
7227,7988.257179388221
7228,5892.475009245455
7229,4870.706711283448
7230,4942.462227337834
7231,4602.640219716807
7232,8637.808382783944
7233,5850.009197793376
7234,4169.18511427811
7235,5881.579365221743
7236,7065.601453566782
7237,5999.472693177934
7238,5042.379898797739
7239,7290.951643009108
7240,5155.901724179726
7241,5276.0904501615305
7242,4807.626887596903
7243,7606.778755212054
7244,5007.877160151931
7245,5073.331588612307
7246,4281.419462080508
7247,4392.355882623725
7248,3596.5119505443295
7249,4249.130990664424
7250,6891.514592580101
7251,7558.087541185467
7252,9343.19354160756
7253,8557.624760914825
7254,6706.538904035678
7255,5251.9984686194675
7256,4831.0719897666795
7257,9870.5657992041
7258,8981.444597160404
7259,5656.503872204011
7260,6981.1209622116785
7261,7029.739969334304
7262,4787.910671813475
7263,3491.807110207532
7264,9637.671486695393
7265,5224.696542605393
7266,5715.954967789772
7267,5242.096303193011
7268,2033.1892276954563
7269,8775.49109870244
7270,5179.071885972647
7271,5102.862602497915
7272,4544.782956773922
7273,4394.919710920353
7274,5860.7200353551625
7275,6032.366878525257
7276,5494.915113770124
7277,4912.520596829347
7278,3862.6859730203905
7279,3568.4689451375657
7280,2649.224833242162
7281,5929.938296984685
7282,16418.645936859444
7283,4087.786296240945
7284,4911.328112289538
7285,5820.592798331492
7286,4730.358575128157
7287,4331.030051931789
7288,4456.772683704662
7289,3514.7326556500543
7290,6195.552961255345
7291,5831.660547518608
7292,3250.2043633961625
7293,7055.911979694438
7294,4059.6765773725997
7295,4190.614479906687
7296,7032.889550533621
7297,6595.62436418813
7298,8762.516487266012
7299,4469.544670895624
7300,5857.163785407683
7301,4111.741623408794
7302,4215.034918579801
7303,13290.420100109972
7304,8220.819594859047
7305,5711.894221103583
7306,4416.688974405484
7307,4061.780202116598
7308,4971.507887543742
7309,4093.1077241715575
7310,8553.491444192361
7311,4522.5806563146325
7312,4760.542094032988
7313,6080.632189067821
7314,3979.9417581140347
7315,5505.715590632282
7316,5615.4095510157595
7317,6170.606093271834
7318,5639.488010672455
7319,3445.85234219
7320,4950.890317018317
7321,5343.749721537481
7322,7914.88545241926
7323,7446.59525066266
7324,6074.340740010803
7325,3537.119219397317
7326,6775.264569077178
7327,4931.980745915819
7328,3970.185333426943
7329,6070.928688299524
7330,6415.226457983424
7331,5388.664446699276
7332,5221.665878909503
7333,5512.6156094354355
7334,5514.6460141625785
7335,5010.356864675465
7336,6201.211978083676
7337,6003.597777611564
7338,4047.987666969479
7339,7345.551739171056
7340,4925.845066937991
7341,4152.252722123614
7342,9613.969384869159
7343,4883.01888958869
7344,3410.588772761457
7345,6715.3350077975365
7346,7577.729706974645
7347,8191.883308839433
7348,4309.535198298967
7349,5009.373945796318
7350,5398.14079609967
7351,6596.795194693027
7352,4811.4704056814735
7353,6684.170522384565
7354,2805.5710620109426
7355,5136.7867233247625
7356,4766.696258658936
7357,4661.758386763551
7358,3944.4158499899245
7359,6252.72204386511
7360,6415.467830676547
7361,4889.350364713755
7362,6777.826081007032
7363,5326.37158041865
7364,7250.309186006094
7365,4007.3259193576428
7366,5391.746816294071
7367,5316.741744991359
7368,6434.412026398708
7369,7058.87505687367
7370,3221.983966620277
7371,7600.068919845187
7372,5740.167500588771
7373,6179.199822560197
7374,4277.8740453531345
7375,3457.7717018226544
7376,6409.143579535299
7377,4823.489492765541
7378,7430.389412405864
7379,5735.2306417860045
7380,4803.730719922292
7381,6562.287259676225
7382,5339.542839828002
7383,4473.717909141921
7384,6808.374585228642
7385,4416.881350762734
7386,7413.982192858452
7387,8738.772064448518
7388,6522.750168532575
7389,3884.44905639722
7390,4276.406404964695
7391,3379.9880709187455
7392,2765.877278946824
7393,6630.596912930666
7394,4568.196732943745
7395,7452.223772578824
7396,3539.430745358878
7397,5597.2435307728265
7398,5148.186413488172
7399,7653.785669374377
7400,4182.493102746138
7401,4535.536527672721
7402,4203.300293357469
7403,6226.190912064221
7404,4197.441896855407
7405,6351.4849909096765
7406,6747.10428532663
7407,8553.862565827316
7408,6158.9484157715615
7409,6423.029079339264
7410,5000.236529005411
7411,4123.094154891688
7412,4303.097175271296
7413,8908.47624501459
7414,7467.503555622208
7415,6109.45500188202
7416,14316.278316046984
7417,4642.211213085007
7418,4166.00250748096
7419,4937.16845082407
7420,7283.248457219848
7421,7704.748381608114
7422,5582.631295721715
7423,6938.980847835314
7424,6707.907535461443
7425,6525.722383691872
7426,5221.741416470459
7427,4555.781686785964
7428,4116.048526166857
7429,4123.9229241236835
7430,3481.800250050089
7431,4176.512667295044
7432,7104.933272065846
7433,14164.016052041658
7434,5550.808629563407
7435,4382.01410459003
7436,5765.52689391589
7437,3324.0197660626422
7438,5514.4953600604385
7439,3591.571378333503
7440,7697.596666356148
7441,5471.470536984337
7442,5491.3262739884085
7443,10755.311086715901
7444,10987.98063307955
7445,4569.7789356531175
7446,5842.700499708183
7447,3614.7608329586337
7448,4847.610608050558
7449,5026.170751800224
7450,7377.131023393586
7451,4031.2879346900195
7452,3588.1353499854827
7453,4833.918185890352
7454,4795.58363545291
7455,5596.038346998579
7456,5629.199167460525
7457,3603.354232695847
7458,6334.569001755039
7459,6610.139349176121
7460,6128.671541745169
7461,3655.3415200730014
7462,3438.049649951685
7463,6648.11038082174
7464,3625.168830036572
7465,8510.24556678432
7466,3778.91617370582
7467,4073.3197388354934
7468,5532.2627197551865
7469,4635.3290984680125
7470,3904.923778093891
7471,4683.039003083254
7472,5254.668446837414
7473,8488.055036499196
7474,7584.252030857977
7475,4967.058512795106
7476,3553.7856586829653
7477,4983.137539165222
7478,5574.232145973821
7479,4373.78876545097
7480,4999.177182234457
7481,5138.816517712794
7482,9704.090343831489
7483,5951.107073011674
7484,5361.650956741365
7485,6512.299144393391
7486,3895.918059712925
7487,8164.886349601863
7488,4592.777494553443
7489,10292.776943676283
7490,5058.366666723902
7491,4489.765117893153
7492,4595.630570164842
7493,3320.722995137693
7494,6772.1499857520175
7495,16159.55871686597
7496,3462.291388090497
7497,4242.068999359932
7498,7700.7523350955935
7499,5444.121753679107
7500,6047.375208244658
7501,6874.09588081575
7502,4931.92401861741
7503,4385.790597152677
7504,3981.7765251334504
7505,7875.2319574138
7506,4731.030934006981
7507,6175.857617153974
7508,6568.789434292666
7509,4278.891869902975
7510,6369.328005440074
7511,5234.330695584524
7512,3573.9783951037343
7513,7627.93408696047
7514,7343.009146949449
7515,3741.164016311719
7516,6484.897907497684
7517,5633.553135758141
7518,4061.2497066505084
7519,7969.871989147073
7520,5497.177149998137
7521,6732.542946926622
7522,4071.3543006523482
7523,3966.575785873314
7524,6149.197836215091
7525,3036.6082754673967
7526,6721.177454507804
7527,3412.1986326972683
7528,5322.910785400782
7529,4454.649007957311
7530,4900.011117816057
7531,5580.952449893941
7532,5925.90953141706
7533,5539.999386395983
7534,6822.172065297587
7535,4634.483717163894
7536,6265.791537482612
7537,5515.370860130486
7538,6609.317533843152
7539,7912.172699191111
7540,6043.968143525437
7541,2666.7636970091003
7542,5166.281299099823
7543,6271.825126312968
7544,3844.858601900423
7545,10000.085464181066
7546,4756.422460201927
7547,5836.595293512023
7548,8902.17547155973
7549,5914.925033163059
7550,3390.6593451226963
7551,8415.807342489015
7552,8612.158326123323
7553,5040.4459084565715
7554,6752.5282749012795
7555,8411.911745561922
7556,4941.895891523026
7557,4484.982398804432
7558,5988.962261271965
7559,4510.0946142628145
7560,4861.244570308527
7561,6108.939932313967
7562,4097.684956182919
7563,5699.398431215793
7564,5953.219945121839
7565,5458.406222996904
7566,6036.736732748142
7567,5237.7175298106495
7568,5511.65541386327
7569,3379.7341014583894
7570,6474.3712934379955
7571,5906.015352407857
7572,5292.25930635663
7573,5891.0804892690585
7574,5870.370778217219
7575,7971.136787623525
7576,4584.543167024452
7577,4203.374574047182
7578,4979.946688004632
7579,6161.04179844034
7580,5487.056355361114
7581,4163.819120507567
7582,3499.3366703426045
7583,6616.340510112267
7584,6345.695309416703
7585,4627.151588604152
7586,6630.913984898988
7587,5542.720184016507
7588,5574.7724788007245
7589,4253.941411607649
7590,2953.9365980676857
7591,5396.492041077322
7592,5625.032260601401
7593,5372.542442624144
7594,7738.2046259218505
7595,6559.75911273287
7596,4391.299049278792
7597,7191.282651521403
7598,3376.86422842312
7599,2793.6627107376753
7600,6322.391206330215
7601,10148.969608552594
7602,6690.611215339756
7603,5893.199388968618
7604,3473.992288002691
7605,5854.8546610432095
7606,6918.687473739157
7607,4727.009247619913
7608,6589.279662985361
7609,4104.363580987933
7610,4131.184917112733
7611,4511.52808097937
7612,4550.742962641964
7613,4917.838488847359
7614,3807.0720053899454
7615,3961.489187996608
7616,3678.1945424871005
7617,6192.136042721098
7618,5539.292663155474
7619,4219.114847645385
7620,5392.721180331718
7621,5647.726913640118
7622,4657.532611935905
7623,4692.937899146828
7624,7101.097442852876
7625,6294.295575963107
7626,5045.4595601709725
7627,3167.912632438653
7628,9184.636689287674
7629,5260.968094963275
7630,4250.130797854896
7631,6463.629404401183
7632,6074.026134110529
7633,6204.356222018985
7634,5088.545573677875
7635,6608.328749965569
7636,7476.279482642566
7637,10308.420778579803
7638,3790.1434305962744
7639,3630.651878876989
7640,4400.255553472537
7641,5581.330544734239
7642,4746.796158515612
7643,6619.943577180971
7644,7184.408107906941
7645,5110.4324057154745
7646,3485.327416665504
7647,4589.803471064754
7648,7343.268635435121
7649,4070.4009110219627
7650,5848.091793942724
7651,3378.4890863510077
7652,6181.89499877757
7653,6344.822619892443
7654,6315.43875760086
7655,6688.4617118968645
7656,5397.264309048733
7657,3562.5088813310017
7658,5439.534674854039
7659,6404.8678975889425
7660,6980.159300268802
7661,6435.019942944803
7662,6559.217727009427
7663,4881.429079839877
7664,3946.7906090275014
7665,8311.919288111289
7666,3700.991852209609
7667,9512.436050010836
7668,5133.94659463556
7669,3715.7890154171937
7670,5994.325868906142
7671,5401.45956141777
7672,5897.814562337498
7673,7613.232610205874
7674,3618.5646087382434
7675,3885.845413711947
7676,5811.0743851528805
7677,6527.308278424861
7678,8440.541665204035
7679,4926.3667815431745
7680,5341.492258921017
7681,4862.918592906886
7682,5336.911973831199
7683,4400.113054202077
7684,8335.164099178573
7685,7065.626748088658
7686,10300.010536413536
7687,3886.3218187103735
7688,5104.417870431122
7689,9082.144495984363
7690,6840.915504439088
7691,3964.591509922135
7692,8434.24253670468
7693,5776.386546060801
7694,4347.162105887426
7695,4144.880736328084
7696,3829.815606681965
7697,4472.948287044675
7698,4501.194222095446
7699,3934.96357570491
7700,4050.8819348459083
7701,7102.859644006128
7702,6041.12761990097
7703,19289.96681254979
7704,5677.762295495141
7705,4020.1962107145296
7706,6053.141581153419
7707,8286.242846610932
7708,5273.538614100658
7709,6265.060317385204
7710,5090.09885876069
7711,6930.078316082182
7712,6597.269785012631
7713,3740.2985583266914
7714,5025.366427008734
7715,6236.622971465976
7716,7211.8477758981635
7717,6142.315276216247
7718,8091.54270768345
7719,3969.6531427831155
7720,3830.372906362004
7721,4352.174263599542
7722,8236.73169109934
7723,9259.474417960799
7724,7807.21413137173
7725,6679.563204769311
7726,4016.1735187681124
7727,5046.080281365636
7728,3436.661223340166
7729,7367.007486537784
7730,8606.945357772303
7731,8325.785348958396
7732,4470.274831154524
7733,4667.261787873764
7734,3758.667438777829
7735,5115.949409060072
7736,8844.604424895337
7737,5429.914769158822
7738,4176.688093450097
7739,4324.209959779772
7740,6652.063612461712
7741,3380.9177962916215
7742,6356.182928288521
7743,3293.4848257956783
7744,5560.546748937992
7745,5430.695746224447
7746,4962.035443797485
7747,6644.9605015536445
7748,5606.029030423045
7749,4338.948388389709
7750,6225.795965899451
7751,5831.4490871882135
7752,8694.971002131162
7753,5193.080554983419
7754,6863.887679628203
7755,6673.575355757469
7756,7516.482674366816
7757,5664.356054074342
7758,7668.924032188017
7759,3591.8674249354126
7760,4645.74617809985
7761,5474.637706366622
7762,5400.429316843274
7763,7872.29726477264
7764,6362.316911810098
7765,4621.75893104467
7766,6220.294261873277
7767,6097.31692435309
7768,7647.815743795072
7769,3511.40206042666
7770,11246.153091683238
7771,4085.616676454893
7772,5635.358290528473
7773,7243.459507358985
7774,3855.222117933463
7775,4765.369706921661
7776,5266.329975510008
7777,6261.533171720617
7778,4544.142408301977
7779,4756.191844516199
7780,6916.78896278045
7781,6715.693407369933
7782,5720.040442929587
7783,4390.046462113813
7784,6796.3888717661985
7785,10046.969505018324
7786,5987.494459864072
7787,4508.361449950791
7788,5473.088152426859
7789,5948.28661621187
7790,5558.885642733218
7791,6483.526940112418
7792,3516.547691326814
7793,6445.924153600319
7794,5870.533808953141
7795,5711.788390547433
7796,6581.446992802001
7797,4355.888764581927
7798,4496.848535796687
7799,4092.76479108768
7800,6777.00403712676
7801,7581.123767478874
7802,4742.017843490174
7803,3748.3735151415344
7804,5899.912135593451
7805,4963.056824363949
7806,4530.204950528339
7807,6540.101804593575
7808,5710.031035607368
7809,7186.676457758931
7810,4678.556803927291
7811,4401.167915802197
7812,5224.614539621737
7813,6820.6427697088275
7814,6657.6669785524155
7815,6910.746445220434
7816,6805.343816331327
7817,4700.914296288632
7818,7428.640523497431
7819,4865.874567100254
7820,5737.05906094712
7821,7591.212631591202
7822,5604.304159899239
7823,8833.611180257309
7824,6810.610256439901
7825,6398.810531914701
7826,4896.440054466186
7827,6854.777984108213
7828,6139.210687754771
7829,5262.4647868088505
7830,3458.630168987235
7831,4703.531946303839
7832,6833.763881301878
7833,5087.799340099069
7834,3765.9803427859365
7835,7213.648509633662
7836,6037.799342907549
7837,5382.21190517623
7838,5073.812473335247
7839,4694.600255295222
7840,6483.021784829846
7841,6326.376682752546
7842,5379.436959061694
7843,4706.32822239398
7844,4739.491524840299
7845,5720.1151301114305
7846,3090.943679746161
7847,6072.711317260995
7848,3909.8684847528148
7849,7123.251579852007
7850,6455.0445616282805
7851,5743.111124074431
7852,9359.370823827072
7853,4349.097387220748
7854,4422.378712964438
7855,9013.586824875587
7856,5462.616845105425
7857,6902.296985041586
7858,7088.557171329609
7859,4206.239008729009
7860,5559.895004815508
7861,5001.246990973634
7862,7100.324707877868
7863,9541.304238041448
7864,5414.316617371078
7865,2510.3551298129228
7866,4513.620828114203
7867,6737.802283919941
7868,7434.720171923359
7869,4950.608849622613
7870,5953.609994127506
7871,4382.5768091536265
7872,4721.532930819131
7873,2973.3098012018195
7874,4564.3620501748355
7875,5183.93538052588
7876,5881.231761184749
7877,6453.031621121473
7878,5675.408591152189
7879,7080.1108370365555
7880,7027.711729872199
7881,6760.074907196934
7882,3913.363686349532
7883,8536.824615669319
7884,8359.36183156595
7885,4712.781086381257
7886,6738.816362570441
7887,4314.287557191533
7888,5842.094981458216
7889,2928.0212978492777
7890,5848.258920567424
7891,4081.417467685418
7892,8307.91135137986
7893,6216.106627672302
7894,6802.211588218673
7895,7035.328676701912
7896,4591.415153417639
7897,6779.986929037244
7898,17262.85894946044
7899,8121.443948966036
7900,4584.992738271465
7901,2317.215461296129
7902,5158.054515340587
7903,7364.218793711965
7904,5224.272450106225
7905,11387.021966452388
7906,17044.409525142662
7907,3317.224661119134
7908,4432.331613000662
7909,7014.230009439805
7910,4239.1704911919505
7911,6361.798393518765
7912,5334.712710610371
7913,6584.957957776579
7914,3564.034988068785
7915,5709.255430844515
7916,5223.2859303088935
7917,7183.724608622497
7918,7470.564790205453
7919,5372.365708556268
7920,5067.600696663205
7921,6074.592379999383
7922,4242.459461902545
7923,4573.348731644045
7924,7184.489155459292
7925,4575.306939951412
7926,5211.3424481101565
7927,6221.8465426638795
7928,5481.363077646854
7929,4895.017800682363
7930,6286.433891707712
7931,6023.647761534041
7932,7342.044094078931
7933,6505.321859628406
7934,6550.979482576951
7935,4950.83551997815
7936,2945.0692537136506
7937,5220.7164671940045
7938,5732.592023170035
7939,4970.469781574623
7940,4127.977437972783
7941,7438.32414663339
7942,5575.755613069146
7943,8019.776448786251
7944,6377.7549934146
7945,4512.554738368207
7946,4600.927688265117
7947,4148.914021596629
7948,8106.191550914073
7949,4409.9050456080295
7950,7062.545001522519
7951,13001.211785225969
7952,6492.897320338297
7953,5715.668788777271
7954,4082.2467274291444
7955,4232.000450521153
7956,6139.704200405993
7957,3456.1050730950565
7958,5179.009755757426
7959,9088.664005460872
7960,4800.713768000903
7961,12585.532061574819
7962,11268.488275265237
7963,4498.349829602785
7964,6058.190210105682
7965,5204.409608359241
7966,6077.628311907934
7967,4897.9724900628535
7968,9602.288824316885
7969,6097.798269027214
7970,7275.203315073101
7971,3930.468599810172
7972,6712.7774941414045
7973,4328.625649056895
7974,7594.1847255251405
7975,5506.678536324568
7976,5156.227878553339
7977,5687.728068155986
7978,5526.744042517198
7979,7045.301625844305
7980,8431.231691308802
7981,5206.196346236615
7982,8607.683324233725
7983,5837.397079502321
7984,8378.332783214613
7985,4948.462435755401
7986,4361.125923975753
7987,4281.850643561399
7988,7625.771646187199
7989,5429.171738065983
7990,6259.571019246997
7991,5520.6142616860725
7992,7434.316962055271
7993,4063.2351864055486
7994,7062.347633317051
7995,5788.986915376243
7996,3468.996131177371
7997,11443.260773956279
7998,15158.378347710894
7999,5935.168353070378
8000,5689.229566773036
8001,7402.712120211055
8002,8913.1251733592
8003,9928.763035208603
8004,4749.284170373996
8005,6774.626686642615
8006,4897.274210504945
8007,6912.398867744239
8008,3666.643346514601
8009,4940.650579360364
8010,4524.654713745159
8011,4824.591538608966
8012,6650.078014018221
8013,4641.067772608923
8014,3543.6429839926373
8015,5464.270601933017
8016,3214.6888936539835
8017,3864.233999295232
8018,5032.581629219894
8019,5230.969115690638
8020,7500.481039940405
8021,7265.622522729851
8022,6077.702692818907
8023,5611.373621499071
8024,5505.319884144938
8025,9732.836587939302
8026,6349.715310819901
8027,4478.451784756056
8028,4336.155024597361
8029,7488.389522199131
8030,4282.133976392999
8031,6320.398867481017
8032,3191.811124253472
8033,4541.364654041745
8034,6218.3178167889355
8035,5429.197165723544
8036,4584.506941335308
8037,7660.737806534622
8038,8306.589625706147
8039,10439.696063655849
8040,5306.458073944927
8041,8508.881149324729
8042,2906.370799499887
8043,4636.264639351037
8044,5407.236466593647
8045,3350.8903395483226
8046,7110.463313294426
8047,4480.282673133652
8048,5058.6506186987945
8049,7814.223222271318
8050,9136.538355163131
8051,6965.57286880024
8052,4779.4168306909905
8053,4287.326169736284
8054,8305.283363389768
8055,6764.80683201576
8056,5351.7261209742655
8057,4545.780598218568
8058,5920.310659251101
8059,7843.196243382812
8060,3945.6664738892096
8061,5727.569431587218
8062,6599.52013751911
8063,6984.333394044744
8064,11800.813410039003
8065,4416.6410065746795
8066,11107.106591114567
8067,5868.418930462525
8068,4588.805613932121
8069,3006.4930620887008
8070,5559.983846169037
8071,5053.107616593244
8072,4772.688664902493
8073,6464.383884276327
8074,4345.779351812363
8075,3829.4470335019623
8076,5924.37080316728
8077,3183.750328261888
8078,7227.8173068858005
8079,5838.2183618835315
8080,6749.781831112323
8081,7127.957010207578
8082,4134.160532758622
8083,8230.486387734378
8084,6113.901067429982
8085,5070.166199271141
8086,5140.496902907837
8087,4628.2432376185225
8088,8883.057279468308
8089,6032.762307996567
8090,4299.729104023411
8091,5973.175768476044
8092,7185.956850503113
8093,6154.71592124473
8094,5244.478728247813
8095,7409.671723646199
8096,5383.141438125302
8097,5447.638200457612
8098,5062.957950644121
8099,7497.122057003041
8100,5270.620668364579
8101,5328.520319661809
8102,4368.538210213966
8103,4459.737011224571
8104,3638.623952817097
8105,4255.273465621529
8106,7030.659710223733
8107,7896.443539189299
8108,9339.132807354625
8109,8710.184559203275
8110,6771.440970005812
8111,5424.968671814699
8112,5025.438202482608
8113,10066.61702855904
8114,9203.8243113106
8115,5767.238769457302
8116,7231.4716170881575
8117,7225.461765087618
8118,5022.915752674263
8119,3684.6532599100005
8120,9916.804801109645
8121,5451.728523462876
8122,5881.943806933163
8123,5475.424042676685
8124,1995.7203745693791
8125,8832.796929215176
8126,5380.585231484462
8127,5277.789171280903
8128,4637.773760714617
8129,4432.759902257114
8130,6100.611738440026
8131,6278.0423459098165
8132,5593.278680034127
8133,5067.68305612983
8134,4019.6017755820753
8135,3607.544245746359
8136,2765.96702311648
8137,6070.620737825309
8138,16459.886124524535
8139,4242.569102464512
8140,5042.970940978895
8141,5931.398386567642
8142,4957.340581687421
8143,4478.954068607588
8144,4490.618823580951
8145,3663.462346989601
8146,6463.968188116268
8147,5842.3495405064905
8148,3348.231267741471
8149,7318.092502904664
8150,4202.938891679871
8151,4394.418011461133
8152,7163.791721642183
8153,6662.574128673865
8154,8897.14854839522
8155,4650.196059181688
8156,6093.648391651367
8157,4120.416557236458
8158,4327.399763670381
8159,13267.719968121917
8160,8274.47953425449
8161,5777.194862056122
8162,4530.4586209677145
8163,4160.6696643732075
8164,5154.837331731757
8165,4247.7182872612975
8166,8920.891927149778
8167,4768.942168046144
8168,5055.995674375689
8169,6082.832576863014
8170,4036.37851239635
8171,5724.821980512958
8172,5853.361507913091
8173,6369.637126311875
8174,5813.177784345581
8175,3602.694562642927
8176,5203.327905514039
8177,5427.72367973402
8178,8012.151381518012
8179,7595.342113205072
8180,6121.370623056918
8181,3646.9283073916413
8182,6955.746643858198
8183,5130.627960215793
8184,4049.7358662878014
8185,6220.417783646304
8186,6574.270013186095
8187,5581.445137890864
8188,5379.755474558825
8189,5694.626143204683
8190,5644.598179925669
8191,5239.503707745204
8192,6399.253997464819
8193,6145.947507226796
8194,4303.341840704884
8195,7587.47499668502
8196,5118.812303845028
8197,4233.553881064345
8198,9585.214430758075
8199,5025.667183779211
8200,3413.696675457062
8201,7034.907629618369
8202,7860.448013489855
8203,8424.56954502369
8204,4444.994199192809
8205,5140.621798436248
8206,5588.219371220086
8207,6851.870365995908
8208,4969.005754359957
8209,6720.101894334409
8210,2848.648048106441
8211,5265.270306575083
8212,4871.2760932285055
8213,4863.843128182033
8214,4153.909219710923
8215,6369.141286608316
8216,6475.664597118542
8217,4987.953425813826
8218,6962.284116538726
8219,5454.053966181658
8220,7348.470544602964
8221,4062.466315522449
8222,5621.875919407614
8223,5518.496593194996
8224,6590.910732663088
8225,7115.71552914959
8226,3251.5741388275674
8227,7753.349130905336
8228,5895.2387404391175
8229,6317.508823491499
8230,4393.992289741401
8231,3538.4150807068536
8232,6615.021954939073
8233,4868.697211954428
8234,7539.49786877047
8235,5835.115233586695
8236,5056.068283347081
8237,6526.649846943989
8238,5559.7963701988765
8239,4541.034276997256
8240,6958.07946167789
8241,4567.0310251236215
8242,7696.497809998417
8243,8791.895838117905
8244,6728.887591375353
8245,3994.1697207009684
8246,4440.968556751928
8247,3503.869793554716
8248,2900.3209472423273
8249,6866.587228614839
8250,4707.673444672837
8251,7648.359090818256
8252,3612.1288314188064
8253,5797.980602099179
8254,5311.525989482324
8255,7581.364070085542
8256,4241.837801149539
8257,4723.829600803593
8258,4324.2591948226745
8259,6455.407367141343
8260,4342.845665962449
8261,6386.3807649683595
8262,6812.889038321316
8263,8792.07722139086
8264,6158.977601880083
8265,6529.4469466601195
8266,5108.562172416495
8267,4289.756914879916
8268,4477.079746101836
8269,9002.512678891293
8270,7616.600726972445
8271,6309.016728437354
8272,14349.317279362072
8273,4826.928729391868
8274,4356.612219706526
8275,5153.8044801769465
8276,7315.327126160915
8277,7922.305315690589
8278,5644.108190708857
8279,7130.000526326662
8280,6759.418553899427
8281,6798.961958352926
8282,5293.582374458384
8283,4643.872537399663
8284,4284.396198887161
8285,4287.544007180013
8286,3638.0300641079984
8287,4277.691150096008
8288,7148.852489999873
8289,14189.804718877904
8290,5742.466155928636
8291,4528.2131428867915
8292,5873.306993187578
8293,3370.2544474748506
8294,5560.819199386025
8295,3625.4427806459707
8296,8004.221899881007
8297,5639.237359437659
8298,5694.248467718817
8299,10883.055057818223
8300,10994.664866401452
8301,4640.897855458995
8302,6079.930089965871
8303,3642.196313259635
8304,5079.165808096657
8305,5249.847502476212
8306,7534.747640805158
8307,4117.5437685325405
8308,3639.3424091069974
8309,5095.691782196844
8310,4881.917704262593
8311,5780.626698840784
8312,5623.537029122594
8313,3691.7286689998764
8314,6389.995510306567
8315,6891.780875259054
8316,6126.300791431363
8317,3660.608815096171
8318,3402.5271830476927
8319,6815.6543550296665
8320,3767.471963218291
8321,8709.874910767412
8322,3823.9394580689323
8323,4133.673204290181
8324,5577.959336140582
8325,4691.228126354352
8326,4024.1979435358166
8327,4773.068112609879
8328,5471.752660924642
8329,8741.963544425305
8330,7726.982055889117
8331,5032.291303565111
8332,3724.5956560891063
8333,5254.749931307289
8334,5753.19735432444
8335,4597.79113078428
8336,5175.487463984613
8337,5320.412139980292
8338,9857.7907822522
8339,6005.720350796916
8340,5549.631371284243
8341,6705.465063468816
8342,4026.458850892381
8343,8390.841753598033
8344,4809.977481645033
8345,10693.49652146037
8346,5100.919083688839
8347,4572.2490647335735
8348,4717.040444718625
8349,3468.554278545446
8350,7092.290129145851
8351,16485.72648973066
8352,3525.5548094112964
8353,4224.819123907454
8354,7873.090015371016
8355,5567.506732163745
8356,6179.111627784241
8357,6955.604434726359
8358,5028.2869949803035
8359,4506.779244175111
8360,4068.0116063234145
8361,8203.34410019988
8362,4922.500120669695
8363,6402.826991550044
8364,6586.294534639854
8365,4478.815859097866
8366,6524.808801136867
8367,5316.1412117506825
8368,3623.400395779959
8369,7815.058814149966
8370,7693.637843046293
8371,3849.298041211475
8372,6521.234466348181
8373,5656.452823038983
8374,4072.976824556718
8375,7994.194916829628
8376,5475.612960559288
8377,6787.046715380518
8378,4186.4284270043245
8379,4082.6437146303756
8380,6167.4590754106275
8381,3090.690108938051
8382,6899.131734749927
8383,3468.1196848886825
8384,5496.845941723798
8385,4640.484837979992
8386,5085.49107352058
8387,5817.1506317731155
8388,6065.130739408256
8389,5598.854850767503
8390,6889.230919926987
8391,4760.587174821698
8392,6426.663682129291
8393,5692.5726735908365
8394,6672.252953812195
8395,8069.784478708595
8396,6178.79543019494
8397,2633.2100522453575
8398,5450.551458518241
8399,6475.290179610468
8400,3988.015109576863
8401,10142.017579604862
8402,4930.250565940693
8403,5916.94164571362
8404,9063.136078770996
8405,6127.359649336164
8406,3497.086885781444
8407,8531.677365848856
8408,8791.827639206143
8409,5155.301327428956
8410,6845.893653231412
8411,8798.300944221777
8412,5049.824706020391
8413,4688.800498639316
8414,6201.2797456929475
8415,4750.473991968769
8416,5077.351386643514
8417,6161.897817982219
8418,4224.227305589714
8419,6011.282996446508
8420,5984.075811681877
8421,5687.389965016235
8422,6056.880444468484
8423,5448.236605247531
8424,5702.916839998097
8425,3446.74524313412
8426,6703.187335983199
8427,6038.5743772825535
8428,5474.414996671324
8429,6121.956582909722
8430,5944.465254737416
8431,8262.958400915339
8432,4696.312652032373
8433,4437.357230550596
8434,5055.118857754487
8435,6146.961920120858
8436,5604.4653728295625
8437,4267.514424364174
8438,3628.1616158368997
8439,6653.057363035895
8440,6513.1719030296135
8441,4840.611974838394
8442,6780.430972775751
8443,5655.608930837955
8444,5610.147975557182
8445,4236.266289764878
8446,3017.698381867628
8447,5457.73335420733
8448,5700.923095700218
8449,5627.301149957719
8450,7871.639278836561
8451,6571.030880789759
8452,4632.151093471283
8453,7343.981230033135
8454,3426.641010754491
8455,2927.4437322986064
8456,6462.086262365042
8457,10446.673886033255
8458,6781.506891637043
8459,6120.521960687625
8460,3638.5921653422565
8461,6075.968247571086
8462,6962.197770735465
8463,4841.3230314869625
8464,6835.299938693795
8465,4160.259011799269
8466,4264.407925361413
8467,4758.603192950184
8468,4644.619156422074
8469,5123.482644370572
8470,3912.9600413051053
8471,4031.7024875128263
8472,3840.1802392285445
8473,6296.019607195822
8474,5725.6321859705085
8475,4340.2969761908535
8476,5748.380092298997
8477,5630.174209434959
8478,4766.3162884716985
8479,4934.651920632923
8480,6987.947343433853
8481,6360.825560823439
8482,5171.091720500945
8483,3285.1781312114963
8484,9678.626461447417
8485,5317.288046222843
8486,4424.567417775902
8487,6689.458431032751
8488,6195.510859560402
8489,6379.427395095464
8490,5141.043240601133
8491,6854.998895728694
8492,7691.51632651414
8493,10449.849289780745
8494,3945.780995609836
8495,3766.9757947966123
8496,4430.910809814314
8497,5733.1667279303565
8498,4947.9501217168045
8499,6529.677251658768
8500,7345.446279552728
8501,5362.245002522914
8502,3597.224604621974
8503,4771.195767962668
8504,7632.571293697408
8505,4215.361113795495
8506,5876.396431611757
8507,3526.6272780156864
8508,6176.136018651565
8509,6628.296800970381
8510,6485.066717001486
8511,6842.005641781915
8512,5625.329406425135
8513,3611.6470365622627
8514,5474.867030058553
8515,6638.711175933849
8516,7110.205762063941
8517,6560.343555436611
8518,6613.222731663717
8519,4948.252965904846
8520,4053.892510633272
8521,8523.786854194916
8522,3830.3522168982004
8523,9750.083134474111
8524,5301.704476043042
8525,3786.2729729325906
8526,6090.265934390225
8527,5682.881427373567
8528,6019.541447637247
8529,7888.635083610901
8530,3734.626789150144
8531,4002.379555712265
8532,6029.329022251226
8533,6672.267353124511
8534,8666.526450959784
8535,5039.038374010898
8536,5609.769060295298
8537,4971.8770071156305
8538,5427.043858559555
8539,4594.630713191001
8540,8344.273852680484
8541,7200.409506981049
8542,10619.37569378679
8543,3987.073946363276
8544,5270.193118360383
8545,9207.044399176151
8546,7084.940276107085
8547,4118.498952646149
8548,8531.268103884018
8549,6047.120704069455
8550,4475.218902478814
8551,4308.129611663949
8552,3922.2271415109126
8553,4665.301944146247
8554,4688.777621719427
8555,4147.646303683469
8556,4218.37296802335
8557,7074.761874288138
8558,6086.775224244917
8559,19360.397634250607
8560,5620.392708963224
8561,4315.219937653053
8562,6345.022669880618
8563,8960.032636492184
8564,5595.387180583363
8565,7028.837855561239
8566,5710.98808072186
8567,7326.503367894854
8568,7009.183973567366
8569,4112.865303463657
8570,5472.288113472608
8571,6788.748029159871
8572,7965.967550399121
8573,6521.991342275526
8574,9139.736257023795
8575,4423.094003656458
8576,4333.581707019377
8577,4774.913071565387
8578,8981.29167447832
8579,10154.040234958602
8580,8437.936624758444
8581,7316.124082875104
8582,4093.376077896648
8583,5506.5755391260445
8584,3872.814990580925
8585,8040.0107931719085
8586,9347.85250674862
8587,9541.852205074665
8588,4913.990343112626
8589,5109.019708010269
8590,3959.359474063697
8591,5663.636905748643
8592,9606.195710926178
8593,5969.948164131083
8594,4602.405357864724
8595,4792.447318742632
8596,7197.126483989522
8597,3751.57326374745
8598,6977.033744023514
8599,3652.2735752740755
8600,6251.030993096466
8601,5953.133252536944
8602,5325.784933399139
8603,7200.4638437703325
8604,6146.378732837713
8605,4894.637456475364
8606,6770.669639221368
8607,6408.4839988987305
8608,9242.703997905615
8609,5672.3183455014005
8610,7628.381020030262
8611,7051.715724996554
8612,8148.595655066925
8613,6201.722784882783
8614,8134.239551899671
8615,3999.1625568273766
8616,5064.100796733012
8617,5886.858412226213
8618,5918.83801357306
8619,8738.593195728225
8620,6950.579169744565
8621,5241.150313429011
8622,6661.2301742897735
8623,6994.3817051851465
8624,8101.883025017157
8625,3901.3771195565164
8626,12028.16489349032
8627,4400.340223338017
8628,6488.015708530576
8629,7863.566163188677
8630,4217.09120513761
8631,5183.893494728116
8632,5522.774059460387
8633,6793.636149450548
8634,4873.142166159941
8635,5197.234422342138
8636,7670.542080782985
8637,7211.058885112326
8638,6211.244560968724
8639,4863.197893400549
8640,7507.396118195928
8641,11334.287350722812
8642,6509.554725314524
8643,4956.26594525292
8644,5955.135137084394
8645,6537.929826400515
8646,6112.851093747066
8647,7193.38196396376
8648,3894.4871046822873
8649,7105.510785326618
8650,6417.250538918573
8651,6374.069479702115
8652,7114.467767911826
8653,4721.784651805597
8654,5006.482892776844
8655,4509.518489842053
8656,7353.1345983000565
8657,8434.31337617028
8658,5218.202835930985
8659,4118.523823210048
8660,6419.725921180391
8661,5463.691294759002
8662,5073.099824792001
8663,7389.225402717825
8664,6382.719445771169
8665,7755.833938257142
8666,5126.685343847749
8667,4866.446971182669
8668,5744.3218977837805
8669,7215.756225590141
8670,7348.142952322156
8671,7392.454837696188
8672,7359.003119980014
8673,5173.240527132771
8674,8104.279755818522
8675,5252.292432684442
8676,6063.2335233940685
8677,8329.044477295749
8678,6251.381823818915
8679,9663.276969178854
8680,7203.236220959085
8681,6945.86520113943
8682,5322.529290201697
8683,7502.482860540299
8684,6633.76562685535
8685,5868.810941752203
8686,3880.1043163291715
8687,5035.731186508484
8688,7461.043293178659
8689,5584.273488916042
8690,4080.313341943746
8691,7966.367027287016
8692,6959.7369214070495
8693,5942.546153406059
8694,5566.0148846414595
8695,5141.501988878289
8696,6967.1693161117455
8697,6963.486720058055
8698,5898.783166743792
8699,5106.729644831068
8700,5381.706091911205
8701,6255.116880033686
8702,3620.059989520164
8703,6296.092914768628
8704,4273.980960273637
8705,7816.206774832264
8706,7342.235948658209
8707,6627.274928433292
8708,10309.644583818843
8709,4849.568014600301
8710,4818.002967155069
8711,9777.07205392924
8712,6002.581348246187
8713,7421.862374092565
8714,7636.508212495592
8715,4541.793979383296
8716,6070.633453915549
8717,5703.50584960818
8718,7665.804831192379
8719,10251.799620526244
8720,5666.291772845443
8721,2712.2704669726963
8722,4856.036349073684
8723,7429.059862922259
8724,8123.885253442197
8725,5334.8403748949895
8726,6556.807061941501
8727,4839.48131218262
8728,5122.576854288578
8729,3300.0044954285167
8730,4985.625231796056
8731,5657.326854190018
8732,6431.063903188824
8733,7101.188302276089
8734,6170.540861430405
8735,7551.908915606157
8736,7656.875131964551
8737,7314.382398867268
8738,4375.703765220886
8739,9245.002514555226
8740,9145.251177949709
8741,5072.989820179129
8742,7234.661839325331
8743,4752.818743666306
8744,6327.492674527396
8745,3245.4560932068725
8746,6466.662438988265
8747,4441.752876360305
8748,9168.896673076399
8749,6905.572788295654
8750,7583.316118267681
8751,7638.985083609602
8752,5010.534480740614
8753,7451.3645749659345
8754,18279.07045960369
8755,8664.280878802068
8756,4932.015948426277
8757,2545.640385636121
8758,5554.041482799482
8759,7921.162985904036
8760,5832.047667922133
8761,12203.899073580867
8762,17932.44173777701
8763,3751.48921109984
8764,4844.066166384854
8765,7720.879923178172
8766,4638.227760103968
8767,7058.247021849622
8768,5631.989120912598
8769,7109.97463175554
8770,3854.7616973438185
8771,6452.225540605745
8772,5671.483420238318
8773,7832.611402625883
8774,8394.072613677099
8775,5893.440818535151
8776,5542.637463718851
8777,7018.418567888883
8778,4745.244199674798
8779,5001.067713759764
8780,8173.060989912417
8781,4947.532662647598
8782,5684.331255607896
8783,6816.922508924094
8784,5977.414176050514
8785,5470.083486380319
8786,6801.729052143902
8787,6857.4617871174305
8788,8234.891446900156
8789,7382.590289334734
8790,7073.815558652834
8791,5376.42742524854
8792,3198.6560037969234
8793,5474.115367638331
8794,6316.473718841014
8795,5410.98117603004
8796,4631.33240175117
8797,8104.6477367582
8798,5960.7924343458335
8799,8683.76584936797
8800,6941.236209176947
8801,4870.297219811926
8802,5036.305624522619
8803,4590.084135868645
8804,8906.778612011443
8805,4920.383675990599
8806,7547.325842453908
8807,13908.23332933689
8808,7044.639234032806
8809,6069.213934595632
8810,4462.483364727326
8811,4630.680791882493
8812,6616.186271789756
8813,3780.1883102354486
8814,5533.884920158619
8815,9870.626925612793
8816,5262.881521117791
8817,13434.804543789214
8818,12091.599588964375
8819,4833.06064301444
8820,6544.268324044983
8821,5557.519101986064
8822,6478.567566932376
8823,5353.34785519997
8824,10394.053836736339
8825,6574.378319955681
8826,7856.834308439679
8827,4536.097804792772
8828,7243.8534081782245
8829,4714.283052891216
8830,8328.024751608844
8831,5962.022000702813
8832,5538.465378768974
8833,6226.496327451626
8834,6050.903075962416
8835,7714.306131766495
8836,9220.284587149947
8837,5741.163521133304
8838,9490.698421599254
8839,6474.328116829926
8840,9356.423982094699
8841,5148.923938708443
8842,4899.79116013394
8843,4695.509292021185
8844,8599.08441432473
8845,6083.631769014441
8846,6761.192329475491
8847,6169.660215364033
8848,8238.643660955298
8849,4440.040625195255
8850,7432.345373121918
8851,6203.303383510924
8852,3788.958350631329
8853,11965.056162527595
8854,16188.681555074565
8855,6567.284178128475
8856,6221.9943307370795
8857,8090.561083097171
8858,9778.820560116708
8859,10808.930921961415
8860,5172.702422603743
8861,7357.602619848075
8862,5348.931681042539
8863,7389.176789376141
8864,4066.429372067328
8865,5243.794434750851
8866,4833.775441928671
8867,5473.437071338886
8868,7229.420139757647
8869,5162.079367034224
8870,3766.3634842976776
8871,5901.067189949908
8872,3550.651586832913
8873,4318.34423093931
8874,5376.46714540863
8875,5654.907335921224
8876,8263.921104116373
8877,8027.392300050671
8878,6993.061573656532
8879,6100.073058969297
8880,5981.773750552865
8881,10588.455717202878
8882,6680.601677879118
8883,4814.068635482229
8884,4860.084490839674
8885,8217.19088813147
8886,4746.221196944179
8887,6967.892762002231
8888,3541.3622508594035
8889,4939.826199441001
8890,7022.135187950861
8891,5974.011983440173
8892,4996.914879747035
8893,8515.903351360199
8894,9030.48301466925
8895,11364.567542693756
8896,5676.597458904832
8897,9411.429748408927
8898,3252.1856667951365
8899,5121.273429317432
8900,5831.514115475873
8901,3676.00440085151
8902,7632.007262558508
8903,4835.492264280678
8904,5648.19421460774
8905,8598.327333058101
8906,9771.539941988121
8907,7661.639173965676
8908,5218.238735259853
8909,4580.251159900494
8910,9145.624681248091
8911,7400.851342129448
8912,5708.608071814299
8913,4953.034528191504
8914,6429.546834281843
8915,8402.676752201307
8916,4327.008316567835
8917,6215.752925083926
8918,7030.570586737949
8919,7528.86865709264
8920,12323.91480319603
8921,4887.1545146694025
8922,11833.429678631817
8923,6545.940176204062
8924,5041.022612074464
8925,3270.9052853989015
8926,6003.071539192576
8927,5584.857387855739
8928,5145.194377365562
8929,6809.692690964224
8930,4816.001607868687
8931,4151.306840655535
8932,6531.694921096374
8933,3575.7864415586564
8934,8292.446251404564
8935,6463.564053454252
8936,7426.124016292866
8937,7740.768405771713
8938,4565.707635460456
8939,8935.998008822726
8940,7078.587313961915
8941,5582.489869857239
8942,5588.795460259141
8943,5214.367003786194
8944,9592.017025852712
8945,6640.551302115098
8946,4834.836251537014
8947,6382.823873353875
8948,7700.384723115258
8949,6609.5206238395
8950,5667.280592302402
8951,8040.320174259293
8952,5993.613199983062
8953,5923.72118905724
8954,5605.360703612241
8955,7951.801889799824
8956,5597.446673061694
8957,5690.8622684117645
8958,4840.776812657632
8959,4858.766469508715
8960,3910.5544743073433
8961,4522.155727499226
8962,7811.661254778154
8963,8736.552520749065
8964,10191.486300256603
8965,9237.569864118752
8966,7300.288248296008
8967,5817.734061581304
8968,5585.368677064849
8969,11015.706749092247
8970,10297.494101210099
8971,6328.667827973966
8972,8004.351684449546
8973,7837.051839710764
8974,5602.107652438683
8975,4115.091320600789
8976,11209.767494350097
8977,5955.433945596826
8978,6396.479838513632
8979,6044.5496463592945
8980,2101.256750450442
8981,9591.009879893596
8982,5897.732449244288
8983,5764.900307104599
8984,5123.167256174425
8985,4948.516702130152
8986,6661.333006806362
8987,6702.642379849984
8988,6206.2120905121565
8989,5566.790469976887
8990,4399.569577537677
8991,3912.517375147223
8992,3009.3602273705346
8993,6544.967193981618
8994,17375.895739479936
8995,4606.363052489392
8996,5443.302201995111
8997,6428.65700565871
8998,5394.226424908698
8999,4867.841279260389
9000,4961.956754810774
9001,3948.444614478783
9002,7212.592624943673
9003,6411.766238534067
9004,3782.7257294628066
9005,8120.313915418231
9006,4703.221486220985
9007,4819.955918962508
9008,7930.74665631679
9009,7233.5641180096845
9010,9827.10969261354
9011,4982.948185730924
9012,6624.211872259087
9013,4469.339915626509
9014,4781.465275600965
9015,14061.92260401895
9016,9138.741751363836
9017,6182.463492402538
9018,4840.734255158655
9019,4654.000653825314
9020,5757.522627963453
9021,4615.347148587615
9022,9594.047152839104
9023,5127.470198061721
9024,5858.254185060007
9025,6661.987211137656
9026,4395.959649436086
9027,6106.2358793822095
9028,6453.434534546602
9029,6976.46711131465
9030,6375.703821792163
9031,3900.827392479917
9032,5857.405040111413
9033,6153.396654315952
9034,8827.790630490736
9035,8149.557150750734
9036,6666.7035203061005
9037,4016.1719357899683
9038,7710.963724587904
9039,5558.275294176795
9040,4409.509935074299
9041,6773.732898872823
9042,7153.611293001753
9043,5960.130678683177
9044,5829.767033993312
9045,6153.6354702085755
9046,6158.070577937093
9047,5695.289210362141
9048,7082.40601264268
9049,6705.061236987396
9050,4721.756901834153
9051,8240.213345921806
9052,5590.162012056274
9053,4522.49255669946
9054,10356.870183882182
9055,5336.388108102955
9056,3435.9059040582365
9057,7333.655213565649
9058,8854.175555052474
9059,9320.765591140434
9060,5049.06863110562
9061,5538.900718872645
9062,6359.129518167747
9063,7409.152015969849
9064,5348.994311230323
9065,7324.742263696273
9066,2995.8832364350455
9067,5771.485615968997
9068,5271.914039576653
9069,5248.196480854052
9070,4653.940068387595
9071,7138.097549739342
9072,7067.822314321375
9073,5480.463188745259
9074,7512.383687264154
9075,6066.53311717917
9076,8240.89434782188
9077,4404.850342318798
9078,6325.72487787042
9079,6213.351970551663
9080,7168.463660530154
9081,7824.746289422181
9082,3470.6677811180766
9083,8247.833401475378
9084,6590.669677597753
9085,6883.970853657378
9086,4773.234673899011
9087,3726.6963555740167
9088,7200.296526466493
9089,4994.837325479534
9090,8249.97867239162
9091,6381.964995994173
9092,5466.249367441562
9093,7052.865820963665
9094,6059.144887567734
9095,4854.903253264252
9096,7877.1498283049605
9097,4903.653882143646
9098,8145.7248964470955
9099,9611.947040344077
9100,7132.501543325849
9101,4252.196673885995
9102,4937.0676163921435
9103,3886.611988240025
9104,3080.0760066959415
9105,7402.916868783686
9106,5220.63704064747
9107,8398.771876775605
9108,4037.097437501527
9109,6350.131496136985
9110,5945.302785562641
9111,8108.236578801211
9112,4622.459396514154
9113,5286.0136994941795
9114,4663.173251659539
9115,7057.851700150663
9116,4797.585192403388
9117,6869.1666149256425
9118,7260.83689495526
9119,9502.497528621245
9120,6834.514151799962
9121,7030.087923417287
9122,5584.975556757024
9123,4693.182958857013
9124,4840.877881705982
9125,9849.021931747051
9126,8106.5339592916225
9127,7026.5357100561205
9128,15104.070485765285
9129,5105.783140888469
9130,4888.377684469463
9131,5594.330431741373
9132,7969.123991981045
9133,8715.813085591353
9134,6245.342737372349
9135,7528.710595862701
9136,7369.560109195227
9137,7733.9078013403505
9138,5695.173019146773
9139,5057.821749486902
9140,4703.200004405433
9141,4650.170340345172
9142,4065.7565491679757
9143,4650.042427390441
9144,7821.916201327225
9145,14945.847031005535
9146,6412.983025500954
9147,5000.121650997877
9148,6397.1747794000785
9149,3749.207688800018
9150,5977.99957164052
9151,3778.10502585964
9152,8767.865653822138
9153,6086.90106007637
9154,6074.291938753397
9155,11847.111890495255
9156,11852.702459809132
9157,5055.454476274171
9158,6807.209462555513
9159,3981.409624882282
9160,5655.40083470807
9161,5866.224587085565
9162,8354.493775245086
9163,4510.354146832312
9164,4010.269605989164
9165,5741.311473336936
9166,5342.166897949039
9167,6138.493041730277
9168,6170.998603516158
9169,4089.1769854687177
9170,6965.579963044807
9171,7432.66961152335
9172,6466.4194718213585
9173,4082.2714390120077
9174,3619.55852136301
9175,7349.609719619077
9176,4281.12204721063
9177,9490.613697381048
9178,4281.543254769779
9179,4843.628034098821
9180,6069.87932397872
9181,5104.43403341271
9182,4485.501762796074
9183,5248.75121746591
9184,5928.917800910847
9185,9610.0864892881
9186,8317.361224326683
9187,5505.968698588267
9188,4177.341060132586
9189,6003.114234956882
9190,6439.739310764883
9191,4988.88961345479
9192,5670.404155953681
9193,5789.672908689
9194,11117.11864750649
9195,6482.586263542203
9196,5917.999492393292
9197,7091.794763348629
9198,4579.582548253572
9199,9026.614809413972
9200,5250.240495822033
9201,11438.54889623529
9202,5566.397985833328
9203,4933.444022089395
9204,5142.866647788419
9205,3662.9713127934865
9206,7770.524047827678
9207,17780.722092419335
9208,3808.709273876174
9209,4554.84554479599
9210,8442.307784506
9211,6041.393475363612
9212,6886.313667757075
9213,7566.837456267947
9214,5510.05558369509
9215,5077.801927071405
9216,4380.000441468753
9217,9020.186301358202
9218,5526.973762560754
9219,7079.5687428229085
9220,7095.932480831522
9221,5162.876825586465
9222,7234.916490044869
9223,5785.143113385294
9224,3791.3898237475346
9225,8372.392793676067
9226,8235.040214801797
9227,4337.267959408088
9228,7061.202937170694
9229,6179.0946944717
9230,4433.542728348353
9231,8855.358761639936
9232,5843.467116522545
9233,7336.385259534329
9234,4651.963036653339
9235,4461.751987327655
9236,6508.881668210672
9237,3432.243789344037
9238,7700.943069898028
9239,3763.2013597594414
9240,6087.617450243473
9241,5142.138586367531
9242,5545.234568976287
9243,6366.021215753546
9244,6485.197537496422
9245,5999.173448556845
9246,7595.8317350409325
9247,5373.884333513548
9248,6953.818285142595
9249,6363.736651670205
9250,7245.794205652455
9251,9200.374655033505
9252,6805.134674873068
9253,2827.0842834014393
9254,6203.151513271628
9255,7077.670452458657
9256,4773.94009753559
9257,11418.370141966934
9258,5553.848850036512
9259,6482.314349953495
9260,9880.50658450949
9261,6325.300898208261
9262,3765.083490642089
9263,9633.703238661114
9264,9542.742341607844
9265,5646.634328566602
9266,7394.855278968703
9267,9471.169929159381
9268,5595.335323064871
9269,5171.495539053059
9270,6696.491184170037
9271,5295.214579832384
9272,5758.757043168831
9273,6738.5811034805265
9274,4581.86828240349
9275,6456.606400713473
9276,6483.914912209654
9277,6144.378476186536
9278,6539.28650455201
9279,5974.785191423136
9280,6307.994356281601
9281,3756.089719189936
9282,7237.164365855467
9283,6485.7188180205685
9284,5875.864205856942
9285,6728.809269821889
9286,6448.237291380852
9287,9112.36649396808
9288,5136.495248690972
9289,5041.360148627354
9290,5417.512092801512
9291,6622.127609338126
9292,6017.072944440371
9293,4576.090313602447
9294,3976.1905222915784
9295,7267.8685660833635
9296,7176.466564425104
9297,5401.814360949486
9298,7175.469018802484
9299,6284.735703360154
9300,6127.096356278169
9301,4657.529955949523
9302,3310.752386757994
9303,5868.593658273505
9304,6069.426872743194
9305,5999.9678053458665
9306,8878.37217176292
9307,7182.844744632181
9308,5111.5824949506095
9309,8003.863581285177
9310,3732.414850451356
9311,3243.3427432596
9312,6925.082073288172
9313,11659.505112073743
9314,7089.403725379143
9315,6653.510437777595
9316,4089.6705158492646
9317,6660.869196845168
9318,7573.093797898029
9319,5167.987094410256
9320,7543.058021571347
9321,4484.521931076935
9322,4756.866716541573
9323,5412.051327275761
9324,5152.182988431449
9325,5630.696586117117
9326,4208.8048213432285
9327,4415.46763433976
9328,4274.024026312694
9329,7006.010114943875
9330,6140.020355143441
9331,4719.887138043269
9332,6127.757824035773
9333,6205.748797615113
9334,5170.464427059316
9335,5597.109163576488
9336,7684.773591073924
9337,6683.724232056995
9338,5683.352496325873
9339,3607.0218201296293
9340,10384.693570103223
9341,5730.416391122197
9342,4722.55459325076
9343,7494.30125865488
9344,6805.247811621961
9345,6884.092571594341
9346,5599.651210112231
9347,7430.43499646041
9348,8213.169728563857
9349,11718.233338743858
9350,4233.541471393737
9351,4165.8345816515875
9352,4731.220050134457
9353,6216.77813448074
9354,5448.025354688739
9355,7057.751173874479
9356,8024.980453754961
9357,5940.963850062942
9358,3894.923894014586
9359,5331.7849117926735
9360,8103.504217254737
9361,4575.341798130768
9362,6448.578942603441
9363,3972.421033114101
9364,6719.423866752935
9365,7099.724130960513
9366,6989.363222994916
9367,7473.968193587312
9368,5950.428562228054
9369,4001.09972286253
9370,6009.5041376009995
9371,7021.922087530113
9372,7817.408061797189
9373,7090.656535622071
9374,7225.342928074405
9375,5364.385723868707
9376,4402.37997494499
9377,9127.871232515234
9378,4293.074617274423
9379,10576.11147613108
9380,5796.562220787192
9381,4259.535214510663
9382,6601.093057153225
9383,6090.275982743051
9384,6510.266530111627
9385,8402.384311460171
9386,4221.34433142691
9387,4373.348988336157
9388,6485.2871482529135
9389,7121.317606160685
9390,9799.417740694711
9391,5334.0984118942815
9392,6072.36543854736
9393,5377.084776972551
9394,5929.745025318698
9395,4898.876047293237
9396,9208.681481391966
9397,7854.81518264308
9398,12090.982333751766
9399,4491.034777571352
9400,5745.952395371339
9401,9853.972824271645
9402,7623.25398155327
9403,4381.566473207621
9404,9495.788564275792
9405,7010.482161780269
9406,4831.6921060727655
9407,4881.535716829654
9408,4190.6620870424085
9409,5024.217665369593
9410,5172.495570344317
9411,4626.218786353775
9412,4644.319862045769
9413,7846.940414456792
9414,6490.153208039625
9415,20461.591465306345
9416,5997.381601115111
9417,4402.141211602793
9418,5055.6741302372875
9419,3194.6453334658972
9420,2323.9867886786146
9421,5145.41790319932
9422,4427.721235357502
9423,4091.5502504814153
9424,5482.368129050376
9425,4333.263307754521
9426,3066.8887701566796
9427,6929.402142997481
9428,4519.845716121597
9429,3485.855406149456
9430,5536.856524747595
9431,4240.188169819399
9432,3673.2422684487115
9433,4232.717990924463
9434,4955.093808547111
9435,10390.803827590347
9436,4688.963942565651
9437,9552.722794564555
9438,3235.2613476786814
9439,4973.037616040929
9440,2704.081803562215
9441,4602.816611590419
9442,7205.383980075681
9443,7518.697890746988
9444,5871.204099488097
9445,3083.4457970009453
9446,4874.116164087042
9447,6490.800604376417
9448,8645.653427818093
9449,6110.999733250929
9450,4786.850124312805
9451,4387.294141645114
9452,5100.182005065307
9453,2472.773773079509
9454,7185.193723084907
9455,3465.053345979773
9456,5605.208151741791
9457,6972.2392815060175
9458,2133.916353720555
9459,7695.424483029081
9460,4097.9599506075865
9461,4088.3622117512086
9462,4016.5872302170087
9463,8763.438412945221
9464,9734.011184577677
9465,5910.334646778545
9466,4894.983091841892
9467,7215.929111417101
9468,7013.474541082248
9469,6215.240511951042
9470,3813.6815167436635
9471,2198.0608845580573
9472,2421.6124285325104
9473,4311.161598760703
9474,4731.771293792587
9475,6025.753455199757
9476,8198.047378993662
9477,3911.9558919980186
9478,8066.086960113243
9479,7035.333489674012
9480,3086.1401758215293
9481,3254.707415590868
9482,10474.58035188061
9483,3893.2637831326283
9484,4264.643337589499
9485,4731.158133065083
9486,3954.570644903923
9487,5671.702426691205
9488,2907.983854939597
9489,7228.984671056162
9490,4200.228686869625
9491,5363.5938970509105
9492,6871.627819758169
9493,7691.932907825313
9494,6621.3910814526735
9495,3433.3546388596887
9496,6569.862188389251
9497,11800.522366512352
9498,4304.974750296792
9499,2552.9618927209367
9500,7015.118861977031
9501,5223.6676363149045
9502,6816.07405466608
9503,8761.359961483873
9504,2057.508739926298
9505,7740.705783139679
9506,4429.68964663154
9507,7061.95646578575
9508,3082.796255354723
9509,2855.3332142410604
9510,4252.211100880848
9511,4360.271887874472
9512,8983.633965148814
9513,5256.569933935542
9514,5022.474509144887
9515,3874.334280464176
9516,6837.063165739211
9517,6719.148444369566
9518,3086.1106265687563
9519,4395.119020749559
9520,4288.187682570549
9521,5604.940479770188
9522,5189.311521805488
9523,3323.0888458343875
9524,5150.198835244333
9525,4289.725523528761
9526,4298.7377666494585
9527,7632.945587716829
9528,5853.150862254253
9529,4165.038989988042
9530,5579.405524405046
9531,3148.7915408394283
9532,4118.375731402795
9533,5291.702408877318
9534,8386.507181577581
9535,6414.397683366448
9536,6356.3397141033975
9537,7091.173982674579
9538,4276.747778423718
9539,5912.25982878961
9540,7293.880935774506
9541,3534.9731709075486
9542,3029.998455326701
9543,4249.883882100818
9544,4985.583312672708
9545,6528.2601601443575
9546,3494.073584029859
9547,3656.541682199527
9548,6867.945192144832
9549,5563.415023503269
9550,6693.467809194135
9551,3007.242575372118
9552,7009.476417715532
9553,7792.036194025355
9554,2869.253005562174
9555,6039.047411144809
9556,3386.565819405956
9557,5943.198712331113
9558,2979.14402532718
9559,3159.968172980096
9560,4653.829943727607
9561,5985.753445443532
9562,6287.429072884231
9563,6828.591734044359
9564,6358.860361030219
9565,3945.154893141837
9566,5029.975310544156
9567,11754.893749033807
9568,6806.34261176131
9569,6750.757524236442
9570,5812.479806094351
9571,5591.845465795591
9572,6084.960607385127
9573,4472.478968927712
9574,5433.222383360887
9575,8434.463269910668
9576,1999.7819499529496
9577,2957.977966190926
9578,2889.2688488686867
9579,5969.662542965724
9580,7347.474694795695
9581,5766.492183742021
9582,7736.195838583442
9583,4520.348573090402
9584,2428.693483168471
9585,1785.4443618443838
9586,3394.837407152223
9587,4754.697923270493
9588,7102.846412648159
9589,6017.957187551995
9590,4020.4800082123857
9591,6508.631068512451
9592,4703.925092101952
9593,6702.762370173145
9594,3955.4012986693374
9595,7322.886626925102
9596,9719.461053582365
9597,2926.630622656416
9598,5093.08766023143
9599,4911.632744377374
9600,6980.526112614456
9601,3105.217962048501
9602,6660.2729202595965
9603,4240.109588571715
9604,5519.91921198319
9605,6503.1399008881945
9606,5496.0767807782295
9607,4135.265072505222
9608,3813.07608544914
9609,6170.2791867371925
9610,22956.768253518887
9611,8199.578161222436
9612,3046.994484812581
9613,3636.590502370413
9614,5959.308199990537
9615,7339.35600692746
9616,3939.0265937225777
9617,16021.893933989395
9618,26096.36262396386
9619,3733.185714413297
9620,2843.4218710722475
9621,7503.7056538093575
9622,2923.2978949000612
9623,3773.8630082183367
9624,3037.0396264906735
9625,6113.754280343479
9626,7054.115245664364
9627,6920.048861907371
9628,4750.311732017834
9629,5125.020805826006
9630,5326.851260140739
9631,5137.342358094952
9632,5296.021805646339
9633,6883.089087716534
9634,5883.033213484263
9635,6723.942291526416
9636,6546.597793709007
9637,5373.860611396878
9638,5671.593502975042
9639,5647.376668069854
9640,3081.6830268505037
9641,4696.734639110623
9642,5161.9174946222465
9643,5755.002254565232
9644,6221.708641474578
9645,3894.929662728322
9646,6314.169230697707
9647,4191.2365294247575
9648,3877.361629798566
9649,3052.485576500512
9650,5179.9398004410095
9651,5600.114384932903
9652,2947.9507692116626
9653,4850.6054797031575
9654,7137.863067122565
9655,2508.3925749260757
9656,5104.881368930775
9657,3644.0333609793747
9658,2949.010537464791
9659,2086.87348497425
9660,8536.945655887104
9661,5093.242164005162
9662,4110.543428039136
9663,12412.177535750168
9664,7057.012208369959
9665,3624.3215736037523
9666,4549.481274068182
9667,2661.367837070971
9668,5217.589457568055
9669,4124.987714876481
9670,3100.2723294279863
9671,8574.521390421158
9672,5274.641413862776
9673,7973.153303083048
9674,10881.083007771675
9675,5514.282106835122
9676,5145.446382106791
9677,4561.1694481368
9678,4050.148830730338
9679,3961.8514531832557
9680,10177.073059740533
9681,7911.129616636284
9682,3378.3981460539303
9683,3347.11301482412
9684,5287.17493178844
9685,4874.03327567629
9686,4282.431363751732
9687,7623.50732609937
9688,3868.978626789015
9689,7511.769157519388
9690,8321.7566499606
9691,6434.501602064243
9692,4131.707770785522
9693,6013.838874522702
9694,8756.370836817881
9695,7731.003881283806
9696,8153.450077270736
9697,3457.324003159184
9698,5916.727822431189
9699,3434.3054436920615
9700,6592.1296417998155
9701,7133.551586527065
9702,7572.071423295254
9703,7444.935783584444
9704,5750.3635821694415
9705,4822.618481629405
9706,5251.196518977453
9707,3999.4403151262563
9708,3053.8048747852795
9709,11606.070426079397
9710,18452.21357268443
9711,8425.132757593527
9712,6398.742519936948
9713,5647.188304783866
9714,8666.628125811441
9715,7879.82250409551
9716,2465.2319154912566
9717,5761.644943956132
9718,5062.269823239182
9719,6175.460289282605
9720,2373.696647444836
9721,3554.632571664287
9722,5652.103600400041
9723,4125.046817739886
9724,4668.62302752668
9725,3179.8755764733914
9726,2725.2089965075747
9727,6040.337521800792
9728,3347.851612599801
9729,5017.474265577291
9730,6152.317105153391
9731,4705.062778702447
9732,6446.650183564023
9733,8114.842689414719
9734,5179.364331705294
9735,6895.611431872835
9736,5675.769444311917
9737,9507.02243611221
9738,4521.80133913726
9739,2403.5140654802617
9740,5376.509400503481
9741,7977.187864689479
9742,4092.8622973198644
9743,8258.685431738479
9744,2443.7780167136993
9745,4172.8887638617
9746,6183.69951676486
9747,6039.427402517322
9748,4739.3909245880495
9749,6156.155301027513
9750,8734.838398001799
9751,8756.500825365574
9752,1553.7123594542575
9753,10395.217299044994
9754,2207.9361958085606
9755,3563.0638473359277
9756,6601.085293313038
9757,4203.740268897627
9758,6522.665012410106
9759,2586.2907312885113
9760,4049.5069976183145
9761,3439.251714054951
9762,7903.2629434779665
9763,7011.244418179327
9764,4683.1043336217135
9765,2241.596951504065
9766,4219.168822809247
9767,9148.480612289914
9768,3776.038119419558
9769,5189.132989965543
9770,9745.686226112895
9771,3279.392007441362
9772,4590.463006955477
9773,3749.708489708571
9774,7531.124648018685
9775,3276.809323095395
9776,11330.637945441897
9777,7159.5414606386075
9778,13003.242064689712
9779,7362.264942117264
9780,4269.116151022265
9781,2290.9144755518973
9782,5279.462888387789
9783,5790.594053149173
9784,4927.703981982115
9785,5561.376448135564
9786,5923.402601233091
9787,3151.28428631943
9788,7045.845235166233
9789,2951.299306694196
9790,5029.156806870432
9791,7979.670827360766
9792,5710.517140137306
9793,6296.930878248137
9794,4236.8517649481055
9795,5080.475886756176
9796,6990.566035648186
9797,6777.593301317264
9798,6030.720302880267
9799,3096.2033506198095
9800,9617.167012690326
9801,6922.9647669458145
9802,4155.245742022669
9803,5113.002802198553
9804,3984.8587763041005
9805,5402.432737970932
9806,3042.9039559739226
9807,3186.101999771123
9808,5048.082772498591
9809,7546.306765643678
9810,4822.030149392594
9811,7618.587590478406
9812,3651.731838795355
9813,2597.8153841474177
9814,5067.668275523378
9815,4924.612143211011
9816,2886.0965290609124
9817,4344.866227458985
9818,5709.674753456486
9819,2168.920920583118
9820,10870.06862420535
9821,7334.854014018266
9822,6475.411322816868
9823,4942.699148266929
9824,4417.012592987351
9825,10252.603930182599
9826,6600.882302577544
9827,7798.798379845341
9828,3656.7687721766056
9829,3301.804000874371
9830,4436.905114715347
9831,2291.201755359133
9832,10949.630754259657
9833,5818.595504300338
9834,5078.454711199854
9835,4216.128935883528
9836,1378.8806312583567
9837,6846.264587988097
9838,5676.4038445327615
9839,3766.66997172533
9840,4097.37654126691
9841,5108.363936688528
9842,4345.215248071336
9843,4203.361542790202
9844,11611.357981347574
9845,4074.0008726551696
9846,4229.665100656593
9847,4088.933878838327
9848,2603.24798055123
9849,6425.788048901861
9850,19237.34241066946
9851,4280.939784768162
9852,6060.436167643793
9853,4281.969885596144
9854,4184.460693181436
9855,2984.261828400365
9856,6125.930141902033
9857,2576.145624191294
9858,9634.644232437533
9859,6292.89237255815
9860,2306.2021979003625
9861,6657.425433783646
9862,2602.0959557581077
9863,3606.732523829873
9864,4854.560066098621
9865,5196.783021914123
9866,8586.578477032243
9867,2039.8644123701372
9868,6066.119093798772
9869,4465.634921762949
9870,3623.6949347864033
9871,15318.68403322696
9872,9229.371767470959
9873,4716.410690174872
9874,3101.030946343999
9875,5421.5091599042335
9876,4407.6189715239325
9877,2523.3646393019403
9878,5850.931812203931
9879,4349.059042366401
9880,5610.482809096548
9881,7408.317559812396
9882,4317.420642150945
9883,4366.677737834314
9884,5831.077477861164
9885,5930.636930270775
9886,7759.2400791784
9887,3014.9893465398673
9888,4880.960230177511
9889,7274.239083875975
9890,8473.118383903702
9891,3451.89885218514
9892,7721.022869968228
9893,2119.4825004228783
9894,7526.9336674695805
9895,4625.187270061772
9896,2929.186662467777
9897,5160.230510705118
9898,4288.819675547493
9899,3617.6219759689284
9900,6383.391066155955
9901,3497.665419046176
9902,6411.808915872403
9903,5554.244433470063
9904,6994.777090754919
9905,8207.749163958131
9906,4566.3704394023935
9907,5227.960026695378
9908,5714.544553839604
9909,2504.814873753022
9910,10832.919735505942
9911,2610.3329484778546
9912,4028.147823140963
9913,4699.800162005454
9914,7892.970158326317
9915,9529.205812146889
9916,3868.291803343731
9917,3006.9120803099845
9918,5402.862519941034
9919,6179.387832052492
9920,4141.60128692597
9921,7153.72469922042
9922,3187.869161140758
9923,4770.124826750964
9924,3852.983200057124
9925,3179.7115295194067
9926,2585.4630927874587
9927,7513.950087701349
9928,5207.829301186603
9929,3973.802779660174
9930,3352.157291645648
9931,8899.782949781478
9932,5337.909577906972
9933,4026.288813443458
9934,5153.8294842809155
9935,4509.6622450587465
9936,8227.471628428691
9937,3114.4870466561224
9938,1901.8901831619567
9939,12257.471448576114
9940,5855.401408747873
9941,8982.97541596499
9942,5663.393063300303
9943,2553.799142480178
9944,9382.331044929968
9945,3153.525654195309
9946,6185.201236786973
9947,6661.840721014635
9948,4697.13499876602
9949,5609.573158896947
9950,3940.6210133903464
9951,4740.499098155903
9952,4836.102135539439
9953,2264.099230044285
9954,5131.189419562618
9955,9445.616429166714
9956,4241.229880058486
9957,2553.1711394260024
9958,4317.499686094164
9959,3196.3857060483538
9960,2109.0861631689577
9961,3975.838204369795
9962,5459.885369987472
9963,2714.7256818076107
9964,3320.0668992319133
9965,6568.53021441274
9966,4055.813504337895
9967,8913.295804044377
9968,4030.1874092362727
9969,5894.737074268638
9970,3827.9609454619235
9971,4231.337500298104
9972,5943.609676852005
9973,4761.5581895286605
9974,5084.305543611262
9975,9341.517191868617
9976,8225.868538050165
9977,6402.900645212978
9978,4513.565121222743
9979,2846.0315407774747
9980,5513.037598191624
9981,8246.331465814763
9982,3715.797074888745
9983,2898.237436747437
9984,15650.055818033881
9985,3384.3523021340948
9986,5093.354272453317
9987,3376.879824068088
9988,6017.5628495543515
9989,7878.809637097381
9990,6890.059115525307
9991,7301.392671178284
9992,6453.7583150496
9993,6443.87646633422
9994,5403.637584987226
9995,5153.028562859077
9996,1857.0176759989072
9997,4628.68664548057
9998,3134.2958301585927
9999,2582.8162765337133
10000,5395.903922840358
10001,17927.75732570463
10002,4315.53446082114
10003,2626.5363022710717
10004,5569.248454829711
10005,4710.619901337879
10006,4860.403577669183
10007,1855.6344751214285
10008,3299.7522442771146
10009,5996.535118994907
10010,2790.4370590381227
10011,9854.987448954853
10012,11596.611664566513
10013,2918.568589754371
10014,5099.856324006753
10015,3907.09738586739
10016,4223.12916311029
10017,3781.030035368181
10018,6251.169742990991
10019,3254.86655156475
10020,4240.708487235346
10021,3982.156789023485
10022,5488.375042276796
10023,5136.289200818401
10024,6475.824971723886
10025,2616.0562263453894
10026,7748.324407869709
10027,5807.856641579894
10028,6293.822605955519
10029,2938.407963700336
10030,3417.0161785196856
10031,4563.345807563688
10032,3244.0025327070407
10033,8967.05283343589
10034,4012.69581681601
10035,2345.818788961248
10036,5914.947348139101
10037,4844.453805244558
10038,5983.557859251724
10039,4207.578734286623
10040,7233.25273796663
10041,9933.856211320091
10042,3786.7320870750696
10043,5029.709797667219
10044,3130.7892453346844
10045,4313.4663636689065
10046,3236.020797679599
10047,3779.615254894659
10048,4686.964544886729
10049,4186.874433066767
10050,10702.161466932834
10051,5304.493427764076
10052,2820.091269435184
10053,5700.1616681216865
10054,3996.1596588495668
10055,4280.600588373282
10056,5799.850383522463
10057,8851.1990823492
10058,6818.305166470127
10059,4281.297560187393
10060,3257.845854428523
10061,1587.2953064979813
10062,4409.043111169399
10063,22960.5858539975
10064,1869.1688340076141
10065,4693.56565565241
10066,3051.22673754838
10067,7779.688565572663
10068,4631.597891783307
10069,6169.498148599713
10070,5234.297039441855
10071,6160.732859343084
10072,2678.5403530661847
10073,4796.305773804745
10074,3287.83276745911
10075,6206.890435167833
10076,9236.179077799583
10077,3747.7616229324785
10078,6753.919497551588
10079,5725.426776570117
10080,3867.50496179811
10081,3691.666268923403
10082,2278.601767263525
10083,2346.8000400205333
10084,8012.822230466799
10085,7558.24658936223
10086,2072.9826706403524
10087,8739.406893393278
10088,6658.011209935946
10089,3845.747388940465
10090,4803.6568387593015
10091,3116.853054390725
10092,3404.6827604199457
10093,3640.4592222407564
10094,5343.7194983913
10095,2311.569958943107
10096,5135.451803660821
10097,2929.2007275313954
10098,4612.909700815654
10099,4495.366330757556
10100,3469.0305034744315
10101,6712.663966642799
10102,6644.8105655685
10103,4382.03461471735
10104,4530.068575349792
10105,5146.459007589678
10106,3336.5007987320528
10107,6685.466055698288
10108,6034.657696688125
10109,4441.328580869889
10110,4565.478750146342
10111,5013.15436827803
10112,4134.832544038504
10113,10782.025581824491
10114,5683.186518460195
10115,3004.4958169826396
10116,9105.629980906928
10117,5475.612215409372
10118,2006.6108311257458
10119,7692.344516354346
10120,7272.143495496946
10121,6368.904243946385
10122,4734.7769952936815
10123,6302.4046802729845
10124,6792.032449075009
10125,4175.209129738679
10126,4504.404207280354
10127,2910.349296235408
10128,4771.990734972739
10129,7938.889467739132
10130,2494.844479500877
10131,8378.254475196356
10132,7293.118044085535
10133,4858.693666530347
10134,6894.790928749088
10135,3781.9691562255175
10136,7074.05434856826
10137,1577.1455108338137
10138,4393.910681151966
10139,4566.1030275253015
10140,2188.873943562048
10141,6277.0954507108
10142,7437.157520221455
10143,6372.500535285444
10144,6190.0836848910585
10145,3322.6353826773725
10146,5515.466536075774
10147,6751.654673638994
10148,6621.7659525015815
10149,2473.7265852078485
10150,2313.2740533301353
10151,5299.1331683962435
10152,10540.77126205512
10153,2929.27012752086
10154,7517.054776551946
10155,6423.524417509541
10156,6518.358101656684
10157,3885.154196296349
10158,1613.6112115071303
10159,6482.554813134508
10160,5380.002524214757
10161,6796.7789080614875
10162,8270.579704474096
10163,4175.2686435072455
10164,3509.4433228539474
10165,3198.2941141298625
10166,2449.794215718127
10167,1159.7748835420016
10168,5889.473334960452
10169,8637.43229296041
10170,4171.7166722693055
10171,5530.664880260965
10172,2742.056543971972
10173,5528.522639281581
10174,7200.517920732752
10175,5907.238898958649
10176,6062.1763453261465
10177,3130.8167306940077
10178,3688.1756827891295
10179,3225.2461990346133
10180,5990.158679005509
10181,3152.564375193381
10182,2223.841398443521
10183,3239.429921303474
10184,3416.2997279172546
10185,5562.018198555134
10186,4399.516240121017
10187,4742.324453705352
10188,4797.387606999446
10189,7650.098331310315
10190,3565.828115662905
10191,3708.0318211976773
10192,6188.233275779237
10193,4869.572813031359
10194,5726.989134108336
10195,1900.9491486126567
10196,5198.89507178262
10197,4698.22923882393
10198,3829.7530194564033
10199,5110.9501766215635
10200,5183.632482387101
10201,6401.32038978448
10202,5753.487467887502
10203,5597.180077715346
10204,5424.752048879688
10205,9839.97850895176
10206,3273.262373050996
10207,2923.842206189937
10208,5265.283374899742
10209,5410.924476738708
10210,4796.443608007367
10211,4865.349192350022
10212,3316.4526125432544
10213,5652.385990239377
10214,2849.318545576553
10215,6275.541863996738
10216,3232.0464764045464
10217,3428.746831854227
10218,7156.670170827081
10219,2725.7063398009936
10220,6062.961281289925
10221,6924.974188934118
10222,5039.091671415084
10223,3416.446279099656
10224,2780.9879038619683
10225,4973.154113161652
10226,5726.14631460334
10227,4854.691462340775
10228,5655.579241060032
10229,5138.8031293605445
10230,7830.681961019097
10231,4637.143042079374
10232,3374.392225629597
10233,6946.138742957077
10234,2941.1701518252944
10235,10530.600220317761
10236,5069.445264134772
10237,4614.19936824706
10238,7831.498859550383
10239,4187.653740898836
10240,4269.211977904691
10241,5749.286509859471
10242,2971.8025404010214
10243,2754.517723388757
10244,7115.57344751351
10245,3096.2400641327254
10246,9456.555881977754
10247,6130.627159819607
10248,4838.732500720626
10249,3047.5196737001747
10250,5388.019159045972
10251,2707.8467399583324
10252,9554.424572018439
10253,3905.0990264355733
10254,11985.178564608446
10255,4684.074222903462
10256,4221.377779117415
10257,12522.985354176972
10258,4330.430971216015
10259,3065.4127344436097
10260,7594.635955249244
10261,6160.284273601325
10262,4415.345938343932
10263,5043.646974657914
10264,4002.0942567962725
10265,2269.02391700523
10266,3618.9479507232077
10267,3044.6304409453264
10268,2325.232776075724
10269,7419.795820180533
10270,5073.844056683962
10271,26826.130342714492
10272,6631.974928212635
10273,4805.628208013409
10274,4662.139889207332
10275,6883.162491317553
10276,3373.5295967921866
10277,6435.765668428529
10278,4833.349114695308
10279,6176.172347728464
10280,6386.01781428173
10281,4648.7251449035975
10282,3535.498211743199
10283,6381.63228534284
10284,5672.136261705026
10285,4671.2167725880445
10286,5816.122935029972
10287,5070.759569188444
10288,3569.592269296928
10289,4660.492963348661
10290,7727.156993173057
10291,8847.756295173409
10292,7646.129474512749
10293,7635.9621277887845
10294,4249.261595440934
10295,6088.410418037564
10296,2338.0337583180767
10297,8378.929185518276
10298,9015.891208942705
10299,9773.84900829365
10300,6078.333790642538
10301,3363.2456267061466
10302,4714.899180946293
10303,6170.73255126884
10304,8762.636365965942
10305,4496.106973758584
10306,5690.23876361367
10307,5001.172847505166
10308,6111.076875225464
10309,2738.3284788553233
10310,8038.575440716356
10311,4387.393895183642
10312,7780.497874261044
10313,6511.220238320196
10314,4031.0707368212466
10315,8872.738668043226
10316,6318.254303566415
10317,5004.749962144446
10318,4118.9320746368285
10319,7646.135904564656
10320,10955.942039168649
10321,6167.292196178322
10322,5924.28599578235
10323,8840.579687325773
10324,7848.1139506329
10325,5976.989557966991
10326,7143.618293586175
10327,2426.581291714713
10328,2784.0128472671477
10329,4945.823646445598
10330,6493.554906153739
10331,8997.426447223841
10332,7979.694539775669
10333,4326.719370458734
10334,8287.329081670065
10335,7829.212338654
10336,6089.335017979018
10337,3149.0846167107998
10338,11472.246754348922
10339,3915.7430694171867
10340,4533.095308875977
10341,7448.844120171113
10342,3910.5347572682663
10343,5656.18930322762
10344,3253.2498856356215
10345,6097.459528215694
10346,5631.390557636434
10347,5977.965271605867
10348,8563.978870136465
10349,7483.738115423946
10350,6185.08491936268
10351,3651.472804319104
10352,7393.526049897046
10353,11974.205973075917
10354,5637.486189481885
10355,3567.5427742533348
10356,6890.213331916579
10357,6128.628049608796
10358,7436.668625075014
10359,9133.03938388752
10360,2355.8783030472823
10361,7740.908583735364
10362,5208.998160410839
10363,6084.567781254931
10364,8088.439816372779
10365,2912.132170038967
10366,4560.044107802853
10367,5070.3036148821675
10368,7813.761798547936
10369,7843.305478041668
10370,4358.7232658909215
10371,4093.905383348629
10372,7244.383290372973
10373,6596.6867824491355
10374,5177.16174424122
10375,6230.915027865906
10376,4614.040458464684
10377,6710.855671045247
10378,4839.088526202727
10379,3422.7983943084305
10380,5463.801270793762
10381,6495.63636970547
10382,6295.633351602883
10383,7509.781018783178
10384,8206.805369283056
10385,4248.521170782295
10386,8660.618050375795
10387,3292.6157560102797
10388,4016.3812971460893
10389,8536.354234198545
10390,7239.990471589414
10391,7983.723972607267
10392,9485.06960458771
10393,7175.507939249238
10394,5448.293295892398
10395,7191.943078164276
10396,7734.644247161606
10397,4294.523842361532
10398,2951.3221724126834
10399,5513.286488578591
10400,5023.620840885422
10401,5867.491449957364
10402,3611.2053532301434
10403,6121.118478057306
10404,6749.091520394962
10405,6475.8923712821625
10406,6014.596630591174
10407,3076.2457596619615
10408,6619.322175765403
10409,7390.1029709585955
10410,3749.306386176871
10411,5990.713335817229
10412,3492.5422394945754
10413,5858.186596613876
10414,3555.733706159881
10415,4666.00157304873
10416,4849.751239645569
10417,7634.420339013571
10418,6269.053612990068
10419,7044.8187619835135
10420,13198.994415412955
10421,4282.587204192825
10422,5331.029999394751
10423,10408.90719480613
10424,5744.511979642004
10425,8240.62084000493
10426,6890.964417683513
10427,5723.888679998609
10428,6556.000509275161
10429,4621.52651027964
10430,5354.813696410353
10431,8236.242594558707
10432,5035.302668180711
10433,2852.6813071398424
10434,3863.0122746965053
10435,7688.806943105268
10436,10085.474556013614
10437,6112.221884429829
10438,6457.092412411302
10439,4560.257134258137
10440,2481.7335213926726
10441,1945.310001188118
10442,3779.0944467231793
10443,5917.499312644641
10444,7339.283056956003
10445,5627.065432949642
10446,4708.554517721113
10447,8505.788973507913
10448,8041.8762395030535
10449,7655.714533104233
10450,5161.11394883921
10451,8434.82321200852
10452,9249.573002701127
10453,3724.689102064802
10454,5779.240705437842
10455,5477.592908618837
10456,6773.584242850049
10457,3174.4000972365457
10458,5516.282524821171
10459,4920.292934837955
10460,8656.824594923099
10461,6239.352591582733
10462,7974.698988461172
10463,7184.120061290193
10464,5130.6776148607405
10465,8275.6869199865
10466,18372.448672998944
10467,9223.463721987819
10468,3899.0217652930587
10469,3433.1706908659085
10470,6553.394284071289
10471,9095.391513838162
10472,4735.740207029139
10473,9503.205741871137
10474,17580.408941218317
10475,4525.925820831271
10476,2743.3322462772335
10477,10168.541540759541
10478,3436.660105641594
10479,6082.500075213387
10480,3600.490936900295
10481,6269.592702329985
10482,3610.239350626705
10483,6663.112486148633
10484,5519.214769619256
10485,6038.336055138167
10486,9813.749142263428
10487,6762.854128323804
10488,6181.0793311404295
10489,7068.28224711529
10490,5434.810746292711
10491,6609.351131403302
10492,8794.816869327049
10493,5193.816760029242
10494,6136.735452707637
10495,4472.833290626836
10496,3652.551079880133
10497,5429.641665906329
10498,4925.949096770906
10499,5131.830648681157
10500,8647.759861074928
10501,8386.82898828853
10502,7646.4210634833635
10503,4596.946703517738
10504,4307.187678023901
10505,4576.343170979409
10506,4906.433575996284
10507,6431.5468687486255
10508,3027.994746429859
10509,7379.369087520205
10510,5677.456621990666
10511,7665.109594302353
10512,5809.048503046967
10513,4575.388950466817
10514,3518.1413968839715
10515,2978.2802081001746
10516,9192.352992061067
10517,5681.641781785549
10518,6259.830656491548
10519,12945.135348282703
10520,8053.077632930184
10521,4824.115987827905
10522,5446.45885886598
10523,2846.5442836324537
10524,4677.069887358776
10525,4381.288040735504
10526,3773.8704972147652
10527,9101.848489530543
10528,5285.452849648113
10529,8904.686154645557
10530,10805.697879165155
10531,6056.272926171211
10532,5792.933225361288
10533,4799.592462409608
10534,5338.930226405956
10535,4919.8704125552185
10536,11257.621656291458
10537,6476.4306554243185
10538,6830.420120014282
10539,3394.540695186
10540,5961.869845298851
10541,5892.928776668308
10542,8269.973064037822
10543,7021.829955951019
10544,5368.933524335533
10545,7095.780576850366
10546,4990.083607552366
10547,8740.434387873514
10548,7249.872615435787
10549,6820.20644299157
10550,9496.162812535962
10551,7278.262495555126
10552,8878.862228491716
10553,3733.1728504938715
10554,5387.5485521017545
10555,4900.118768414752
10556,9143.102900973641
10557,7253.425266662995
10558,7455.481810703935
10559,6484.556592799151
10560,8415.022029665888
10561,5241.037802218208
10562,6717.444953609047
10563,6105.197288116409
10564,3220.9857650941603
10565,13437.126918115982
10566,17057.51303591344
10567,7375.705371716665
10568,6634.5362258016485
10569,7402.9662870350785
10570,8777.449178631165
10571,8371.276626035033
10572,2928.102360662375
10573,4720.337089530178
10574,5770.2242853631715
10575,8681.983661515156
10576,2669.476650689036
10577,4611.925517090331
10578,5352.918105507545
10579,4916.776169479376
10580,5345.148371251856
10581,3258.394923855131
10582,3014.0343066624473
10583,7103.0933020323
10584,3763.292024355498
10585,4799.492423193426
10586,5725.24320011847
10587,5548.019636964691
10588,9471.42831695525
10589,11163.255693195937
10590,5290.725958352231
10591,7562.613224039024
10592,6618.025334384006
10593,10049.782383425576
10594,5124.13369955924
10595,2988.3990514935344
10596,5411.913952781423
10597,11963.906477641074
10598,4305.896659112617
10599,7336.132107746501
10600,2328.6648039948564
10601,4052.3370510640707
10602,6421.9344418327555
10603,6503.440481214251
10604,5741.244793446121
10605,9084.508372271199
10606,9502.330678784821
10607,7958.9464218012445
10608,4311.665610030444
10609,11173.805129274604
10610,2137.268588548068
10611,3880.0026757152673
10612,6982.715064062153
10613,4882.975711454395
10614,10311.807595342605
10615,2885.4642250204442
10616,5152.0610236930415
10617,6085.531858143999
10618,8198.36715409613
10619,9727.175679878128
10620,4963.254409878736
10621,3097.886711627683
10622,9220.04562054884
10623,9796.88661179939
10624,4831.976778642853
10625,5792.218442269323
10626,8787.575975678323
10627,6084.364964846118
10628,5243.047416173919
10629,4096.930536914658
10630,8091.640677903631
10631,4726.925408729095
10632,13399.401466192921
10633,7696.4182330243275
10634,13768.902840663204
10635,7157.599074885062
10636,4705.527296988185
10637,2267.493452685621
10638,6354.647095541164
10639,5959.875376899994
10640,5475.002502144654
10641,9594.042000253978
10642,5787.942021692768
10643,2844.269495844416
10644,7295.757674722826
10645,3420.144242012487
10646,8890.701449896302
10647,7506.002034158606
10648,6995.845051695543
10649,8127.361828041444
10650,4731.865528521235
10651,7752.284672204857
10652,7325.745399466895
10653,5946.687274044631
10654,6534.7473493555835
10655,4216.337829385141
10656,9351.566159715767
10657,6362.279828672284
10658,3958.0118603841183
10659,5158.17884422718
10660,8333.05681219402
10661,6001.4268637443
10662,4037.8634245205308
10663,5471.641702532694
10664,5557.696495160783
10665,5225.390360517787
10666,5222.729680570395
10667,10233.789344024703
10668,4940.514443238778
10669,3970.166229156558
10670,5867.203475964437
10671,5678.146480930462
10672,3093.009995493331
10673,5266.744927445788
10674,8762.794349242527
10675,8241.756000064182
10676,10971.150992367646
10677,8788.702585885181
10678,7613.997620255892
10679,6414.264941661625
10680,4666.095855089944
10681,10433.576333770654
10682,8466.89499330133
10683,6839.170464928756
10684,5434.6648988704965
10685,5856.933224463499
10686,4915.9125147309005
10687,2384.0371225660247
10688,11803.609692820359
10689,6185.188097729078
10690,6078.6110726652305
10691,5192.411533855437
10692,1482.3621406251013
10693,8398.605940373744
10694,6304.532554912574
10695,5248.659614534081
10696,4242.151563746036
10697,5816.690708848566
10698,5456.385536345437
10699,4317.083162662584
10700,9316.015151844584
10701,4415.366719999464
10702,4733.083828861481
10703,3791.5405689121317
10704,2745.384773332197
10705,5352.753976500641
10706,14503.127775147574
10707,4748.535170888267
10708,5939.943680018285
10709,5429.618084915675
10710,4227.821142997697
10711,3539.985962505271
10712,6191.079378937013
10713,3082.7972495203394
10714,9121.734672017034
10715,6455.281379935484
10716,2839.2241098107274
10717,8412.991159672536
10718,2633.4840267994814
10719,3943.2245713888274
10720,8637.825379737684
10721,8211.940907040705
10722,9135.187182612111
10723,2522.960113688967
10724,5426.606279551173
10725,4847.660521561242
10726,4121.19547741283
10727,16492.038015537026
10728,11315.9389277233
10729,5711.303502048703
10730,3265.215052190891
10731,5800.397081799861
10732,4713.054411656288
10733,2760.810178320714
10734,8804.739432262608
10735,5027.466009428133
10736,5665.19300793507
10737,7590.590944374859
10738,5171.83106417553
10739,5195.670097797681
10740,5649.581813411397
10741,7405.198141430788
10742,6849.223203292314
10743,2948.288112463626
10744,5698.00850022161
10745,7164.20278966064
10746,9160.702006333755
10747,6392.000213778133
10748,7657.855448342311
10749,2267.1644650626754
10750,8740.938976400535
10751,5152.9558109646
10752,3035.9915583565735
10753,4866.587442968575
10754,4744.702088912879
10755,4689.376589153314
10756,6731.112115610411
10757,4190.842259597001
10758,6278.295086376527
10759,5322.60544251603
10760,7718.3168454777615
10761,8732.902949835348
10762,4620.112233179807
10763,7661.604051444221
10764,6310.623716897783
10765,2980.9768032823126
10766,11185.779893681874
10767,4004.902375873567
10768,3680.3955024912943
10769,6488.052648992573
10770,10120.640624742318
10771,9568.497204520381
10772,4168.697042605933
10773,4671.092039545902
10774,6510.929825452691
10775,7165.496925155283
10776,4870.573518715972
10777,8224.265476482124
10778,3101.2778844571417
10779,5417.251985844143
10780,4118.229124946456
10781,3722.7967217084347
10782,2763.6265175208455
10783,7871.27979600373
10784,6762.031690355328
10785,5570.735161918244
10786,5563.442289469391
10787,7765.613310111909
10788,8104.513715990109
10789,4942.440787351453
10790,5433.220779407129
10791,5393.36966960827
10792,7320.460669336502
10793,5722.163405298295
10794,2237.509854802267
10795,5968.99081833543
10796,6467.228175653566
10797,6215.169282028282
10798,6020.482074127742
10799,2825.3619785114333
10800,9480.329611734247
10801,3008.898429105873
10802,9003.769494717499
10803,5669.555016557587
10804,4830.491933006417
10805,8098.550779511993
10806,4053.455880342575
10807,4487.435458647924
10808,8691.740658000788
10809,2705.9472331756506
10810,6611.296528057064
10811,9761.533170225432
10812,7143.907345381619
10813,2548.6678547114143
10814,5025.901291073747
10815,3811.0533133638287
10816,2378.7232948705987
10817,5306.162981360115
10818,6373.293854341511
10819,5492.352792937253
10820,4597.013793606513
10821,5826.724847313474
10822,4801.008482757797
10823,9124.749815765696
10824,5422.889885329744
10825,5993.956502586146
10826,4283.358506664804
10827,5588.513212991389
10828,5911.95471221986
10829,6603.639760783265
10830,7920.70599769941
10831,9452.797795579176
10832,7937.299228606626
10833,6133.0822034979865
10834,5645.653450618128
10835,3019.4640917609486
10836,5825.5612156413035
10837,9228.263745414963
10838,7091.049191741731
10839,6642.48152386528
10840,14174.16685036755
10841,3435.9237144613635
10842,5096.650726615116
10843,4388.122336786346
10844,8674.663119215533
10845,9792.065426851235
10846,7339.353557171739
10847,7824.463917837826
10848,7673.323481349145
10849,7631.693208606276
10850,6396.182953345508
10851,5332.881555694683
10852,2313.4650171404796
10853,5282.130354444762
10854,3578.8821720076144
10855,3232.084752939043
10856,7744.612803583764
10857,18140.709601546445
10858,5533.817728283596
10859,3516.2702627400727
10860,4896.5762842362965
10861,4423.569584807293
10862,6297.257096348666
10863,2147.849350821296
10864,6777.060568850116
10865,7084.298566606485
10866,3704.5149566429536
10867,11301.31842449147
10868,11142.162457608256
10869,3726.84845532102
10870,5773.659857863624
10871,3990.3643182513033
10872,4209.287124728952
10873,4394.128847876301
10874,9129.9537537848
10875,4053.454063339779
10876,4700.127489031862
10877,4872.759014440036
10878,5649.523444798623
10879,5097.930910977412
10880,7361.780035018331
10881,3188.406689923987
10882,8437.455008453222
10883,6436.657649499992
10884,5154.733928129927
10885,4218.292509963082
10886,4265.955611449241
10887,4852.635701670969
10888,4199.217294321737
10889,9486.75283185328
10890,4500.974302072357
10891,4182.883841300901
10892,6622.308446326474
10893,5494.395824245063
10894,5626.222771730304
10895,5334.96314968328
10896,5975.9884885928095
10897,10136.208418809196
10898,7111.378893780131
10899,6260.1746118160845
10900,3694.768977248296
10901,4674.938705624591
10902,6274.034650861371
10903,4132.800654988682
10904,5068.138530127135
10905,4875.136939121036
10906,11528.651303476767
10907,7594.060310728477
10908,4673.122068176964
10909,5772.65446442606
10910,4633.795918729423
10911,7084.731929656915
10912,5776.248569221659
10913,9376.385887297754
10914,6664.772483504794
10915,5201.807733431685
10916,4305.287971144795
10917,2089.0978211711267
10918,4548.852242105031
10919,20378.27000551581
10920,2222.7231057079816
10921,5433.23541793085
10922,6563.544721100551
10923,7244.381850257189
10924,5964.277031048323
10925,8300.857782780953
10926,5750.667796642807
10927,6034.576395463435
10928,3197.4432737135053
10929,7964.973782576
10930,3957.5014562347396
10931,6677.621277273054
10932,9176.160652538165
10933,4100.76676101405
10934,7795.38382431996
10935,6511.060913448374
10936,3389.234488803029
10937,6659.443202894871
10938,6807.07813285132
10939,2741.8121163239643
10940,8697.855425462429
10941,7235.36088016891
10942,4901.144363200117
10943,9985.063788633937
10944,8726.26358137292
10945,6872.0704897954365
10946,4881.026812171124
10947,3831.3626839078615
10948,5548.264264286115
10949,3372.222003248187
10950,6466.468670805692
10951,2566.0278178648587
10952,6042.8593989469655
10953,3209.428189345133
10954,5758.234430588963
10955,5424.67692812205
10956,5045.801100544181
10957,5742.716437691537
10958,8502.141660273677
10959,5203.5181872046005
10960,7469.92641677814
10961,5722.254730427939
10962,6233.099968087944
10963,9133.608304842612
10964,6949.829557571789
10965,3964.6670916006365
10966,5153.84117453129
10967,5262.81123145867
10968,4451.212645516682
10969,12129.516881102347
10970,6335.285520303438
10971,5948.638922530891
10972,9086.501404521545
10973,6868.284364286321
10974,2242.224816839598
10975,8814.51923584692
10976,8773.79715880244
10977,6531.4878437794605
10978,7606.766724568234
10979,7444.858636479487
10980,8006.926476831015
10981,5204.751475202797
10982,4545.92092593906
10983,3390.8217435144597
10984,5688.253791333395
10985,7854.870282032109
10986,3040.8989851308056
10987,7476.800030922925
10988,7207.150759162018
10989,5046.756024041222
10990,7459.364768248042
10991,4765.748225141795
10992,7270.962642638128
10993,2455.1909758464562
10994,5051.319212367938
10995,5144.340868978402
10996,3870.640038818978
10997,6626.834098216489
10998,7104.034790795516
10999,8216.045964149209
11000,6369.689963845882
11001,4130.307475737522
11002,6410.565192039718
11003,7186.972327844993
11004,6309.839809268261
11005,3260.490348038736
11006,2836.275604374312
11007,8742.088941393888
11008,5947.407329077962
11009,4043.288358414446
11010,7667.546922005033
11011,6973.612540044679
11012,6491.679566537756
11013,5165.625933617807
11014,1878.180804228542
11015,6358.014766614717
11016,6592.695401181476
11017,5377.821664091079
11018,9054.840116931597
11019,6833.623553209622
11020,3764.152363557627
11021,6186.479403007795
11022,3060.2835615784907
11023,1322.8731038158908
11024,6414.802366648524
11025,9435.634716975432
11026,5860.106835795713
11027,4610.3252167699575
11028,3245.481210985035
11029,5284.876320062827
11030,8405.734358695347
11031,5970.827126635459
11032,8452.097792735474
11033,4084.226969296419
11034,4456.692445177512
11035,3674.940544709282
11036,6531.218098351708
11037,3648.049427905911
11038,2661.7342572259413
11039,4721.981844256937
11040,3868.7475748030643
11041,7191.572233503106
11042,4595.065826442507
11043,5550.384660977059
11044,5516.219148438345
11045,7620.440753472897
11046,5058.476997905182
11047,3985.5780445041983
11048,9367.70217020087
11049,7416.165452863837
11050,6852.0378245401325
11051,2111.366302851028
11052,5265.023927116282
11053,5754.915458324429
11054,4257.0593038280595
11055,7964.209712795982
11056,7739.9420308321305
11057,6595.292339858212
11058,6306.72627552484
11059,6229.111212496154
11060,7828.967437276149
11061,11309.428196151242
11062,3295.263091640759
11063,4011.923148526898
11064,5544.14131995972
11065,6113.699502565035
11066,5910.200607260305
11067,8937.018971545569
11068,6921.440508394152
11069,6156.7858264710585
11070,2747.328909280719
11071,5675.689826350085
11072,7047.461913868497
11073,3469.3117796059987
11074,6211.276288081441
11075,3315.85069273538
11076,7339.835167883676
11077,5593.318705895138
11078,5391.450815843374
11079,5819.680880236067
11080,4118.2564185014435
11081,4820.253064863453
11082,6899.46027419356
11083,5256.170507267094
11084,8198.656772417226
11085,5707.217547216984
11086,8524.458119990597
11087,5426.987725017995
11088,3782.0714376769197
11089,8709.246434837289
11090,2950.8811262654776
11091,10380.954894301314
11092,6110.960079428951
11093,5151.718494972849
11094,7131.156964531374
11095,4896.008779622582
11096,4406.716586846626
11097,6365.382211168475
11098,3370.8250578469215
11099,3198.1251015661114
11100,6065.425610019161
11101,6219.822310666742
11102,9950.504697778948
11103,6420.10340692712
11104,5572.709130649011
11105,4120.820902279597
11106,6346.758184525873
11107,3326.1202187320046
11108,10215.508837792691
11109,7106.207473149726
11110,12674.711838041378
11111,5566.370494664044
11112,5436.130217930149
11113,7856.664559322382
11114,6968.1464715241555
11115,3135.576577857647
11116,8758.705258225238
11117,6642.095860112646
11118,5425.632739875354
11119,5659.180834071598
11120,4877.250784476541
11121,3099.3953887470516
11122,5164.612926330611
11123,3777.17573289203
11124,2987.616862086186
11125,7628.544645095832
11126,6161.393705981834
11127,22853.62233015081
11128,7917.679027816838
11129,4572.605239484285
11130,7752.023009004089
11131,10148.471586169087
11132,6243.182576997326
11133,7295.425161556467
11134,5570.887618818708
11135,8268.381601263607
11136,8302.949342034031
11137,5227.625859361236
11138,5918.230998179521
11139,8138.525557322382
11140,8261.044336980307
11141,7713.826457621862
11142,7763.516270304401
11143,5871.213461372269
11144,4747.919607531667
11145,5838.446586563273
11146,10643.604068810566
11147,11134.699510257968
11148,10036.48165740246
11149,8744.558328406018
11150,4849.402010265602
11151,6663.392457408761
11152,4126.126774377152
11153,8888.782290279929
11154,11506.054360878785
11155,9139.914228723956
11156,6260.903149851471
11157,5754.182471518947
11158,4353.344640797206
11159,6275.0817528400285
11160,10985.346683358799
11161,7172.187948953075
11162,5627.837730776299
11163,5621.673486471765
11164,7852.258000293668
11165,3943.460506176607
11166,8020.413804976218
11167,4595.85535239108
11168,7556.840843685592
11169,7340.80852809521
11170,6180.062272405285
11171,8295.794933150457
11172,6859.699473588067
11173,4873.328535350665
11174,7062.899683968217
11175,8091.215544692146
11176,12597.860422525826
11177,6314.926421041981
11178,7995.392609347792
11179,7993.523988736675
11180,9130.782820660941
11181,7051.950120288109
11182,10251.330941742062
11183,4691.532441239334
11184,4962.274394256473
11185,6392.743205096332
11186,6898.900445977298
11187,9908.517195250575
11188,8130.7370976539105
11189,5518.594022288168
11190,7883.801271377449
11191,6664.14099477809
11192,10239.98137040936
11193,4153.962998733461
11194,13960.101829987438
11195,5080.739220332416
11196,5887.6662853748
11197,8659.562330835184
11198,4740.125709996886
11199,6668.159361163898
11200,6971.459078461152
11201,8279.802059640091
11202,6255.904798159659
11203,5845.088540131944
11204,8343.489680942954
11205,8666.787882330478
11206,7668.211828377285
11207,5247.939400172916
11208,7350.598228190525
11209,11796.661235348716
11210,6941.32981515882
11211,5126.461834027285
11212,7359.910029608017
11213,6073.100063322495
11214,6743.860545529653
11215,7887.806548223647
11216,4220.849859513232
11217,8713.3635272598
11218,6567.422298571793
11219,7016.815432881533
11220,7971.6335959514545
11221,5053.724880374342
11222,6162.948795855944
11223,5373.44053978872
11224,8441.680265521067
11225,9097.694483449011
11226,5015.99568312266
11227,4686.33117926459
11228,7107.389387177398
11229,6203.702960662218
11230,5988.062219743928
11231,7968.952449922924
11232,6632.886501630946
11233,7956.480371106088
11234,5694.38783916539
11235,4806.520347959255
11236,6503.007929699631
11237,8379.441936500089
11238,7827.5563109521945
11239,9426.674692582856
11240,9312.40258273757
11241,5880.227835932073
11242,9912.56137839091
11243,6022.389291559112
11244,7787.534174287342
11245,9587.342870935254
11246,7064.172267149979
11247,10352.981327729334
11248,8730.606809787074
11249,8230.292979218555
11250,6416.992201548628
11251,7831.278500641729
11252,8348.598085797461
11253,6382.944920590357
11254,3988.466653839752
11255,5749.011511299132
11256,8069.303845850613
11257,6759.810046028804
11258,4776.2899251418075
11259,9166.156971213348
11260,6243.562557804289
11261,6203.126783056698
11262,6115.532854323393
11263,5763.922196909678
11264,7949.588486083003
11265,7697.87858499615
11266,6897.5243202082775
11267,6082.508371884479
11268,4944.399454777486
11269,7188.856719553518
11270,3908.7432030211653
11271,7181.275901435545
11272,5299.617494283393
11273,8807.854147453165
11274,7049.986396275418
11275,6241.70646094726
11276,11704.726680024723
11277,5096.050197109778
11278,5741.604019205132
11279,11484.31155956039
11280,7211.900784075102
11281,9140.919523405584
11282,7928.541521799758
11283,6312.616635229104
11284,6547.34813391278
11285,5564.347355883283
11286,8370.47473850157
11287,11599.334577372474
11288,6739.933223720952
11289,3583.7202706401545
11290,5445.487273540572
11291,9178.554301463988
11292,10257.055662314646
11293,6569.326061593687
11294,7373.012103122199
11295,5122.476490604013
11296,5286.97010247142
11297,3340.800759254261
11298,5141.144547579181
11299,6708.822023705389
11300,7674.764936786295
11301,6776.4933518622765
11302,6923.545471275286
11303,9190.445546291412
11304,9420.448068878997
11305,8498.861483707273
11306,5289.92278719733
11307,9135.075404389714
11308,11753.124880861371
11309,6048.6417598574435
11310,7856.536085488531
11311,5931.0586998223
11312,7337.020662314006
11313,4484.176604598816
11314,7090.843793999147
11315,5996.028888996138
11316,8809.932752544937
11317,7295.2149507558115
11318,9285.402503095767
11319,8767.902185232086
11320,6100.7497049478925
11321,8976.17780393515
11322,19939.400363181547
11323,11366.233977516458
11324,5837.6539999863
11325,3425.1974748987536
11326,6838.849713628548
11327,9748.695045280554
11328,6126.871463668782
11329,11802.644586140825
11330,20172.251293367815
11331,3871.8812709038275
11332,5189.407708921311
11333,8930.694016863163
11334,5320.130256499428
11335,8316.062825009425
11336,6686.7863817569
11337,8144.901002318372
11338,3864.524573642005
11339,6860.912547300519
11340,6727.844117285298
11341,8444.755336043723
11342,10010.201213212535
11343,7216.271571851991
11344,6490.625090296124
11345,6568.923821960728
11346,5273.296335598497
11347,5279.7091388731815
11348,7657.629331083525
11349,5890.325648409478
11350,6254.383662010792
11351,7486.488807992518
11352,5881.244117473427
11353,5526.114140650721
11354,7049.29317693179
11355,7016.938527591593
11356,9294.296392263186
11357,7804.677615505209
11358,7552.094153586969
11359,5998.124987402741
11360,4278.807107616802
11361,6845.145142962785
11362,6780.8773449465825
11363,6278.8648507733515
11364,4531.101848333778
11365,9386.092686261161
11366,7476.669139238348
11367,10276.151958316723
11368,6744.396242159859
11369,6048.691229008439
11370,5684.061608511465
11371,5172.671661628274
11372,10377.201639807634
11373,5537.499334292731
11374,8909.26190624922
11375,15264.631431952039
11376,8085.223782658083
11377,6743.2385032783595
11378,5457.768757231645
11379,4766.848214732367
11380,7911.538840995177
11381,4557.892167111904
11382,5610.917673066113
11383,10441.442295466932
11384,6213.895499300176
11385,15872.673186971606
11386,13605.52648286182
11387,5586.673718409358
11388,6944.92961467339
11389,5951.170075834355
11390,7299.342928965108
11391,5646.667370664131
11392,11574.291907644656
11393,8388.520694860685
11394,9479.164597446705
11395,4563.176276468377
11396,7893.938683878516
11397,5592.85077686151
11398,8948.956092762397
11399,7218.524991164112
11400,6539.03431263158
11401,7630.216988919057
11402,5759.7694704600935
11403,9327.514390860551
11404,10079.768737533299
11405,6433.898129345743
11406,10812.03070966295
11407,7161.600061978279
11408,9562.216084639962
11409,5683.418301809712
11410,5310.120657001378
11411,5943.96142127574
11412,10458.550497584814
11413,7086.043250846269
11414,8507.885485330073
11415,7296.484373509414
11416,9870.839857146864
11417,5147.006303686508
11418,8765.680508798237
11419,6807.825902014117
11420,4385.771815399195
11421,15275.107242150594
11422,17455.69746784748
11423,7564.013909009298
11424,8152.847805991504
11425,9625.254675115426
11426,10838.828127843486
11427,11294.316930901816
11428,6013.6628420847965
11429,7826.279443853393
11430,6536.65210622981
11431,8998.068881218192
11432,4337.895445998707
11433,6287.918169004825
11434,6109.39361321166
11435,5613.965271943475
11436,7888.20168134305
11437,5253.640799029766
11438,4840.195517486614
11439,7133.590642749294
11440,4094.8937498639525
11441,4721.108828141827
11442,5914.147939354288
11443,6992.428050124545
11444,9868.39945321031
11445,9141.521421225643
11446,7005.604209062883
11447,7011.799786916726
11448,6828.556869088917
11449,11551.480186653967
11450,7564.928863239112
11451,6139.91043677994
11452,5166.247951282515
11453,9993.329703231837
11454,4892.892920040412
11455,7893.580216283336
11456,3710.743585256665
11457,5281.569665074656
11458,7811.973517689868
11459,6579.700771912228
11460,6149.331776955066
11461,9439.678638923648
11462,10494.64775371127
11463,11337.540655803752
11464,6600.761965296346
11465,10362.026984345062
11466,3317.7999103586994
11467,5528.379338733375
11468,7155.825174453501
11469,4575.8794094258255
11470,8687.294363064699
11471,5591.065681332787
11472,5421.903199025298
11473,9372.710378101698
11474,10506.272297465852
11475,8383.112877383142
11476,5400.334321448027
11477,5676.373435650699
11478,9753.856294052617
11479,8247.966785998731
11480,6232.7109430017845
11481,5947.242505456835
11482,7296.633392101823
11483,9644.012811385355
11484,5028.5608454397925
11485,6477.6587745584975
11486,8622.000432704986
11487,8914.725364807584
11488,14047.835734720467
11489,6119.201815552561
11490,14519.218428232345
11491,7159.157692833949
11492,5570.286205239001
11493,3884.538020530471
11494,6467.016360804987
11495,6292.837106910456
11496,6125.404766708991
11497,9013.205720313588
11498,5490.736492451731
11499,4746.605750259174
11500,8018.790609136354
11501,3994.9294481311167
11502,7739.977839372368
11503,7735.780359331772
11504,8004.3039832121285
11505,9592.182051374475
11506,5592.015969288149
11507,9306.729694104682
11508,6216.488958254761
11509,5929.162004377271
11510,6123.520970946615
11511,5528.55909922995
11512,10579.794378688606
11513,6931.402525537462
11514,4981.5971387946975
11515,7590.754120704076
11516,9624.592283357813
11517,8013.8632782581135
11518,6302.471021757505
11519,9010.207549816467
11520,5612.326824516707
11521,5958.732730418722
11522,6297.79241834912
11523,10431.1379474852
11524,6725.416370209251
11525,6679.308526505981
11526,6115.565890465043
11527,6089.390659397549
11528,4311.700952321157
11529,6038.823542527901
11530,8972.866317696447
11531,9900.690774176577
11532,11756.449866166524
11533,11910.805475559464
11534,9216.554096268173
11535,5779.491122488934
11536,5488.36820308753
11537,11351.574237567154
11538,10927.777784100888
11539,7590.429380089212
11540,8449.877684905632
11541,9467.853353052433
11542,5656.812707292449
11543,3972.236979184268
11544,10710.30264261519
11545,6781.037717273612
11546,7113.224508275924
11547,6327.734886256873
11548,3047.345146847723
11549,11897.11362201378
11550,6409.737872451605
11551,6325.825604106693
11552,5516.204922640426
11553,5542.843308422076
11554,6960.306011022295
11555,8213.644524993984
11556,6983.973037148803
11557,5112.189105476353
11558,5160.563022510396
11559,4417.8667491654705
11560,3575.177918208478
11561,7809.468739975283
11562,19166.94044793684
11563,4960.8372346552
11564,6451.177471309071
11565,7110.539548095871
11566,6129.39108550565
11567,5515.48719807862
11568,5584.570286472323
11569,4542.47606549676
11570,7858.791192637239
11571,7958.504515192071
11572,4127.174817637102
11573,9025.228356166923
11574,5646.4491646525985
11575,5280.414752058691
11576,9318.265687902336
11577,8941.157069794117
11578,9935.3253928383
11579,5596.551061274679
11580,7154.767657715278
11581,5084.413550798059
11582,5605.640876667572
11583,15585.591240073762
11584,10218.912258755963
11585,7439.3394067955005
11586,5840.032420798419
11587,5420.319705410063
11588,6073.3187296410115
11589,4758.137271145478
11590,10287.87690929716
11591,5284.0420090373555
11592,5485.471570137109
11593,8614.471052700179
11594,5293.589007402894
11595,6433.271405556822
11596,6804.23184968973
11597,8323.584642075635
11598,7514.5471707882725
11599,4448.952985719434
11600,5609.466952544956
11601,7368.780930639087
11602,9307.190278331767
11603,9454.726770220286
11604,7713.809584823704
11605,4555.153174646284
11606,8141.791848772643
11607,6138.873167950716
11608,5025.837887107619
11609,7768.345714173987
11610,7896.58431479071
11611,6702.717320863784
11612,6669.53791897567
11613,6925.115037304631
11614,6983.983057597288
11615,6450.591008893808
11616,7300.364057262083
11617,7698.726554131716
11618,5944.855903310551
11619,9465.958994095083
11620,6371.083706450147
11621,5259.476125839593
11622,12922.337760532297
11623,6542.147326769405
11624,3842.6449563770375
11625,8424.599447063163
11626,9239.528725545231
11627,10568.149169264803
11628,4838.762951424058
11629,6451.252746333722
11630,6158.442011647594
11631,7800.424476284994
11632,6658.395447167188
11633,9498.29179982084
11634,3489.525523254455
11635,7136.247318841991
11636,6387.394937725967
11637,5496.017311412837
11638,4802.413256730264
11639,7269.766017467083
11640,9241.837979567747
11641,5423.036924348572
11642,8391.066277939537
11643,7415.402040063813
11644,9481.097348937936
11645,5195.029316561017
11646,6471.266536532334
11647,6362.214474078866
11648,8518.784992222318
11649,9503.737455176413
11650,4432.355389200727
11651,7829.023132863351
11652,7448.3832617148055
11653,7934.80355118727
11654,5287.667386452987
11655,4051.772846549255
11656,8656.698089518224
11657,6679.857905596192
11658,9607.420948318178
11659,7510.380359391159
11660,5795.627579654102
11661,9138.42121322943
11662,6802.9120432590435
11663,6910.567014827881
11664,8138.961454056492
11665,6112.4095927589115
11666,8975.177252675536
11667,11653.945731080565
11668,7849.738806520132
11669,4787.54158550907
11670,5913.662864396798
11671,4670.546548448192
11672,3613.4863119893485
11673,8595.79839057284
11674,6184.044332110788
11675,9342.155702171636
11676,4816.9450647682015
11677,7416.349538084144
11678,6338.357364602017
11679,10023.909999157104
11680,5547.808190005591
11681,5844.768352832018
11682,6216.434014251643
11683,7191.557841085623
11684,5634.957118204173
11685,8290.388587678493
11686,8497.134348185242
11687,9972.155234927364
11688,7901.449889337037
11689,7826.418690146513
11690,6631.205897323964
11691,4664.989963647869
11692,5829.563255776717
11693,11914.276643589918
11694,9763.664880059227
11695,7155.572065927692
11696,15837.848351834487
11697,6438.155676034804
11698,5326.493655694128
11699,6493.562652861161
11700,9514.681311998173
11701,10221.214774759006
11702,7302.183778962267
11703,8773.45795230427
11704,8982.96714835568
11705,7218.555424226632
11706,7247.6530106581595
11707,6352.512630837429
11708,5273.157742806128
11709,5474.454131320647
11710,4158.7321956748765
11711,5738.65544968234
11712,9725.616151123042
11713,17964.15177005815
11714,6710.274221205159
11715,5299.692508483478
11716,7704.77415955731
11717,4470.347642605018
11718,7318.034839321965
11719,4636.55364441816
11720,9275.073265349942
11721,7121.994055936062
11722,7045.900751614815
11723,14168.569076818587
11724,12613.007973481439
11725,5805.141896801179
11726,6983.808408650005
11727,4387.974218153928
11728,5249.827967300204
11729,5633.611985371392
11730,9458.717161243316
11731,5079.609688920356
11732,4902.986177748645
11733,5734.451358769073
11734,5976.136779463831
11735,7588.036211112745
11736,7812.003701305763
11737,3644.38806494357
11738,7977.398596886468
11739,8168.668527280893
11740,8337.529997674581
11741,5155.601355649591
11742,5056.870313304894
11743,8160.696097254421
11744,4442.007049920384
11745,10246.183754043037
11746,4953.340262774937
11747,5899.584118489445
11748,7499.161345937649
11749,6856.180093086644
11750,5053.641567691435
11751,6627.955527768222
11752,6987.695340651613
11753,9337.558127934843
11754,10184.802918257876
11755,6456.230515691805
11756,4034.8022408813745
11757,5463.854762892473
11758,6630.62919201737
11759,5380.840148194304
11760,6741.266038381298
11761,6136.477631588232
11762,11314.147117421146
11763,8370.372827726813
11764,6858.955981306498
11765,7675.362710935434
11766,4542.810170388306
11767,9926.038734468893
11768,5713.521969381818
11769,13043.727325830154
11770,6631.016453459812
11771,5982.589608985877
11772,6018.164812738688
11773,4412.572809882202
11774,7567.168194808826
11775,20351.48191595693
11776,4618.2048827456865
11777,5572.366261283171
11778,10682.10778518049
11779,7060.92928174499
11780,7383.203818984248
11781,8798.521890256252
11782,6690.359038050988
11783,5643.805090571117
11784,4492.857979970401
11785,9663.52917998561
11786,6011.886591961175
11787,7349.835053160407
11788,7813.925297885271
11789,4709.759007937802
11790,7843.223308044961
11791,6805.5093067923
11792,4167.993496335657
11793,9214.659170203688
11794,10021.466180437408
11795,4292.995134328943
11796,8698.781909417436
11797,7588.840312290616
11798,5424.912249779827
11799,9554.675289501973
11800,7378.906310821724
11801,8804.784324268034
11802,5089.62358387762
11803,5346.402517516388
11804,6868.937076979621
11805,4272.501060598948
11806,8024.332696350477
11807,4578.288318625942
11808,6359.983501779548
11809,5187.01722799303
11810,6441.351002180429
11811,5955.179747360809
11812,7373.1204359354415
11813,7312.495144022285
11814,9110.25204421221
11815,6071.060045797891
11816,8018.1327308365935
11817,6185.076971028512
11818,9318.567639408808
11819,9479.21948145232
11820,7021.70352910801
11821,3889.0748724319456
11822,5841.842680249085
11823,7666.118483601827
11824,4072.4567379216696
11825,12022.32521810788
11826,6271.21572976912
11827,7461.148582016585
11828,11001.635299597265
11829,7111.50628697099
11830,4609.125025334333
11831,11307.227525193415
11832,10614.476286178804
11833,6159.572799848231
11834,8944.324508579692
11835,10103.38884903717
11836,6710.099979218618
11837,5404.744347280216
11838,7594.0299259973135
11839,5517.006624777171
11840,5738.000514966087
11841,7667.167496633849
11842,5144.801760058069
11843,6899.175096129343
11844,8332.132992170713
11845,6900.608905410713
11846,8970.415908330213
11847,6164.025305556914
11848,6928.540145673173
11849,4123.747828743537
11850,7885.574313943743
11851,7713.03049027499
11852,6871.666352548625
11853,6803.212087838294
11854,7316.927205556893
11855,9412.89693887984
11856,6358.114107685499
11857,4984.706804747862
11858,6652.2352608272195
11859,8044.618560367885
11860,6775.196978618955
11861,5013.458735038747
11862,4247.061601036921
11863,7616.132157521269
11864,6964.524372787877
11865,5852.670955000151
11866,9029.228270916214
11867,6906.109460599689
11868,7061.337047310976
11869,5829.127742742805
11870,3755.138283779428
11871,7147.283572529983
11872,7517.784247822735
11873,7325.9976526383025
11874,9421.702665840596
11875,8893.537477812099
11876,5002.271062378467
11877,9013.805380874053
11878,3950.6641678508363
11879,3048.650103734111
11880,8319.854917224455
11881,11625.83853934856
11882,8682.178905587622
11883,7530.993669300981
11884,4773.87184834283
11885,7385.761962717291
11886,9229.818328836263
11887,6549.632546126385
11888,8259.159032309908
11889,5632.27041329571
11890,4735.57528803971
11891,5310.684335705791
11892,6061.931342194036
11893,5932.079360475713
11894,5081.823981881993
11895,5725.626870054695
11896,4274.335651759695
11897,7254.809592684593
11898,8078.702927937305
11899,6158.578852267288
11900,6472.393191193063
11901,7662.32362351766
11902,6043.204895604972
11903,4945.226599553593
11904,9943.316574373974
11905,8316.348215309112
11906,6520.725600456221
11907,3998.877355089247
11908,12843.924816819284
11909,7119.16596806363
11910,6375.716523975529
11911,8821.286609098395
11912,7044.66220383826
11913,8052.831879352879
11914,6509.298534075008
11915,6926.3598392229405
11916,10491.880847999442
11917,13808.579574309184
11918,5553.013558085572
11919,4957.981918359748
11920,6075.113220843214
11921,6980.62166001961
11922,6507.503845454964
11923,8510.893720174006
11924,9326.493961001077
11925,5906.510100374275
11926,4515.266413671573
11927,5743.106492797932
11928,8911.476697812082
11929,5464.894059836303
11930,7940.0197854625885
11931,4063.2609604460463
11932,8433.460358590424
11933,7498.416523293934
11934,7992.603733439283
11935,8414.610939566273
11936,7071.2557185069245
11937,4698.942862581746
11938,7059.088451841514
11939,8264.879652700098
11940,8898.8354745838
11941,8103.112514593253
11942,8311.51212318121
11943,6504.923808836197
11944,4981.219607026661
11945,10112.208197424556
11946,4466.352063810542
11947,11093.352689433927
11948,6589.3662145887665
11949,5047.2010259949075
11950,7337.274290851415
11951,6293.499611849421
11952,7399.003800904428
11953,8969.736528967866
11954,4576.369860281923
11955,5067.639071629909
11956,7704.397747496542
11957,8786.019543418059
11958,9724.388704992722
11959,6204.586270934714
11960,5967.232255630822
11961,6606.401572099292
11962,6849.2014501933145
11963,5751.331257762365
11964,10576.897461544559
11965,9375.210834360156
11966,11072.255145288063
11967,4540.437965624183
11968,6889.410869567382
11969,9116.113846942295
11970,8158.2861751486735
11971,5786.389702010599
11972,10755.995276766642
11973,6511.255012107424
11974,5632.46351057502
11975,5499.993567173447
11976,5534.607499140664
11977,5417.079434607435
11978,6133.485661977293
11979,4978.399081458178
11980,5367.363414714043
11981,9776.108322394664
11982,7304.490833754829
11983,22241.695975583785
11984,7628.364127412754
11985,4782.82665989179
11986,8082.31145043257
11987,10097.031014223512
11988,7075.918889933316
11989,7583.226577190656
11990,5748.993646167807
11991,8939.614004114494
11992,8836.738356202879
11993,5266.7514264399415
11994,6108.461968161022
11995,8045.760795405858
11996,8612.002439224292
11997,7847.163649031153
11998,8482.526782849365
11999,5939.736132167107
12000,4838.748053658559
12001,5869.0812190063325
12002,10929.596796640712
12003,11948.756225698342
12004,10761.329639797383
12005,8919.652605345596
12006,5427.999605554595
12007,6474.660947639831
12008,4237.544077113846
12009,9252.398894070979
12010,11767.46347522884
12011,9655.576080522298
12012,6426.557635178396
12013,6206.734716604433
12014,4505.507631304377
12015,6405.912523176853
12016,11602.565368015594
12017,7247.569167332848
12018,5515.693760980537
12019,5765.60071811593
12020,8415.336943320392
12021,4060.0423190327183
12022,7811.326387313162
12023,4596.744941138074
12024,7333.606882078502
12025,7345.496403140377
12026,6141.644812299838
12027,7989.681620343414
12028,7141.549955740804
12029,5250.058289840605
12030,7307.318088800246
12031,8069.599624282874
12032,12629.210822202098
12033,6213.961631607787
12034,8878.273282286393
12035,8204.373365377329
12036,9650.093539754385
12037,7309.45000272335
12038,10226.981496946326
12039,4993.6685516682455
12040,5382.841917942406
12041,6738.348968464856
12042,6574.532941799603
12043,9974.722650630916
12044,8180.628707718128
12045,5614.342772687991
12046,7770.199028315408
12047,6624.667632992236
12048,10645.295392051905
12049,4215.036365457021
12050,14508.877861056173
12051,5376.708574270142
12052,5990.803090819583
12053,9214.354965156714
12054,4975.533710133394
12055,6699.709670859827
12056,6753.248296731252
12057,8223.88326852248
12058,6035.810645405184
12059,5810.358256927994
12060,8089.33550671046
12061,8552.252329518125
12062,8072.441179919784
12063,5348.84521877558
12064,7602.195358324226
12065,12201.312673931108
12066,7269.778721279029
12067,5333.577924872489
12068,7375.525494078906
12069,6244.832901432389
12070,6499.2575890210865
12071,7687.998736538384
12072,4335.494710736782
12073,8892.220978264919
12074,6860.632815392024
12075,7244.100643069347
12076,7885.981391381853
12077,4863.161045298146
12078,6291.686974084719
12079,5496.320236242539
12080,8600.267734165931
12081,9511.071072725972
12082,5221.659950746228
12083,4909.03448372971
12084,7345.24493270645
12085,6114.213727249708
12086,6202.142060154111
12087,7874.402079871794
12088,6800.420448288163
12089,8424.830558736927
12090,5821.535449266305
12091,4916.814966644065
12092,6705.40724132979
12093,8515.484305432705
12094,8301.231645574499
12095,9228.821593580225
12096,9308.009288108913
12097,5954.246507214417
12098,9763.640242848225
12099,6192.705298276518
12100,8046.311294088103
12101,9734.991661124519
12102,7085.133224676108
12103,11050.570960564643
12104,8611.368085625
12105,8203.833907567658
12106,6384.300335520777
12107,8069.317722144751
12108,8464.178783720105
12109,6738.724088854014
12110,4061.037118675193
12111,5992.381057599684
12112,8160.475751299372
12113,6771.013952017305
12114,4866.001744259124
12115,9531.103535158389
12116,6621.3760301847105
12117,6000.757001871678
12118,6182.020913205198
12119,5969.1138595063785
12120,8541.220541969966
12121,7751.6605465380435
12122,7180.430253528114
12123,5958.96280654401
12124,4839.712564027865
12125,7285.720240748528
12126,3945.816150721046
12127,7116.149412069634
12128,5427.077490658967
12129,9066.109696529567
12130,7223.196042026275
12131,6321.53409024925
12132,11480.34053501764
12133,5620.972193254047
12134,5514.896391736748
12135,12120.976113791106
12136,7319.897280856659
12137,8983.56647377162
12138,8120.80591277641
12139,5947.523013192547
12140,6658.672205003431
12141,5498.346239830343
12142,9021.783130012564
12143,12404.544916335954
12144,6969.660983002149
12145,3462.201702603756
12146,5560.103960092344
12147,9114.826008116053
12148,9926.950593519921
12149,6682.035855872891
12150,7568.467153759661
12151,5210.560269297368
12152,5665.9981942148415
12153,3516.49742377105
12154,5508.342553098883
12155,6609.671768577059
12156,7623.487704507364
12157,7082.637042359493
12158,6862.618954060585
12159,9009.265975628698
12160,9464.474530073274
12161,8591.219542547673
12162,5196.504420038293
12163,9653.768904273915
12164,12246.56945789655
12165,6317.50589222571
12166,8143.578439759025
12167,5977.448028057642
12168,7416.512059533733
12169,4395.581856537747
12170,7609.813455042661
12171,6000.8262677104485
12172,9397.579279681027
12173,7557.170441008903
12174,9566.470761567392
12175,9332.344848129453
12176,5963.263981142729
12177,9206.499337573652
12178,21206.90372900115
12179,11543.936495335303
12180,6290.990862625825
12181,3208.1249064154867
12182,6866.647990182505
12183,10239.44063056717
12184,5991.493296578842
12185,12610.59303551077
12186,20178.329194033005
12187,3907.160439053252
12188,5448.199122135671
12189,9774.437133101874
12190,5556.596137073053
12191,8950.355999146323
12192,6966.141267000621
12193,8417.778608745066
12194,3705.821442399735
12195,6819.765879883626
12196,6754.9421239835365
12197,8560.034603482563
12198,10218.631212090466
12199,6659.779218323273
12200,6442.498701083613
12201,6796.413036074862
12202,5357.985757989897
12203,5331.281234196108
12204,7731.045186287791
12205,5875.024282010782
12206,6321.971097691533
12207,7915.724634152491
12208,6216.554971185414
12209,5826.848284704391
12210,7287.857343161658
12211,7383.098987588247
12212,9043.088163553675
12213,7388.2738260585165
12214,7869.543632367735
12215,6073.369978580453
12216,3962.6738581000695
12217,6976.206080833304
12218,7170.7708241781975
12219,6332.585045299911
12220,4624.083968581884
12221,9979.751831250202
12222,7684.12611436914
12223,10323.09341936508
12224,7318.537674632516
12225,5979.717760729283
12226,5877.058922022603
12227,5162.691236350949
12228,10661.41160524196
12229,5375.320927824081
12230,8744.922820770433
12231,16708.876994567236
12232,7933.607531053135
12233,8315.794923631316
12234,5224.23027039149
12235,4983.821340671108
12236,7848.532814824493
12237,4563.086169932383
12238,6188.265049085714
12239,11123.919444406509
12240,6039.478981836361
12241,17003.95687847739
12242,14854.149071594404
12243,5319.525833247473
12244,7230.645517396792
12245,6123.824768246543
12246,7527.553742910232
12247,6006.07095863103
12248,11655.446695712288
12249,8286.32194470656
12250,10297.773786648137
12251,4868.520861754763
12252,8021.2620819567055
12253,5115.865075770398
12254,8984.860190123676
12255,7117.606257576858
12256,6628.788066010151
12257,7283.252934241654
12258,5745.585678215216
12259,9498.408892423955
12260,10620.519968199153
12261,6228.96079329323
12262,11426.398422873697
12263,7225.656134686932
12264,10536.940508733165
12265,5574.348797542606
12266,5459.562734690236
12267,6074.797009412631
12268,10895.107479916118
12269,7061.569844857888
12270,8334.601658227692
12271,7407.3652093025285
12272,10014.919850489398
12273,4969.706343858369
12274,9321.18932229331
12275,7280.230024756052
12276,4468.670469400512
12277,15668.197202635154
12278,18724.39911200018
12279,7708.112200398061
12280,8090.029876729832
12281,9994.510299903557
12282,11497.6973598909
12283,12194.879865192086
12284,6236.723901831903
12285,8240.153821960932
12286,6630.449138308489
12287,8892.051776458755
12288,4437.395604907614
12289,6603.808090839753
12290,6113.226261868786
12291,5699.774391463897
12292,8189.550684175266
12293,5458.9725403152015
12294,5100.274495054133
12295,7054.892885609936
12296,4025.034496929426
12297,4782.712463250221
12298,6095.310559224573
12299,7109.8379674760245
12300,10039.850387909704
12301,9150.003019859412
12302,7441.54395474668
12303,6915.544377485544
12304,6902.834943129927
12305,12380.597400528493
12306,8185.212432533835
12307,6059.899090752922
12308,5287.350483368308
12309,9556.704120464028
12310,5036.954528705654
12311,7982.008551015827
12312,3900.959519514538
12313,5597.250168073108
12314,8523.039294745317
12315,6536.205684031287
12316,5893.017315608274
12317,9456.069726879094
12318,10896.08816223783
12319,12511.268035175792
12320,6681.632527131166
12321,10062.929257550652
12322,3425.931383779563
12323,5536.695963211656
12324,7020.876451139
12325,4691.074211090809
12326,8581.57027417016
12327,5832.843126281964
12328,5662.4254649498835
12329,9912.290019423293
12330,11641.921010374357
12331,9493.568841217973
12332,5507.457016205195
12333,6014.983432646552
12334,9644.258180321433
12335,8214.257675515322
12336,6755.13986393545
12337,5705.379245937562
12338,7325.409217169115
12339,10586.017498665475
12340,4947.84054248272
12341,6778.059648132638
12342,8588.830860867049
12343,9267.047412669526
12344,15147.249495448417
12345,5995.649901372143
12346,15034.947449946401
12347,7056.840459175552
12348,5678.750662022823
12349,4138.539751693824
12350,6841.965619699522
12351,6404.042385897887
12352,6128.830884966803
12353,8647.577995023976
12354,5365.538728386773
12355,4991.848574731443
12356,7916.873016838825
12357,4034.846748543082
12358,7826.237735375651
12359,7573.938829800429
12360,8327.984974880965
12361,9753.279145673407
12362,5607.838103147848
12363,9844.142022131935
12364,6315.7292879231945
12365,6231.5103306088495
12366,5917.687937630174
12367,5892.560926372307
12368,11426.688028522134
12369,7366.702619522034
12370,5281.027292261447
12371,8020.536078557955
12372,9634.084884148635
12373,8233.255488280358
12374,6592.92605772408
12375,9294.239933335384
12376,5809.523737212931
12377,5792.271325633796
12378,6554.6001894516185
12379,10036.561957785547
12380,7256.530378728359
12381,6879.170416844254
12382,6074.081566398583
12383,6005.94833038327
12384,4306.912315827513
12385,5623.426319696018
12386,9022.753723787227
12387,9745.32491747439
12388,11981.352000564862
12389,12113.632904334578
12390,9034.504101449093
12391,5987.883670993611
12392,5678.71067654559
12393,12005.407206629561
12394,11649.158946316478
12395,7674.235635105232
12396,8960.459227405521
12397,9644.245775360778
12398,5946.136303395672
12399,4328.864537068627
12400,10849.537789226142
12401,6984.563675344586
12402,7697.527421541656
12403,6505.633288847749
12404,3283.5538934185647
12405,12632.342053724715
12406,6115.9176001467695
12407,6409.840908891979
12408,5372.127728934445
12409,5660.306935178436
12410,7441.387586429052
12411,8816.710624257626
12412,7074.11622751173
12413,5393.952292583904
12414,5103.8360355585855
12415,4751.502924382743
12416,3624.056918091348
12417,7722.601971362592
12418,19871.175298593564
12419,5278.178584570531
12420,6310.714650286443
12421,7598.9730787836625
12422,6165.437588851083
12423,5802.627788731028
12424,5377.712457936643
12425,4845.995018989322
12426,7621.8673343413875
12427,7992.249879040159
12428,4218.105664679649
12429,9280.453606439989
12430,5968.036604610632
12431,5457.27521421351
12432,9154.585672796493
12433,8862.040188750701
12434,10770.629871626657
12435,5918.705104023165
12436,7654.228488277425
12437,5032.649384759508
12438,5712.7371896490195
12439,16751.38664288186
12440,10660.935030982879
12441,7139.04507368222
12442,6363.862668194856
12443,5348.678552313966
12444,6001.544774636966
12445,5170.229744659498
12446,11777.078468751397
12447,5406.016364321565
12448,5652.438093557647
12449,8214.680155715661
12450,5030.16481581613
12451,6479.85103937439
12452,7417.526530571986
12453,8200.558954999304
12454,7373.783544824153
12455,4742.572965395032
12456,5582.920161007836
12457,7306.378310216248
12458,9811.166859310584
12459,9605.492129367456
12460,7569.792746545185
12461,4749.00433383959
12462,8058.084754454811
12463,6576.798728611421
12464,5126.966360801606
12465,7908.985059023752
12466,8218.826898941523
12467,6965.734698525435
12468,6715.722337670935
12469,7440.20272586183
12470,6897.797666384018
12471,6430.952527880409
12472,7503.01124417393
12473,7184.360476995688
12474,6246.150065826741
12475,9454.948626404786
12476,6130.046072966011
12477,5390.452935667748
12478,13298.700293904245
12479,6957.347412607188
12480,4040.925032651916
12481,8761.181668328058
12482,9120.280102038041
12483,11422.06438076975
12484,5110.460838262784
12485,6587.955940145539
12486,6191.758130483699
12487,8135.35738306026
12488,6517.749150737
12489,9577.656364107394
12490,3583.7304260907295
12491,7578.685071354897
12492,6659.662758697437
12493,5812.613216576158
12494,4990.327359071762
12495,7385.20475076981
12496,9556.06349742895
12497,5656.8058791743515
12498,8969.648727765822
12499,7339.151678518097
12500,9792.541655139315
12501,4995.789028561152
12502,6641.783306464339
12503,6613.672142329676
12504,8438.862767112747
12505,9490.4495672951
12506,5294.099120844387
12507,8262.265955791261
12508,7593.435135290104
12509,8182.8100349232955
12510,5231.452317976852
12511,4281.922363023411
12512,8799.218661978444
12513,6925.195769080357
12514,9749.578883761933
12515,7496.141832148992
12516,6129.65454204214
12517,9162.578538875294
12518,7394.478020580334
12519,7246.710582155739
12520,8292.977157500403
12521,6428.753686685121
12522,9558.083622406055
12523,11900.908383420263
12524,8253.241159662259
12525,5121.93738041396
12526,6064.729903646714
12527,4609.776805649033
12528,3778.9616712702127
12529,9014.335251685185
12530,5859.812482265249
12531,9838.798391880844
12532,4875.488577887832
12533,7441.361334293952
12534,6441.550105282122
12535,10691.723812100638
12536,5373.375156484823
12537,5646.091649875213
12538,6389.241684568189
12539,7557.4497974134365
12540,5602.412473805885
12541,8237.435102752866
12542,8354.565231493862
12543,10598.208065461931
12544,7846.661325318875
12545,7906.887217618071
12546,6375.892375390294
12547,4871.827692085828
12548,5615.240232302918
12549,12023.551092212672
12550,10092.214638266036
12551,7115.376541561819
12552,16043.06545659278
12553,6626.539576018931
12554,5624.785961228554
12555,6971.396508925114
12556,9479.88330520113
12557,10475.023340475525
12558,7313.889586927696
12559,9011.40443939001
12560,9122.085723725551
12561,7260.143553081485
12562,7105.732473333647
12563,6268.1074905692
12564,5273.436416706369
12565,5391.727646319776
12566,4495.681286899367
12567,6011.6920571006285
12568,9689.52478500581
12569,18314.424905779735
12570,7002.805940708234
12571,5505.244349316919
12572,7998.567909857719
12573,4385.6651499264035
12574,6954.814500543234
12575,4649.183861653898
12576,9709.38694339129
12577,7029.153157717137
12578,7072.9585320366705
12579,15117.675190291442
12580,12229.354629250633
12581,6143.041977789849
12582,7123.0705646683
12583,4538.662615475025
12584,5450.58076273516
12585,6031.656269707973
12586,9455.748092767175
12587,5264.381460183981
12588,4562.808150012456
12589,6084.172015337796
12590,6059.756207478519
12591,7691.030001489213
12592,7840.086137465477
12593,3788.611044242571
12594,7858.208231467082
12595,8580.086420811644
12596,8675.578066265989
12597,5327.769501614581
12598,5059.295180659513
12599,8651.076624543419
12600,4460.708294252146
12601,10724.244675627979
12602,5066.016591756461
12603,5725.159101338479
12604,7618.118017103364
12605,6728.781972577084
12606,5063.607624202614
12607,6365.71538324395
12608,7383.752367426042
12609,9706.696666758733
12610,10546.830541032523
12611,6288.077934521612
12612,4290.068655821473
12613,5727.685601970911
12614,6835.046406929387
12615,5702.98167440978
12616,6865.459703515088
12617,6375.145848562064
12618,11739.286666333765
12619,8443.228923340317
12620,6829.9628290032615
12621,8150.557649388454
12622,4697.9076907797735
12623,10367.86286533459
12624,6069.381147263199
12625,14046.589333792355
12626,6512.394674642623
12627,5792.022634870061
12628,5883.058214578904
12629,4286.17074874898
12630,8077.544350734692
12631,20201.52194330007
12632,4833.141900049637
12633,5273.616092682622
12634,10899.238457965483
12635,7189.251464462097
12636,7717.3945656024
12637,8949.238227559326
12638,6823.784861141786
12639,5410.129152990747
12640,4794.306685530635
12641,9946.405724427486
12642,6064.924574089701
12643,7582.752240518508
12644,7709.346861943061
12645,4817.551940607763
12646,7552.962010407158
12647,6673.18347200307
12648,4345.601387072558
12649,9773.285891241696
12650,9536.387275413315
12651,4423.851937427597
12652,8630.356486008206
12653,7414.529502328271
12654,5248.628548155594
12655,9762.423204251021
12656,7132.631204176488
12657,8642.232404360717
12658,5131.081464222185
12659,5415.942524858801
12660,7036.284321046675
12661,4256.551766629453
12662,8278.209079701846
12663,4868.497866885589
12664,6562.486003007765
12665,5366.21921120692
12666,6513.369313651491
12667,6403.306173397675
12668,7497.956786864018
12669,7355.235091153816
12670,8692.71182434018
12671,5998.75716054763
12672,8218.400369425313
12673,6614.774882863431
12674,9408.29600630113
12675,9942.024643575503
12676,7494.300677091095
12677,3508.339305181747
12678,5896.438356304349
12679,8002.2915545599135
12680,4226.617402983194
12681,11966.977265435666
12682,6292.753250444136
12683,7824.981977360301
12684,11728.462973668094
12685,7450.326515025644
12686,4633.561422730284
12687,11788.426424741994
12688,10907.94463343204
12689,6313.624426529198
12690,9472.533835261662
12691,10738.069063814943
12692,6233.257502822696
12693,5634.552207702247
12694,7647.735674357437
12695,5718.225728229643
12696,5772.485095982993
12697,7634.126086001075
12698,5269.864635324306
12699,6848.513483683895
12700,8204.53519893855
12701,7252.075492623135
12702,9068.289790879076
12703,6489.769209581461
12704,7198.039361095625
12705,4629.586982978239
12706,7992.051655538059
12707,7807.179496085886
12708,6969.46183662672
12709,7221.892700427638
12710,7345.659845725621
12711,10094.71764389438
12712,6229.8447021635075
12713,5288.296679633734
12714,6670.096544221339
12715,7830.555452393472
12716,7117.948926721002
12717,5086.585221712566
12718,4461.7062124232025
12719,7940.484499261782
12720,7141.863104251213
12721,5922.894304559599
12722,9038.202398188745
12723,6803.198876671042
12724,7541.03701620905
12725,5664.226008244736
12726,4087.886746107411
12727,7082.182837157025
12728,7418.964448212304
12729,7509.676094774873
12730,10037.406015344586
12731,9556.74260919725
12732,5206.783154458114
12733,9635.559270665517
12734,4343.39205747522
12735,3430.76637876687
12736,8493.47175141061
12737,12257.01172105282
12738,8920.053102988588
12739,7868.786147236676
12740,5138.699303681057
12741,7640.878819718614
12742,9891.106770082528
12743,6664.153771243737
12744,8596.148773155373
12745,5878.581477476028
12746,5025.250711750483
12747,5537.641758477083
12748,5889.582734874668
12749,6149.289944110155
12750,5244.352062516383
12751,5746.3905893272895
12752,4387.516219713025
12753,7392.50128586504
12754,7917.323255565304
12755,5954.544095188406
12756,6653.675395737191
12757,7673.950386315833
12758,6409.970208820938
12759,5284.893417557665
12760,9971.744181443479
12761,8667.859308627843
12762,6410.526623499222
12763,4199.864490271763
12764,12852.541413497594
12765,6772.572476354543
12766,6418.575962046772
12767,8972.122240405928
12768,7375.417943631236
12769,8465.318527327538
12770,6648.83656359259
12771,7386.12741828133
12772,9898.958665079052
12773,14699.224278491318
12774,5635.083721549133
12775,5183.099060286221
12776,5910.479359981731
12777,7521.282610767095
12778,6270.785569518891
12779,8600.225737995968
12780,9687.009495471604
12781,5993.919721334353
12782,4671.77375331649
12783,6043.47419209863
12784,9202.76265330226
12785,5363.292102456518
12786,8034.881218039909
12787,4221.30118922247
12788,7796.230506762983
12789,8021.684421072315
12790,8217.57401522534
12791,9034.691965726293
12792,7119.124564408803
12793,4528.7908382561245
12794,6970.673928358817
12795,8083.754309651502
12796,9206.194410006407
12797,8338.560389536682
12798,8310.10763147959
12799,6734.8644317237095
12800,5137.717403679438
12801,10725.860662743375
12802,4437.302229573444
12803,11442.71599728183
12804,6462.881021026361
12805,4950.759482536609
12806,7746.174715241928
12807,6517.153036782638
12808,7702.406708433664
12809,9237.400302795922
12810,4834.172798925573
12811,4995.152370340444
12812,8183.982602643963
12813,8852.359629303939
12814,9817.515124683605
12815,5991.914692103224
12816,6369.307630265416
12817,7098.28749141756
12818,6937.34907911862
12819,5871.414756836659
12820,10677.809529791295
12821,9608.567558802131
12822,11437.118429965352
12823,4443.59706652867
12824,6771.14589339609
12825,9693.149856292815
12826,8705.620815938395
12827,5898.110804359217
12828,11252.639949382941
12829,6779.896024034881
12830,5658.53810130854
12831,5553.769566838814
12832,5619.389564904034
12833,5689.582971130455
12834,6414.875724917652
12835,5063.815317657498
12836,5501.293261100038
12837,10336.898862078078
12838,7646.2867479273655
12839,22917.273622437824
12840,7346.812117027422
12841,5520.975167568439
12842,9426.809759490465
12843,11524.536956391577
12844,7728.743138946846
12845,8917.179341799945
12846,6193.42842675788
12847,10645.252404333673
12848,10330.82732824813
12849,6085.608596693862
12850,7143.307025203908
12851,9275.48644733178
12852,10087.373488817188
12853,8286.769279540686
12854,9479.793945191796
12855,6732.249281010559
12856,5331.68053253892
12857,6893.586384920182
12858,12300.58973152447
12859,13095.741950148602
12860,12030.828006633768
12861,10665.367631281772
12862,5872.4834405003785
12863,7445.99650501978
12864,4835.34171022563
12865,10599.890443582599
12866,13159.7146139938
12867,11122.133187754489
12868,7646.978429869019
12869,7189.705992881262
12870,4977.957789482545
12871,7350.296290567616
12872,13361.3521940893
12873,8411.419730595017
12874,6166.8981771007
12875,6700.7716285361
12876,10018.499712407875
12877,4524.391435047203
12878,9230.639764894131
12879,5210.44928469456
12880,7946.6753328302475
12881,8437.630449483966
12882,7086.409021697435
12883,8744.289390393478
12884,8137.534457555952
12885,5890.80097890902
12886,8388.356315705816
12887,9157.574333627359
12888,13366.265953702883
12889,6905.364459548385
12890,10297.386830326495
12891,9379.35649167389
12892,11158.297765770982
12893,8146.924994447495
12894,10691.079947184917
12895,5635.027833206835
12896,6158.405359905218
12897,7928.256307819995
12898,7445.556776074917
12899,11295.944591631995
12900,9552.418404668018
12901,6595.518873022933
12902,8810.701431268984
12903,7647.543194992496
12904,11482.396370300148
12905,4750.265115461285
12906,16088.935041873134
12907,6200.201491607721
12908,7026.732532429729
12909,10717.305795883727
12910,5789.871507236535
12911,7885.464819341636
12912,7545.926586323379
12913,9649.148444970644
12914,6616.175680188108
12915,6191.304810353853
12916,9237.663422061323
12917,9399.147086632287
12918,9289.660104883233
12919,5641.721888014989
12920,8423.82515918074
12921,13549.35675837812
12922,8536.452292091239
12923,6015.519117682111
12924,8181.806758912406
12925,6810.14914621201
12926,7501.184115921975
12927,8925.536175569809
12928,4869.931399653598
12929,10454.927850698301
12930,8189.718391527518
12931,8368.898805092465
12932,9315.168727523049
12933,5570.912820490815
12934,7030.759523272176
12935,6424.571857236996
12936,10168.808630764202
12937,10755.250993195788
12938,5869.209036819268
12939,5637.400794852395
12940,8553.279008986654
12941,7091.6666114132695
12942,6980.79685347162
12943,9059.629369621034
12944,7690.205240037239
12945,9475.808840378179
12946,6390.291670751883
12947,5582.701612837468
12948,7897.974006396643
12949,9541.539968200823
12950,9598.100551877364
12951,10524.891254444554
12952,10777.465732268109
12953,6824.593816007152
12954,11193.83874079111
12955,7356.429210606704
12956,9187.119026495715
12957,11365.079051670855
12958,8278.869359213399
12959,12673.095106283738
12960,9842.95174005165
12961,9574.312187607937
12962,7345.90177480685
12963,9495.897918865994
12964,9714.068391842666
12965,7785.183580526018
12966,4553.204473002483
12967,6999.0124835415645
12968,9522.328722014325
12969,8009.531102814144
12970,5491.506977567782
12971,10904.908383629567
12972,7600.542564640211
12973,6581.026691189197
12974,7188.435026711022
12975,6932.637116330605
12976,10085.09814785982
12977,9062.823736317205
12978,8117.568269178729
12979,6388.183700694079
12980,5443.642425934948
12981,8504.711408457017
12982,4460.753714508355
12983,7983.952476587512
12984,6284.376125952718
12985,10553.329328288972
12986,8620.231765029019
12987,7330.210131139396
12988,12668.563249102945
12989,6864.739356830089
12990,6001.044042718221
12991,13475.862163800897
12992,8652.53070528841
12993,9603.351669306036
12994,9518.333532912233
12995,5964.752271694637
12996,7810.1732401114305
12997,6267.666894781566
12998,10457.02497913179
12999,14018.214426071383
13000,7717.7687824743725
13001,3865.387862276601
13002,6360.492149999673
13003,10726.049544118092
13004,11326.103333512878
13005,7721.906105756578
13006,8945.340977533513
13007,5898.643636102784
13008,6056.27670884114
13009,4007.279303192164
13010,6282.160939229586
13011,7648.479793343492
13012,8499.015685854263
13013,8252.882460065572
13014,8005.5108583976125
13015,10153.314029259289
13016,10646.547379980395
13017,9859.351210177949
13018,5829.474550510513
13019,11274.662433356472
13020,13804.225728125428
13021,7159.877141388175
13022,9634.172748815572
13023,6817.277770529983
13024,8647.440984587382
13025,4856.117535712304
13026,8960.651847204657
13027,6866.397135643488
13028,10800.012982019964
13029,9013.040435194365
13030,10871.691676918896
13031,10684.89217532115
13032,6577.551020322663
13033,10633.668902666715
13034,22195.373906826022
13035,12745.332700620202
13036,7455.763392760243
13037,3487.853188650954
13038,7962.690348237066
13039,11185.562813737828
13040,6653.568950412607
13041,13463.483008337362
13042,20629.41124667908
13043,4371.935445604882
13044,6205.788876549872
13045,10109.146830898866
13046,6294.533633699337
13047,10018.58714716368
13048,7936.369741189153
13049,9835.082490642344
13050,4032.135774618805
13051,8163.229100622842
13052,7780.444597560172
13053,9913.697942023713
13054,11604.404371631572
13055,6922.761272010444
13056,7292.95664617907
13057,8024.52792052531
13058,6364.344233093885
13059,5914.370041234262
13060,9144.044152579228
13061,6365.757001578274
13062,7372.935000446217
13063,9333.813905155883
13064,7215.915107856516
13065,6521.588944142174
13066,8564.630397528616
13067,8665.655905358408
13068,10091.971025454111
13069,8464.749575260952
13070,9032.795312199243
13071,6872.016386011654
13072,4139.0624046062285
13073,7842.59482531887
13074,8133.215610873569
13075,6938.931810228181
13076,5239.96082237148
13077,11191.804048617678
13078,8761.287630175384
13079,11190.40316909435
13080,8473.741654440617
13081,6921.493136359252
13082,6704.139066745876
13083,5647.606588480425
13084,12028.375032162096
13085,5997.649362775309
13086,9449.059325011494
13087,17722.701683273182
13088,8949.420218911739
13089,8245.051942054813
13090,5692.4971233702445
13091,5648.195085159746
13092,8511.619691118838
13093,4810.26196723562
13094,7027.0828729473415
13095,12766.752126785503
13096,6571.940881892589
13097,18129.523578078297
13098,15881.527933009196
13099,5750.815779806342
13100,8262.026300545625
13101,6426.221666678843
13102,8481.53055130031
13103,6966.619019503235
13104,12913.52101813342
13105,9377.358515822394
13106,11439.013609716403
13107,5389.119361260908
13108,8953.538000452229
13109,5152.603198331632
13110,10197.415829716838
13111,7882.508072446844
13112,7825.934218695182
13113,7659.925785290883
13114,6561.370240131463
13115,10963.772058788494
13116,11949.911163101457
13117,6953.948213137895
13118,12808.064757633032
13119,8119.812464631241
13120,12149.564702623356
13121,5959.281206202593
13122,6375.466635113432
13123,7095.969379987229
13124,12206.19894256167
13125,8083.95499229079
13126,9391.890454577828
13127,8726.063055030552
13128,11602.07739994665
13129,5350.264831834032
13130,10559.934948439864
13131,8476.278574446336
13132,4849.846833136968
13133,16529.974594275427
13134,19297.924796450694
13135,9111.144374145722
13136,9262.843358521204
13137,11117.615456228286
13138,12931.756482326793
13139,13788.979614700325
13140,7198.878042300382
13141,9883.26872368915
13142,7921.079343631223
13143,10133.125583001272
13144,4955.448333283046
13145,7608.35919243696
13146,7140.161638707434
13147,6519.145750116224
13148,9485.802996827515
13149,5991.932860581438
13150,5765.104576722487
13151,7915.188528234989
13152,4325.690538320005
13153,5455.095591341029
13154,6925.132658688277
13155,8049.987422449356
13156,11533.741270975182
13157,10437.973347673253
13158,8605.917882188445
13159,7699.654546578849
13160,8026.752536641881
13161,13700.585374011416
13162,9541.109064317394
13163,6916.717612522873
13164,5890.332299794732
13165,9938.576388621757
13166,5588.02190839295
13167,9242.872719582241
13168,4245.90806575806
13169,6565.08240876491
13170,9785.940133875773
13171,7249.726495253212
13172,6505.778368034014
13173,10699.041959949143
13174,12494.383515685211
13175,13803.972721424403
13176,7523.801271026693
13177,11223.720560789208
13178,3910.0898508890496
13179,6373.969909114173
13180,8116.989565113416
13181,5306.75116039506
13182,9925.12608971786
13183,6655.0024680684965
13184,6446.972171339317
13185,11481.818605268563
13186,12610.378027404988
13187,9589.83853999623
13188,6152.43436612379
13189,6634.308362381643
13190,11542.41358676567
13191,9658.297160671105
13192,7990.516717043378
13193,6224.492683695222
13194,8542.86859178828
13195,11753.244635534435
13196,5675.307247950486
13197,7893.121745700979
13198,9879.163316993405
13199,10519.37162697107
13200,15884.771260685515
13201,6942.00211274965
13202,16053.624770628929
13203,8255.853500875439
13204,6416.986437296387
13205,4420.253244510001
13206,8029.260200951755
13207,7515.14805431939
13208,6827.591089011436
13209,9515.231427038516
13210,5962.5032157271635
13211,5644.480396140986
13212,9019.93538127208
13213,4565.539598605903
13214,9027.215237123753
13215,7983.339341575987
13216,9635.712429430732
13217,11347.326102462537
13218,6402.3239160446465
13219,11293.76761270433
13220,7344.138006715787
13221,6897.571358527177
13222,6547.843183002116
13223,6928.698543221696
13224,12553.381917888122
13225,8409.144335406147
13226,5947.5383093966275
13227,9480.820932491682
13228,10834.28125836366
13229,9440.875340818155
13230,7580.194503706125
13231,10928.40860202196
13232,6190.368383137816
13233,6199.266046503143
13234,7668.926392646642
13235,11177.956817674447
13236,7737.7017187622105
13237,7729.098887290839
13238,6937.708491031003
13239,6976.8140685937315
13240,4541.0486327165145
13241,5600.748028125383
13242,9968.199756651447
13243,10656.768042610713
13244,13500.630800231509
13245,13023.41207737293
13246,10382.941181190345
13247,6612.72636205761
13248,6257.992668667395
13249,13426.084028403706
13250,13080.054782383859
13251,8929.316265634612
13252,10544.857166888152
13253,10997.391477123663
13254,6914.087205200315
13255,4867.874191705421
13256,12301.75385284964
13257,8088.77247837311
13258,9051.122543857127
13259,7522.156497196273
13260,3706.2231672387807
13261,13673.398387786649
13262,6359.960400004473
13263,7336.422885914432
13264,5947.087725984509
13265,6758.582877293548
13266,8712.971889367233
13267,10048.263398686735
13268,8036.89484405214
13269,6136.32190082262
13270,5591.576330316226
13271,5555.089630233135
13272,3962.524088725719
13273,8778.321757263597
13274,20035.352378914173
13275,6119.494927198581
13276,6964.420513465687
13277,8974.72154549418
13278,6849.1404977019165
13279,6728.829766346201
13280,5937.63017025259
13281,5688.083609401351
13282,8832.15625258775
13283,8862.840664775806
13284,4739.987465603428
13285,10873.01574406159
13286,6767.781711096373
13287,5759.840332554261
13288,10523.655405932706
13289,10318.665230906818
13290,12128.661276077406
13291,6700.462771395245
13292,8873.840641759482
13293,5300.979607604647
13294,6725.33053093353
13295,17688.526448013323
13296,11945.571077066861
13297,8260.724037934739
13298,7150.0244028520165
13299,5939.755416207184
13300,6413.218695787681
13301,5710.265966485809
13302,12071.611772785383
13303,5822.7133137067385
13304,6647.434976156674
13305,9085.678861768305
13306,5550.6171082873625
13307,7127.918734549178
13308,8631.12272957052
13309,9432.412766245669
13310,8372.562578241868
13311,5454.090343467493
13312,6375.866370950474
13313,8040.465707213118
13314,11490.666928784149
13315,10282.339461176194
13316,8642.489137810913
13317,5466.526463302602
13318,9393.050125447393
13319,7813.500539710244
13320,5691.8828733606515
13321,9281.803137255902
13322,9674.17439463439
13323,8016.409461854052
13324,8031.066760595256
13325,8318.052941781405
13326,7969.578140512216
13327,7046.012964649183
13328,8739.4590595233
13329,8079.2896912332935
13330,7332.66192943363
13331,10839.340347345002
13332,6826.758145054263
13333,6125.704896253179
13334,14760.965394064939
13335,7569.598988231664
13336,4475.519591750895
13337,10125.859780174074
13338,10107.276197107285
13339,12561.59386345254
13340,5750.052535254555
13341,7703.082065664027
13342,7115.416209394386
13343,9448.15285064225
13344,7598.52635061698
13345,10886.910726827511
13346,3951.0604671434785
13347,8928.66010125403
13348,7755.088713283245
13349,6822.901366624371
13350,5798.378487670985
13351,8661.76410337944
13352,10667.619761677839
13353,6354.177563800011
13354,10194.733178283279
13355,7977.710348489312
13356,11473.059982755542
13357,5363.699646508017
13358,7622.476780328774
13359,7608.477350058695
13360,9619.333282436526
13361,10964.286124304792
13362,5121.944410335328
13363,9426.348907261105
13364,8792.365234801933
13365,9576.187497709334
13366,5697.997824362867
13367,4514.794144490082
13368,10320.64918234167
13369,7876.3041264540125
13370,11189.43225497274
13371,8586.306464803009
13372,7148.809841855526
13373,10442.158884500759
13374,8677.167588732224
13375,8340.432322578372
13376,9710.804595947226
13377,7276.975579253125
13378,11153.37757007639
13379,13181.834790785035
13380,9499.397068898728
13381,5691.571690873856
13382,6984.858377109324
13383,5041.711211971417
13384,4220.673509813648
13385,10318.381402554145
13386,6301.5780740888895
13387,11133.8540744612
13388,5443.955354334501
13389,8281.537179490088
13390,7465.78480024673
13391,11947.75542928545
13392,5815.475434213607
13393,6462.79449498962
13394,7411.296495530044
13395,8748.46393871228
13396,6112.159151740987
13397,9365.578536920759
13398,9016.743770308321
13399,12114.347096640837
13400,8930.59898951934
13401,9054.50470874076
13402,7072.269877404932
13403,5536.733669069659
13404,5968.929402605179
13405,13421.229777728468
13406,11343.865436849936
13407,8049.62066465028
13408,17354.436445093408
13409,7373.067391244996
13410,6285.090433985012
13411,8084.83539754308
13412,10723.522783786282
13413,11724.661939429485
13414,8453.07240446946
13415,9961.911159639654
13416,10723.346470161896
13417,8545.792219799887
13418,7477.573363086566
13419,7359.043825284735
13420,6040.427348612596
13421,6020.291820055361
13422,5167.153388701538
13423,6833.122968828416
13424,10554.70559196339
13425,19249.519583875546
13426,8151.044529080488
13427,6049.416418694219
13428,9396.515426770322
13429,4592.447533279672
13430,8001.5009255724535
13431,4726.991274016202
13432,10825.4220837091
13433,8156.116559994091
13434,8102.796732928838
13435,16298.157395253107
13436,13694.914203335647
13437,7144.201812764498
13438,8126.746532109036
13439,4987.734043247417
13440,6255.940619517153
13441,6885.120045187238
13442,10638.815419499033
13443,6064.721383930305
13444,4672.434936888611
13445,7390.164093095187
13446,6769.163301014168
13447,9088.229881478388
13448,9067.349973431103
13449,3994.523291078981
13450,8894.183847918523
13451,10102.888445384304
13452,9933.984711901314
13453,6265.627200102914
13454,5587.44327925212
13455,10144.0675118622
13456,5066.815534467475
13457,12427.096261608085
13458,5813.164717915317
13459,6408.794584420254
13460,8571.401500861204
13461,7434.959096015108
13462,5650.311116470638
13463,6934.85646963594
13464,8607.105618356156
13465,11328.48816979281
13466,11802.315067255075
13467,7137.584227173578
13468,4744.404830098085
13469,6549.702793867441
13470,7941.644209842146
13471,6517.507138188845
13472,7367.344991315437
13473,7399.239839145501
13474,13081.524105353661
13475,9313.15621011317
13476,7904.1627691036765
13477,9365.514469052378
13478,5400.92170891562
13479,11832.720687075433
13480,7222.7552905747425
13481,14293.446653430912
13482,7521.639129138307
13483,6287.916238219735
13484,6519.230603699965
13485,4583.123020679604
13486,9089.01401475208
13487,20652.363687025114
13488,5614.729860123645
13489,5752.945248788287
13490,11768.830395262683
13491,8423.3013133886
13492,8869.79353339952
13493,10061.338264072734
13494,7991.633984489866
13495,5909.8274373409295
13496,5514.687080986999
13497,11429.952205659383
13498,7024.373877646581
13499,8886.026033344437
13500,8607.686138516265
13501,5551.887736593573
13502,8692.98715704593
13503,7869.973714911661
13504,4598.673227656855
13505,11144.418629029959
13506,10428.249601336645
13507,5019.658808289427
13508,9845.151270196633
13509,8324.705586596354
13510,5819.581360843009
13511,11240.493586550034
13512,7991.132971745367
13513,9551.985030568958
13514,5458.561408454338
13515,6268.6127920886165
13516,8703.460063848963
13517,4561.950463626491
13518,9408.89008927647
13519,5861.931611142969
13520,7685.08105288039
13521,6061.672349945427
13522,7542.742814431124
13523,7573.747476149437
13524,8502.328095547211
13525,8371.22592993363
13526,9495.620053353197
13527,6921.401141418646
13528,9651.388771923579
13529,7552.608377145446
13530,10781.64022884029
13531,11514.487478363502
13532,8647.790821931563
13533,4073.067264348101
13534,6762.9178485861075
13535,9497.754251205602
13536,4925.691334436727
13537,13338.574472009906
13538,7410.37666630707
13539,8815.66748167813
13540,12912.067092086856
13541,8413.012671526367
13542,5286.953618329299
13543,12820.988423852374
13544,12453.663682401979
13545,7398.0759996753095
13546,10817.306046397376
13547,11586.932790139253
13548,7243.151845485455
13549,6462.898097389862
13550,8874.897033641264
13551,6669.371747025968
13552,6593.839334750296
13553,8914.67728580989
13554,5974.73258457954
13555,8039.449910318563
13556,9623.272761038028
13557,8419.651790286905
13558,10498.047052932174
13559,7559.649828996666
13560,8470.842473161327
13561,4877.240201334452
13562,9065.946180350107
13563,8846.143257953952
13564,7693.497786136945
13565,8589.643044576744
13566,8806.615388302229
13567,11131.429641458191
13568,7425.558389427082
13569,6038.62483245694
13570,7699.235816346127
13571,8899.608872118582
13572,8404.407383971233
13573,5583.40317498711
13574,5066.73291038604
13575,9249.523121592623
13576,8090.666711712777
13577,6958.283911165106
13578,10594.86028130508
13579,7562.961565794813
13580,9173.518002359573
13581,6227.115982891336
13582,4519.524919032023
13583,8027.156231910434
13584,8586.597440755757
13585,8972.546714638189
13586,11518.153340368113
13587,10935.507515587946
13588,5892.763483182906
13589,10741.885082667448
13590,4907.301210709491
13591,3827.366397080816
13592,9885.757818830283
13593,13872.284567265548
13594,9921.146408124418
13595,9209.953900090024
13596,5889.01995247838
13597,9048.749180208857
13598,10893.696412302697
13599,7903.468705239964
13600,9771.822733209005
13601,6856.182365120497
13602,5655.215201640096
13603,6356.995275622465
13604,6728.712145565053
13605,7311.069625309085
13606,5947.3598118527925
13607,6534.757567244269
13608,4989.844137305243
13609,8615.919578811909
13610,9123.099141643339
13611,6384.9178966486015
13612,7559.427804633147
13613,9100.186690040322
13614,7417.321583149899
13615,6015.438187399727
13616,11250.363588071807
13617,9928.542157802662
13618,7074.658072386127
13619,4751.484961666891
13620,13819.94739341291
13621,7140.331764424842
13622,6843.942353838575
13623,10040.288327384433
13624,8775.983786362223
13625,9928.887339946506
13626,7779.241642095183
13627,8525.67885824277
13628,10860.332506177992
13629,15319.833421315247
13630,6476.081377557753
13631,6107.052882899648
13632,6399.782217381613
13633,8476.825889241456
13634,7154.287036197687
13635,9665.767094003164
13636,11212.745653055195
13637,6970.450286423543
13638,5129.5430593582
13639,7022.059908717529
13640,9761.485727798927
13641,6166.400027580406
13642,9322.964623963288
13643,4612.926232495332
13644,8439.86746064786
13645,9394.026897947673
13646,9675.549006576106
13647,10145.419048959333
13648,8243.382899020857
13649,5003.654001054993
13650,8038.731323516857
13651,9074.807105525122
13652,10607.78512315987
13653,9907.538040895513
13654,9604.368062627293
13655,7732.907147553389
13656,5742.540131959703
13657,12417.692496090145
13658,4717.347841410854
13659,12853.518738820352
13660,7234.99470756528
13661,5559.7634474945
13662,8964.283899005524
13663,7243.191039895032
13664,8802.406997694892
13665,10804.714237525684
13666,5299.979241495322
13667,5273.249753653178
13668,9591.334654401226
13669,10246.226425213557
13670,11457.00310300854
13671,6771.851029296601
13672,7132.154002747288
13673,8008.2612899748965
13674,7730.025302114538
13675,6754.161463218221
13676,12237.314294396134
13677,11058.341740867108
13678,13119.251982683585
13679,5057.503835046282
13680,7682.40194065926
13681,11048.34878736824
13682,9938.806359303599
13683,6753.6267925212005
13684,12532.436897662237
13685,7909.098468857143
13686,6559.6866778141275
13687,6276.871127092708
13688,6547.380630101747
13689,6343.547317844952
13690,7368.782086118797
13691,5912.627355555575
13692,6393.037560676883
13693,11362.165898322583
13694,8558.497872295158
13695,24174.316342455077
13696,7800.086051918359
13697,5506.6913521733
13698,9751.29008967144
13699,12433.305727184917
13700,8376.980095833762
13701,9159.938570284925
13702,6432.620352955234
13703,10341.637206261312
13704,10516.11235531969
13705,6360.615001142487
13706,7327.901864774266
13707,9399.746998643326
13708,10234.04464108722
13709,7904.161184034806
13710,9482.640632896415
13711,7025.018239464174
13712,5498.135987925343
13713,7183.173303059328
13714,12875.189281362302
13715,13845.438239436748
13716,13156.362666394201
13717,10956.028245247837
13718,6373.889585948683
13719,7426.6621455974455
13720,5149.579372059095
13721,10829.008811432617
13722,13982.861317976267
13723,10939.87415632385
13724,7871.741003816307
13725,7829.45687395606
13726,5104.480687958661
13727,7230.787038441248
13728,13583.415617738427
13729,8432.770102612085
13730,6199.573198065153
13731,7000.98882149353
13732,10064.797649598402
13733,4747.167487492588
13734,9214.696661142203
13735,5304.702026908947
13736,8020.454629130722
13737,8342.591466597132
13738,7407.007812685906
13739,8348.783765885866
13740,8310.233149358402
13741,5878.20481772129
13742,8765.82069764496
13743,9200.650305958507
13744,13556.385818155457
13745,6877.389728346826
13746,10635.857867213686
13747,8547.870040907977
13748,11138.064233711624
13749,8324.554775106486
13750,10145.637057488713
13751,6152.3856742391
13752,6537.328897533754
13753,8215.782546160572
13754,7394.793258345497
13755,11328.660276978342
13756,9535.592504687263
13757,6974.07487318239
13758,8890.59550400355
13759,7941.965557271084
13760,12170.31397287533
13761,4981.849082729358
13762,17258.986158975415
13763,6539.565912629138
13764,7168.748466474168
13765,10954.996651167927
13766,5984.87096825348
13767,7990.694912744429
13768,7863.9278071836015
13769,9857.114487557465
13770,6547.298280852484
13771,5846.720101825852
13772,9136.033799450903
13773,8921.294774152882
13774,9581.721040215154
13775,5557.606838397563
13776,8714.005093452002
13777,13725.214220807295
13778,8931.968749760916
13779,6177.196664060166
13780,8200.390842258987
13781,6883.158657409484
13782,7557.586189745214
13783,8841.231698023148
13784,5298.881195182209
13785,10890.714319931209
13786,8514.346484210637
13787,8559.847557564595
13788,9310.80992821372
13789,5930.098527341327
13790,7596.033677111853
13791,6679.002754229221
13792,10225.213593456667
13793,10821.966236817441
13794,5925.4457121310315
13795,5650.862883485773
13796,8543.471665312254
13797,6990.87496415517
13798,7392.76485211834
13799,9058.194656217753
13800,7909.508225364855
13801,9674.543681253548
13802,6115.321088758936
13803,5763.254692347589
13804,8313.692267529992
13805,9344.429208203816
13806,9742.239492326567
13807,10432.611644426459
13808,10800.120637891183
13809,6960.927005514042
13810,11177.720538628975
13811,7828.910845041513
13812,10081.918257283896
13813,11411.467327251383
13814,8299.222464967677
13815,13403.65307245692
13816,9557.918239352555
13817,9855.354840777807
13818,7343.98391952485
13819,9766.457675722697
13820,9802.012446611827
13821,8184.775247824024
13822,4802.569554942448
13823,7176.041660416164
13824,9929.06201916782
13825,8086.356611358029
13826,5689.317226033355
13827,11674.446935866848
13828,7884.558398535069
13829,6701.906852621046
13830,7271.123093395444
13831,7465.364409453012
13832,10670.378286956007
13833,9251.87224229446
13834,8588.951708884957
13835,5883.480469929229
13836,5729.331769254789
13837,8772.637217978216
13838,4739.9222318101365
13839,8698.136447214749
13840,6522.615285943948
13841,10510.906150853689
13842,8883.621721094105
13843,7531.5293734108955
13844,13482.887399995941
13845,7068.172105526438
13846,5888.996322080653
13847,14079.119273898566
13848,8682.845317377669
13849,8926.309707787317
13850,9848.474016922903
13851,5615.186950306862
13852,7877.623487335367
13853,6476.407778482809
13854,10836.646575348408
13855,15378.660560928152
13856,8016.0740288510715
13857,3925.8251938902554
13858,6400.421193597716
13859,10723.760468278995
13860,11291.808572745156
13861,7776.124977196862
13862,9135.134654056028
13863,6016.360317893665
13864,5838.773829561991
13865,4118.059081421737
13866,6539.1161897914335
13867,7669.458175921053
13868,8425.946972789021
13869,8547.513812091573
13870,8346.746267459
13871,10155.763109440053
13872,10544.662210895223
13873,10063.578313195914
13874,5856.41745949144
13875,11355.466172079128
13876,15572.621561038752
13877,7577.82996841275
13878,9887.856404535109
13879,6890.259364306525
13880,8871.454832089019
13881,5153.99625390203
13882,9318.877446713119
13883,7243.371760749852
13884,10930.96656868072
13885,9177.311947570366
13886,11097.430390041704
13887,10881.615390266425
13888,6610.337477839751
13889,11101.823738039082
13890,23297.272835318403
13891,13803.930129999124
13892,8073.159680126604
13893,3426.870294128435
13894,7945.30919480688
13895,11795.676992498287
13896,6847.640834147651
13897,13253.768002382692
13898,21842.160890492716
13899,4515.52865891654
13900,6729.059904743631
13901,10299.936683786222
13902,6583.422582905823
13903,11087.333111394004
13904,8484.602896260705
13905,10236.887458165062
13906,3827.1860113781895
13907,8214.697260351815
13908,7838.871310345982
13909,10254.74035294942
13910,12226.686385979021
13911,6531.490211860899
13912,7243.514227097999
13913,8184.402351519195
13914,6562.719262724089
13915,5929.958603426994
13916,9204.819469199696
13917,6062.302873604767
13918,7475.129614789953
13919,9990.011074129137
13920,7830.822466559886
13921,6475.581691154105
13922,8876.878483987948
13923,9182.952279535202
13924,9968.258017290846
13925,8553.906824808966
13926,9273.076967997476
13927,6966.47651990305
13928,3886.3013011916255
13929,8178.906222361973
13930,8489.981219254352
13931,6848.473273224729
13932,5440.515831829436
13933,11865.981540026321
13934,8914.630030608885
13935,11678.741339101938
13936,8801.751156913364
13937,7234.947071858693
13938,7039.750000511917
13939,5856.766470901695
13940,12747.97503307075
13941,6026.435383067199
13942,9047.392111403404
13943,19845.281494549
13944,8981.215336719937
13945,8527.664040811313
13946,5478.151660412064
13947,5866.862527462459
13948,8316.938541059066
13949,4664.0057059207265
13950,7279.891989403161
13951,13084.885818004626
13952,6240.929025036487
13953,20520.084228426913
13954,17374.975002014224
13955,5678.588763801346
13956,8475.796374145053
13957,6284.791184898304
13958,8797.504604699065
13959,7230.465444037445
13960,13108.69466069056
13961,9438.158491154096
13962,12432.737691576694
13963,5600.02193507046
13964,9213.793377234342
13965,4657.811399233952
13966,10216.38472688025
13967,8012.537558178066
13968,7996.067006269714
13969,7246.955155293345
13970,6173.279237322571
13971,10931.352337826602
13972,12347.09259707985
13973,6843.6912233320145
13974,13863.670228712299
13975,8262.728142175029
13976,12390.560361700727
13977,5896.593014550706
13978,6397.319205524671
13979,7442.455289229446
13980,13279.681488692895
13981,8169.925894766324
13982,9350.378475774489
13983,8848.418688018655
13984,11618.372741495112
13985,5251.6921478990125
13986,11055.62560485606
13987,8891.674160860735
13988,5078.82404920071
13989,17724.52590677607
13990,20032.326874639006
13991,9269.865537974421
13992,9640.471480104217
13993,11510.395580821434
13994,13771.249596039132
13995,14455.0393267646
13996,7770.541174905475
13997,10377.97766058419
13998,7961.921343787036
13999,10101.72831847362
14000,5205.818056503992
14001,8120.71449167248
14002,7231.527317273004
14003,6650.022627197011
14004,9638.354440505216
14005,6028.747312333328
14006,6202.784049818993
14007,7901.193445204144
14008,4563.829565520766
14009,5537.076189238665
14010,7006.128495588921
14011,7676.7420702022255
14012,11583.330546639794
14013,10213.418458071781
14014,8859.782436103716
14015,7614.833810029388
14016,7958.924578704467
14017,14347.122792249034
14018,9845.05089130825
14019,7514.612325314037
14020,5819.949226623147
14021,9964.773306465013
14022,5633.4959970670925
14023,9359.31455401217
14024,4491.909849373832
14025,6920.640262018397
14026,10222.288772632364
14027,6915.104647278012
14028,6443.976903816432
14029,10567.948434418378
14030,12484.633568926405
14031,14042.124250627068
14032,8101.472688776328
14033,11254.629647508184
14034,4084.2800558929475
14035,6404.212272925515
14036,8187.82090916664
14037,5407.288222192842
14038,9719.91429679928
14039,7167.260723717778
14040,6670.720347758779
14041,11770.817789138608
14042,13643.056033690025
14043,8896.613952325362
14044,6385.593751023942
14045,7101.786898034454
14046,11434.431445663988
14047,9432.2522674353
14048,8303.005807304326
14049,6196.557171513748
14050,8668.439323804554
14051,13010.101591935194
14052,5575.70019798109
14053,8359.519461625194
14054,9997.985554213908
14055,11346.107460604282
14056,17443.817185071817
14057,6885.6509875557895
14058,17419.79164691667
14059,8297.27943833002
14060,6571.666816188721
14061,4827.434326351063
14062,8398.180963546374
14063,7453.435113664141
14064,7193.023974882657
14065,9529.142288051828
14066,5951.012596119004
14067,5945.7273553074965
14068,9141.317824762273
14069,4756.71153460799
14070,9110.865927390065
14071,7580.807630631853
14072,9959.780822218185
14073,11380.770620032446
14074,6597.057587191304
14075,11440.679412280646
14076,7489.9319501616
14077,6912.101432615737
14078,6513.393546726387
14079,6884.430084781587
14080,13367.425637313141
14081,8730.151107165528
14082,6104.041852321496
14083,9733.002709466675
14084,10971.363237147807
14085,9722.661872451225
14086,7983.3511390839885
14087,11170.143692244557
14088,6316.900988164462
14089,5847.417877827999
14090,7788.727370593757
14091,10828.418556799392
14092,7327.6362828713545
14093,8171.9135972457225
14094,7037.765840957911
14095,7209.248006580012
14096,4535.900717698479
14097,5152.397541729997
14098,9772.648796357664
14099,11417.40636983771
14100,13722.289873446118
14101,14475.616112412172
14102,10323.9014066756
14103,6832.286567872079
14104,6364.973306481687
14105,13492.504109636704
14106,13938.800359391127
14107,8948.822742130007
14108,10939.470333078327
14109,11741.193359145022
14110,7018.432568733112
14111,5303.35258372094
14112,12413.748077519738
14113,8485.265034417076
14114,9433.574914371646
14115,7661.498534070446
14116,3636.1231405642707
14117,15245.441848027242
14118,5753.366590638478
14119,7763.101613567151
14120,5979.771744213212
14121,6511.49618583328
14122,9527.716239599673
14123,11296.459949071968
14124,7974.008868776198
14125,6224.758091984328
14126,5317.538829128442
14127,5681.798927417761
14128,4091.3994348897863
14129,9050.314925353618
14130,20781.22794298381
14131,6221.735921734166
14132,6997.20481034041
14133,9279.60889700283
14134,7151.06071968936
14135,7236.950401282242
14136,5819.267650878402
14137,6114.9494261383325
14138,8887.325070538915
14139,8885.471931734188
14140,5119.412184820626
14141,10958.921574881695
14142,7735.395735648242
14143,5712.87622608249
14144,10609.685613322634
14145,10505.82620468025
14146,12325.341509159036
14147,7471.059318599516
14148,9257.517617919017
14149,4892.632858944317
14150,7037.847909159134
14151,18981.66470609818
14152,11966.496862362303
14153,8230.661114293434
14154,7568.415957100112
14155,5850.021435005736
14156,6150.3740719688385
14157,5970.014875073683
14158,12580.352863162992
14159,5793.773266383015
14160,6764.768550860134
14161,9080.757643403873
14162,5504.590928995619
14163,6942.692336919445
14164,9015.628387969316
14165,9450.552240052144
14166,8418.318727836502
14167,5853.015098270334
14168,6611.535731731335
14169,8078.3125034660015
14170,11608.127649111095
14171,9290.567543116491
14172,8763.758448951858
14173,5841.105051882577
14174,9436.16683025861
14175,7993.721598606656
14176,5790.876251413125
14177,9559.033851348802
14178,9911.995729494874
14179,8300.847399088128
14180,8130.280435115645
14181,8909.43109470848
14182,7479.474278789824
14183,6846.5301984546
14184,8963.92454088799
14185,7989.430969717168
14186,7851.936660262268
14187,10711.44263843812
14188,6841.470990718773
14189,6506.1390842163855
14190,15186.428057907617
14191,7631.49988182283
14192,4234.196942185772
14193,10491.650890967374
14194,10512.836315637223
14195,13643.337599308667
14196,5818.811180198901
14197,8068.889941231741
14198,7359.375080057037
14199,9728.824409784966
14200,7645.317325303443
14201,11413.355805381945
14202,4052.0966082749396
14203,9256.27585210427
14204,7878.112515954058
14205,7356.929742427924
14206,6292.22817550291
14207,8854.689164715906
14208,11315.771164407673
14209,6619.882217285327
14210,10924.438345097557
14211,7580.075035764056
14212,11691.033631454453
14213,5264.819763211432
14214,7920.788405175174
14215,7767.939884287853
14216,9623.649966619008
14217,11638.750662241886
14218,5307.184315065832
14219,8827.846304928995
14220,8808.006796339425
14221,9815.767584217747
14222,5444.423575041187
14223,4662.456843876647
14224,10545.216963256957
14225,8613.30124216012
14226,11347.81101482007
14227,8781.343978317273
14228,7358.303509861085
14229,10312.571943581046
14230,9280.97330128247
14231,9089.587235947858
14232,9973.322811623446
14233,7893.5625423778265
14234,11491.471861246911
14235,13869.799108983174
14236,9614.485584105669
14237,6000.206701881312
14238,7316.083069606044
14239,5216.766931763627
14240,4542.310126590068
14241,11156.903295983495
14242,5951.750720638599
14243,12046.013278761653
14244,5491.443269397135
14245,8414.244212389074
14246,7791.689595944998
14247,12682.80618890186
14248,5731.0595806509755
14249,6469.1101882811
14250,7824.165239168983
14251,8928.155896442833
14252,6093.152743424178
14253,9588.697180294166
14254,8546.558676829825
14255,12183.306870343209
14256,8922.720259752754
14257,9220.92581809821
14258,7056.051867612416
14259,5823.794817143733
14260,5990.698359334186
14261,14761.564085722157
14262,11906.491667236853
14263,8329.355519627563
14264,17144.985201631407
14265,7637.699938197206
14266,6321.722772881983
14267,8640.097244460765
14268,10754.7138790483
14269,12310.086974377204
14270,8583.587157253654
14271,10272.594627186028
14272,10899.744092836898
14273,8732.461378390595
14274,6962.041744590494
14275,7445.984032313325
14276,6686.620113625614
14277,5939.056149535128
14278,5345.048774809686
14279,7491.808687781303
14280,9381.96004289145
14281,20704.137865926874
14282,8453.979921770908
14283,6231.882366979435
14284,9965.177998719648
14285,4469.435175350954
14286,7965.24085084481
14287,4590.147210189159
14288,10937.552787652266
14289,8135.200995018486
14290,8462.266949881543
14291,18331.010538094706
14292,13295.541503127642
14293,7341.567694754607
14294,8455.63511698446
14295,5109.229860783733
14296,6421.5275035202085
14297,7124.110748376871
14298,10439.513703688555
14299,6246.777350387025
14300,4414.608528166581
14301,7572.59093092558
14302,6758.076165655187
14303,9428.920127906802
14304,9187.90174136812
14305,4133.270877989798
14306,8951.72975926775
14307,10594.935452232457
14308,10364.495835678843
14309,6804.9708683869885
14310,5231.1650939166675
14311,10505.601024759198
14312,5251.520437715334
14313,12728.392216146976
14314,5860.9504663228
14315,6678.235748779966
14316,8804.072135903236
14317,7314.297981241162
14318,5620.519056351686
14319,6670.851413165812
14320,8729.769515354614
14321,11411.85439318611
14322,13141.148724668254
14323,7136.7000702783935
14324,4978.615385244563
14325,6818.386625591894
14326,8019.952923373062
14327,6727.084827132899
14328,7006.253309464507
14329,7585.972087636425
14330,13388.628393689876
14331,8687.174927556793
14332,8174.480020637696
14333,9658.428133126426
14334,5556.258001641123
14335,12175.288160147924
14336,7377.474287106457
14337,15278.016796054993
14338,7640.577264704993
14339,5801.053244360603
14340,6765.2583393894165
14341,4933.714764310484
14342,9328.446209077454
14343,21281.64721404022
14344,5984.484439450756
14345,5622.040928782628
14346,12756.575499248302
14347,8551.490185205741
14348,9016.790597989835
14349,10187.560053391568
14350,8132.741987930563
14351,5754.709804181846
14352,5800.928750743913
14353,11618.989095008666
14354,7435.249235353209
14355,9331.622153163415
14356,8249.52704359103
14357,5719.848800706255
14358,8641.576380171817
14359,7926.155802120895
14360,4561.205818665126
14361,11323.670352987627
14362,11437.269103156068
14363,5200.2776812365955
14364,9953.944457135063
14365,8392.226299927175
14366,5921.81159770557
14367,10967.273382855925
14368,7812.251865772476
14369,9239.374708125662
14370,5591.75931376402
14371,6606.002000469251
14372,8532.917424027084
14373,4726.623961767445
14374,9737.390183916505
14375,6245.171995065746
14376,7829.578990968751
14377,6350.89268869322
14378,7693.260239651953
14379,7733.18071963397
14380,8816.907500468893
14381,8560.205469463363
14382,9039.6556433613
14383,7097.088640785438
14384,9815.048964336564
14385,7671.282779044302
14386,11527.79988917169
14387,11480.62947448943
14388,8934.678707355415
14389,3944.6235169050715
14390,7066.093592674441
14391,9898.462836371184
14392,4939.985568211893
14393,13302.660389647475
14394,7390.858833071955
14395,9235.409704248139
14396,13698.466883138299
14397,8724.503560901796
14398,5663.072039007127
14399,14335.873720453836
14400,12757.295252072003
14401,7452.738489068785
14402,11371.247323269277
14403,11369.57488540623
14404,7275.2591214944305
14405,6746.985647380127
14406,9229.39940654748
14407,7116.353170690311
14408,6825.7984327697795
14409,8876.8507159278
14410,6302.43422680204
14411,8105.5687926443925
14412,9673.030078607395
14413,8822.937066943043
14414,11018.773133528524
14415,7906.978422013132
14416,8672.616338112919
14417,5072.846233448579
14418,9152.841402933598
14419,9115.80164598296
14420,8107.016660928725
14421,8771.321239652942
14422,8830.977916261745
14423,11507.246813627946
14424,7464.244534855311
14425,6266.830382294809
14426,7625.791359965381
14427,8909.37218693975
14428,8558.413261506625
14429,5728.921589767621
14430,5347.081878907895
14431,9032.408487870176
14432,7571.495513007244
14433,7249.929570955135
14434,10627.818438815415
14435,7613.572963936219
14436,9406.116757807687
14437,6072.9663891986565
14438,4965.12032434222
14439,8112.370675115015
14440,8747.591256216767
14441,9499.453658664313
14442,11597.198613630171
14443,11340.482580486894
14444,6070.276187777992
14445,11019.305137276959
14446,4967.788529243886
14447,4171.489543415364
14448,10172.898626391807
14449,14295.413451212655
14450,10036.400426164331
14451,9843.479805466835
14452,6368.046866294529
14453,9509.186516192196
14454,11954.230787779326
14455,8087.860024434165
14456,9747.986564642672
14457,7142.960146535754
14458,5799.957143592979
14459,6541.056942473959
14460,6791.978363686153
14461,7609.90096840685
14462,6447.330053931468
14463,6766.095602009086
14464,5067.253450995266
14465,8836.367035071562
14466,10088.629127841315
14467,6013.228999867552
14468,8038.268993080297
14469,9174.903900154373
14470,7666.391647801972
14471,6144.646760991277
14472,11139.633394242517
14473,10255.154621913276
14474,7004.104082089193
14475,5150.800682094801
14476,16426.475819008414
14477,6430.8352183993875
14478,6563.274005215576
14479,10757.849788809468
14480,8754.090811309112
14481,10613.347417441992
14482,8001.712973325688
14483,8726.97872086013
14484,10885.707940228367
14485,17127.645247065484
14486,7023.980528344836
14487,6536.406562001395
14488,6298.4704808571505
14489,8805.6671780279
14490,7172.08763204815
14491,8969.739916800207
14492,11743.909417473631
14493,7035.492408658369
14494,5462.540049146624
14495,7178.451781471664
14496,10496.363466656787
14497,6526.144322041018
14498,9573.694954926443
14499,4832.634010038248
14500,7600.854438533947
14501,9581.600753220797
14502,9975.8962571158
14503,10882.947350246228
14504,8556.246978267483
14505,5141.381489995524
14506,8126.265992485246
14507,8500.280589633574
14508,10764.421493881704
14509,10101.329092597909
14510,9478.248988773106
14511,7989.6838736422105
14512,5987.1410913420395
14513,12674.502945721408
14514,4604.361633602317
14515,13122.602010299295
14516,7234.091938325481
14517,5565.7761677149465
14518,9277.15995498584
14519,7201.220772335535
14520,8589.730258794249
14521,11104.142751040608
14522,5694.341909157133
14523,5037.516473615268
14524,9811.659037554124
14525,10796.450409166942
14526,11547.00199512518
14527,6695.885444690022
14528,7443.151143650067
14529,8800.530988403141
14530,8018.265076421715
14531,7138.847076934356
14532,12356.979796960835
14533,11266.989243186252
14534,13310.790728873659
14535,5088.820148784111
14536,7796.193880467587
14537,10416.780041715183
14538,10311.432145697656
14539,7328.675741944253
14540,13543.505699600812
14541,8336.184805485052
14542,6784.531102642252
14543,6343.74385201689
14544,6965.331658362436
14545,6602.190027834978
14546,7907.053093749322
14547,6130.362996545671
14548,6761.013525257521
14549,12759.730456995472
14550,8610.314064541446
14551,25338.089543539216
14552,7223.137010613587
14553,6011.774558158038
14554,12926.743774068673
14555,14857.039784987186
14556,10067.721162419482
14557,11142.83547073365
14558,7134.540762607354
14559,12989.08147884371
14560,13793.214307087002
14561,7838.512223475779
14562,9863.069748690286
14563,13481.594250028018
14564,11036.541664248487
14565,12274.633512609662
14566,10543.237782820272
14567,10799.249104957622
14568,6310.531370736904
14569,8902.149104039829
14570,19584.53688312801
14571,17984.29119766354
14572,19319.9924747968
14573,14006.443801475989
14574,7714.933879622775
14575,8822.652740010772
14576,5871.648052751612
14577,12537.458683879537
14578,21683.844326934362
14579,11394.496285216434
14580,10429.823462530607
14581,9927.94103425481
14582,5399.52616003607
14583,9313.579290132635
14584,19124.865048640273
14585,12370.474718417076
14586,7517.372725254349
14587,10307.750701477411
14588,12684.552294885736
14589,5025.825183095616
14590,10764.45755316174
14591,6564.277553547287
14592,10149.29575040767
14593,11824.141829498096
14594,8876.481727958579
14595,11149.761858688089
14596,11828.758370744154
14597,7536.724407478811
14598,10133.834684345415
14599,12061.32364430383
14600,19087.349931359033
14601,8628.595685396689
14602,12297.132103696898
14603,10734.369770375371
14604,14706.004937946363
14605,9915.043366368958
14606,15769.1195193419
14607,9291.629695824593
14608,7228.198815805703
14609,9967.592026695414
14610,9000.52960946547
14611,13529.054655881717
14612,13191.672018292427
14613,8321.437448302244
14614,10374.738418162739
14615,8446.754078865659
14616,15800.900074465042
14617,5412.291625967233
14618,20127.958512715675
14619,8382.832484559282
14620,7808.083169412529
14621,13051.294302509192
14622,7913.878742958259
14623,10435.18212225466
14624,10879.527887335382
14625,11868.95328404346
14626,9104.385039267572
14627,8483.137737045892
14628,10240.063916788851
14629,12349.17923049575
14630,14734.733808595893
14631,8079.62271551334
14632,9192.501547653912
14633,16854.660158260223
14634,10290.507513334467
14635,7221.047974540883
14636,10853.287082423301
14637,7198.530923980811
14638,8455.94655640137
14639,9897.839568253861
14640,5910.644316252866
14641,14577.47303919423
14642,9301.714831019352
14643,12055.049076387439
14644,11764.072226807184
14645,7267.695156496261
14646,9494.741254600456
14647,10137.092177894441
14648,14181.169591257592
14649,13495.095541817029
14650,7905.054200188225
14651,6390.523046345009
14652,11478.599350662078
14653,9632.374332479647
14654,9126.01220245837
14655,9307.967384367617
14656,10615.282751362134
14657,11352.655028870671
14658,8991.925443034292
14659,6361.968488692936
14660,10951.453260746266
14661,9812.694491089123
14662,10664.816397103203
14663,14588.958804069718
14664,12790.263861939997
14665,9902.6569118441
14666,13634.403459517343
14667,9571.507155323414
14668,11137.187297555532
14669,13450.423931352885
14670,10970.930517489433
14671,14834.561712635388
14672,9603.115526643081
14673,12067.57301560385
14674,8336.58050514324
14675,10427.94638745721
14676,14574.305112256063
14677,12155.210627550918
14678,5876.58489218801
14679,9231.762751333914
14680,11168.585342984601
14681,9431.503194402121
14682,7371.353071593147
14683,13797.40362756146
14684,8266.142423455285
14685,7759.860651676925
14686,7999.149485609076
14687,9215.98255760946
14688,12589.150862612283
14689,10815.69687707154
14690,11800.431816907443
14691,8877.709515775809
14692,7261.1051939195495
14693,10878.274559441588
14694,5464.430363923037
14695,10178.614750141682
14696,7892.1535316157115
14697,12141.574768291739
14698,9510.137570316145
14699,8003.711583603737
14700,16811.382099703318
14701,8307.607335055234
14702,6527.858739257895
14703,16071.189560181256
14704,10525.103642488455
14705,14735.495498059052
14706,11139.734119211265
14707,7409.893809878782
14708,8733.687686907626
14709,7167.606843121488
14710,14954.844971770832
14711,17776.0915309762
14712,10663.175241839483
14713,4904.938812167738
14714,7216.118439929306
14715,15180.477387397972
14716,15030.66619591688
14717,10213.807851918784
14718,11052.458203309745
14719,7309.217704631413
14720,8064.500964496662
14721,4585.893430799636
14722,7206.398056357098
14723,9519.377202121988
14724,12072.868391299753
14725,9281.240000384927
14726,9949.746272452048
14727,11095.349807086104
14728,14678.697434900372
14729,12517.712031373223
14730,7376.43182805796
14731,12503.477541781747
14732,19645.240840945982
14733,10603.011634730348
14734,11245.238699927258
14735,8281.94680509802
14736,10223.58223758337
14737,7707.2123831558465
14738,10643.939828888939
14739,11100.785352051562
14740,11336.154197853379
14741,10981.392638667132
14742,14006.233189840383
14743,13796.051693275971
14744,8339.301482613784
14745,13980.551836566723
14746,24779.222736189662
14747,16567.593737630425
14748,9519.376362972705
14749,5405.866983020414
14750,10042.55792238581
14751,15900.037471862068
14752,8623.442969477272
14753,13947.292641263473
14754,23430.71587803996
14755,5258.309859860701
14756,8320.364745819292
14757,12103.382988109648
14758,7600.97785362904
14759,13871.701734685623
14760,11830.476531478564
14761,11929.760944812044
14762,4501.313458592716
14763,9352.535156958178
14764,9276.547738404666
14765,11925.020386219921
14766,19665.61423769159
14767,9061.07206289024
14768,8707.486421183477
14769,8735.070738514727
14770,7683.076938917124
14771,6669.779148763611
14772,9885.79397782089
14773,10150.36697656179
14774,8985.53311351885
14775,12112.820407763245
14776,9104.648305485287
14777,8075.713145932628
14778,9794.471971925073
14779,10635.925347726252
14780,11404.601646340485
14781,11185.440643758217
14782,11662.993636355452
14783,7966.150465778324
14784,6071.419268815625
14785,9563.937420473338
14786,9887.905841339185
14787,10367.401327698368
14788,5922.457156340047
14789,15312.83486395249
14790,11101.707335289506
14791,16671.707672195058
14792,9495.449657510924
14793,8686.037753548433
14794,8084.393075952348
14795,7045.813687596386
14796,15794.021096975453
14797,8344.064824045323
14798,12754.757644247828
14799,22129.775281768267
14800,10154.138082408082
14801,10305.52339497518
14802,6814.92730537401
14803,6786.583111354066
14804,11941.072503716676
14805,6354.628880477436
14806,8745.497822281923
14807,15208.770197409927
14808,8768.149458837615
14809,28327.274756020055
14810,19423.078792030443
14811,6561.493467105421
14812,11101.364712381848
14813,8028.376198693833
14814,10215.012496180818
14815,8536.048378619884
14816,15441.114512987564
14817,12489.036210084021
14818,17071.84932172113
14819,6612.78776732602
14820,10639.843265383222
14821,6880.66217196477
14822,11968.480832366278
14823,11668.367623271077
14824,9197.596031718642
14825,10348.180207046058
14826,6406.192603204622
14827,13183.029381317501
14828,14499.795106439133
14829,7921.710640531199
14830,16293.524397920959
14831,9148.74436810098
14832,14414.11320679186
14833,7247.418514532658
14834,7820.783907933991
14835,9543.34943031162
14836,16608.450826668475
14837,9413.04972894828
14838,13032.708326953678
14839,10702.531185133923
14840,15632.508855116666
14841,6630.328206938489
14842,13242.270611742772
14843,10800.48795253442
14844,6444.180332882661
14845,22439.45269690636
14846,21967.85919178311
14847,11528.397184953967
14848,14782.85982556193
14849,16362.553764708482
14850,16059.15573674631
14851,16044.072573929601
14852,9645.777727725006
14853,12230.450952248964
14854,9722.9419930503
14855,12016.008559790602
14856,6001.1253008723115
14857,9379.743263021626
14858,10347.356552195071
14859,8547.939805404698
14860,10416.578300835476
14861,7699.378613709293
14862,9246.507614890093
14863,10125.397273046054
14864,5196.530784299173
14865,6492.931765389889
14866,9211.445997184104
14867,12421.621529203287
14868,13945.003568752638
14869,13488.008390627017
14870,9953.66334957673
14871,9971.028822727438
14872,9210.61150004786
14873,16519.721406305373
14874,13027.12061499625
14875,9150.504994847184
14876,7645.057367583486
14877,15591.416854622954
14878,5919.621771923832
14879,14538.926184448728
14880,5218.422520331224
14881,7965.302395455642
14882,14582.465702464677
14883,8500.22379380154
14884,8535.528355103537
14885,12154.476556660706
14886,14616.417591555757
14887,15326.85513238957
14888,9861.743097972818
14889,13421.621551562523
14890,4646.012969882457
14891,7804.501224348279
14892,10250.120988156921
14893,6741.979494561196
14894,10957.199683783714
14895,8403.813479295179
14896,7451.665377583115
14897,13724.729949524442
14898,18102.83283571089
14899,12837.234597237593
14900,8468.550662636708
14901,8378.885517785377
14902,13625.476033691242
14903,10327.474905081583
14904,9395.492777384996
14905,8335.444483784053
14906,10599.031743235504
14907,14060.356828431251
14908,7079.943586324856
14909,9920.28249759585
14910,12240.723228751072
14911,13201.253508064716
14912,19141.897261204347
14913,8969.244031800907
14914,19742.954104768887
14915,9453.73981784131
14916,8146.906803162701
14917,5805.909536305242
14918,9206.58827698542
14919,9684.947445148446
14920,8870.836386491928
14921,11185.680641441118
14922,7471.21706485725
14923,8457.403275121893
14924,12710.454822996835
14925,5652.0820516567655
14926,9371.578215933441
14927,10893.778698250155
14928,13980.55846551355
14929,16691.50863125615
14930,9495.879481956348
14931,12483.895255826597
14932,7732.749551733347
14933,7510.020278777754
14934,7953.8304996211655
14935,7569.0168898549055
14936,19159.73813416128
14937,11255.524852728282
14938,6645.126707846537
14939,11615.483557044588
14940,15076.681126209103
14941,14634.543812953338
14942,11367.24532477127
14943,12633.492001975184
14944,6725.897771203647
14945,7115.638560122417
14946,10732.111111891116
14947,12556.368781724312
14948,11554.804109256453
14949,9472.390319431013
14950,11148.916858869205
14951,10174.244422779484
14952,6448.440844958162
14953,7850.981596838607
14954,12567.790705823565
14955,13308.0192645537
14956,16170.819601446203
14957,19766.76081271094
14958,12580.061827151105
14959,8332.262682598046
14960,6898.107199469642
14961,15810.288243336909
14962,15668.939457433591
14963,13634.034328499629
14964,12621.339970247895
14965,13631.697828323877
14966,9213.867134241096
14967,5813.565523006686
14968,13470.092186235286
14969,11900.506457939831
14970,12173.154133828888
14971,9393.75702110832
14972,5770.7259086601125
14973,17588.689245899583
14974,8850.231279462054
14975,9352.00280247669
14976,6353.922087361475
14977,8007.259912497011
14978,12462.310423839785
14979,16303.392665157677
14980,11287.607353032185
14981,6627.033054936157
14982,7940.745944745486
14983,7074.729992221765
14984,4463.413320029533
14985,10730.842331137728
14986,22202.504182930425
14987,7861.892519405563
14988,9043.452584260609
14989,11019.470253794623
14990,8720.575653145474
14991,9139.051927021208
14992,7708.689575948417
14993,7447.477207168112
14994,11144.999560560589
14995,12501.280425073393
14996,5952.984637068536
14997,13157.152914247103
14998,11860.552448684279
14999,7896.190803371666
15000,13114.358868575662
15001,12833.622270162663
15002,14160.858785367062
15003,8855.803562852883
15004,10353.473560925859
15005,7259.40783817061
15006,9313.55781037627
15007,20355.863739544122
15008,16586.941286657042
15009,9979.862459533639
15010,8580.894110109943
15011,7889.7231640727405
15012,8253.892422300505
15013,6861.989958934538
15014,13884.871605272769
15015,7765.046451156641
15016,7636.88794937491
15017,11552.255446440997
15018,7804.428985988695
15019,9374.156951521443
15020,12365.452551771834
15021,11459.893599569756
15022,12127.58105667603
15023,7024.028962141171
15024,7063.321784375439
15025,12174.22833059525
15026,14094.754777733177
15027,14568.569889145489
15028,9977.102327269677
15029,6851.264583674611
15030,10167.89650607791
15031,8809.347668750788
15032,6545.604813899169
15033,13484.079163822234
15034,11938.07985754689
15035,9934.396040141402
15036,9760.253411523814
15037,11868.971516975178
15038,9429.533980705786
15039,9635.180463484063
15040,9825.223843215783
15041,9343.301262526942
15042,12859.275263128618
15043,11924.683463706748
15044,7915.105468134893
15045,7465.7342877416595
15046,18213.98737056242
15047,10527.93200181566
15048,5831.9567995291145
15049,12092.899183940472
15050,14262.522296124896
15051,16172.728228990727
15052,6204.8928700058295
15053,9688.184687641342
15054,7745.004369063624
15055,10428.176409726299
15056,9364.897071883892
15057,14772.149856490623
15058,5572.434825928554
15059,14320.006429407342
15060,11241.23746604749
15061,8807.113159777826
15062,7741.604801078061
15063,9744.15085089749
15064,14197.309083926346
15065,7768.99382498829
15066,13399.950501186324
15067,12464.426292665426
15068,14682.13534020681
15069,6680.299840431062
15070,9194.524284863966
15071,9352.784734247049
15072,11311.476801871524
15073,13445.653443420582
15074,7756.118380168399
15075,9434.208155731738
15076,10602.915968695861
15077,16197.586191346047
15078,7396.745482336585
15079,5883.153888669012
15080,14393.676183966742
15081,11296.167169160159
15082,13010.972790952386
15083,10465.290475732314
15084,8377.837718890316
15085,14894.120522232837
15086,11492.210342352124
15087,15414.351204065302
15088,10652.966769773318
15089,11739.11265618364
15090,13095.96277925136
15091,22069.17293464662
15092,10865.175661826544
15093,7598.752536090409
15094,11105.04563742034
15095,5957.3607578711035
15096,5081.563226509207
15097,13242.878125007428
15098,8254.38358993236
15099,14575.71683455959
15100,8444.523741209307
15101,11314.625117330725
15102,9536.982710090984
15103,16055.393943026023
15104,7736.206841541417
15105,8432.226293212972
15106,12928.316359234022
15107,9648.346631331662
15108,7067.624156537525
15109,11174.387160897842
15110,11177.803573395346
15111,13767.204893108412
15112,11062.892707879819
15113,10535.225372556126
15114,8462.111818298894
15115,6410.602774038756
15116,8006.132768259431
15117,18002.041163422116
15118,14649.863392219842
15119,10726.216464819792
15120,18347.146554276904
15121,9985.41206121107
15122,8461.824265038564
15123,12750.14217705338
15124,12528.335381459456
15125,17973.803044149747
15126,9979.89590402634
15127,12046.002309211843
15128,13863.177660071711
15129,9178.744656545528
15130,11396.30875424135
15131,11301.730595044673
15132,8229.039592880126
15133,8420.16899260203
15134,5914.360393154005
15135,9119.240063964226
15136,15459.302593204675
15137,27571.033019312064
15138,9685.16504040418
15139,6792.325769393768
15140,11833.134783762065
15141,6643.492229605568
15142,9699.771619354673
15143,5909.493994856953
15144,14023.37397525613
15145,9283.624072042916
15146,10056.762714101096
15147,21857.226461833903
15148,15842.625866968268
15149,9298.086735442395
15150,9413.6007475252
15151,5731.5640002677865
15152,6835.927685106863
15153,8165.468153464686
15154,13451.228634458575
15155,9131.49938942761
15156,6522.1503806749
15157,8270.77515021387
15158,9161.111365252376
15159,12871.899963417183
15160,12019.428769505497
15161,4357.261362141649
15162,10164.510564279859
15163,12405.12261079107
15164,12180.29850635691
15165,9241.957748690234
15166,9050.878678401927
15167,12298.51592531749
15168,5977.287612373138
15169,14938.273527111862
15170,7026.693121963469
15171,8756.009600989466
15172,10279.193586983896
15173,10810.196213650786
15174,7223.844310819548
15175,9852.231550436978
15176,11389.952138420671
15177,12986.56608912169
15178,14863.7376698625
15179,8180.480740520915
15180,5514.013675416131
15181,7462.566797711372
15182,9433.565497761403
15183,7848.095476211524
15184,11926.590051907446
15185,8613.588277106765
15186,15717.144083658413
15187,13809.009102342323
15188,9645.849512017
15189,11191.075345425932
15190,6162.870802164304
15191,13635.13010379112
15192,8425.941112340155
15193,18514.071174001423
15194,8842.75958594642
15195,9264.348130771628
15196,9497.569742225978
15197,5210.917274973582
15198,10403.829832127492
15199,23644.733321592274
15200,7335.14633782428
15201,7564.016834393567
15202,17087.127688252043
15203,10363.508952096674
15204,14565.109745059885
15205,11750.355149464785
15206,12902.761688086215
15207,6864.161959508001
15208,7932.032184275948
15209,12566.318665024733
15210,9054.358009300813
15211,9982.978789925013
15212,10886.49728267261
15213,6171.142328692007
15214,9395.138654171566
15215,9631.971089991266
15216,5771.123782748482
15217,15087.594098801494
15218,13319.521788333872
15219,5653.858955798253
15220,11207.036906500754
15221,10244.906906168088
15222,7501.441922064531
15223,14672.36701245796
15224,9488.551123799944
15225,11347.535057074429
15226,6578.3356977082585
15227,7697.698318543075
15228,9708.97953395018
15229,5853.898704573716
15230,10205.821030398625
15231,8075.7300720063495
15232,9049.327099502256
15233,7192.908480114797
15234,8909.36347872165
15235,8430.368758726294
15236,10176.378730263055
15237,12061.891584241148
15238,13268.816108132854
15239,10266.02962006211
15240,11892.77163963705
15241,8834.82479603138
15242,13088.185973772797
15243,12413.757716707802
15244,9889.390056315076
15245,4625.206686590213
15246,7720.502106891143
15247,11935.839509681
15248,5332.394837115419
15249,16149.418148013287
15250,9780.079838189156
15251,10979.547309056974
15252,15891.968041414291
15253,9060.797639365874
15254,8232.61191281181
15255,16824.18917201115
15256,14984.303323511689
15257,8495.596277668246
15258,12672.244631440377
15259,16577.49221053533
15260,8784.078705553664
15261,7472.086011677934
15262,10849.55886359469
15263,8684.296177092363
15264,7204.989814839564
15265,10141.913607891729
15266,8280.509364223264
15267,9748.582972516415
15268,14534.73042661325
15269,11130.737147740841
15270,14502.298195382276
15271,9169.2756344501
15272,10412.668409037584
15273,6854.575359409712
15274,11820.248533540984
15275,12804.717482324548
15276,10027.04482950941
15277,9223.693702449118
15278,11804.2264076635
15279,12792.181898508594
15280,9165.526591813436
15281,7805.473809114778
15282,10489.357506457833
15283,10157.344693628129
15284,10441.64178377906
15285,6611.818206891672
15286,6092.730131664643
15287,11166.308406911521
15288,8102.578535781287
15289,8371.312573327856
15290,16755.086023080465
15291,8478.049559741805
15292,12962.377707513797
15293,8739.780284979033
15294,5522.546513442185
15295,9955.020529822788
15296,10137.102135055473
15297,12532.429320368918
15298,12898.212048818466
15299,12796.013423100389
15300,6657.622443069389
15301,14260.702850308293
15302,5581.710283645205
15303,5291.193802780425
15304,15575.763452087089
15305,16139.706761252955
15306,12612.31165782691
15307,12121.104210025987
15308,9743.875253400796
15309,11242.992357504094
15310,15209.461066127744
15311,11682.294705618926
15312,13370.893074029476
15313,8278.792567222725
15314,6311.356422405345
15315,8107.111443954298
15316,7842.07356261487
15317,8798.724146873494
15318,9587.523927816019
15319,9733.362927422639
15320,5439.546787042316
15321,9258.090122422065
15322,13649.52041080838
15323,8617.38278432962
15324,8816.722153471503
15325,11879.600712789217
15326,9042.441231086083
15327,7271.095286859815
15328,14190.070584801893
15329,12180.977054996274
15330,9238.63193088983
15331,6140.189188176766
15332,22348.483394261464
15333,10369.404066691626
15334,11618.568266052933
15335,16766.764151430652
15336,11417.799168743553
15337,12966.657505917938
15338,9654.263031549028
15339,9492.119153372825
15340,15722.249761621195
15341,24707.95264335538
15342,11117.886609729752
15343,8464.624900869188
15344,8007.960130146465
15345,9958.545893489421
15346,8496.74782710808
15347,12701.972994328273
15348,15339.121721172964
15349,7667.477805477712
15350,6948.78879444087
15351,10033.054466979227
15352,12466.138241120832
15353,7904.38774112689
15354,14517.16596749824
15355,5825.0478827698225
15356,11756.061251381509
15357,12667.773827885083
15358,11715.587966073932
15359,12591.782616871276
15360,10486.729570233842
15361,7145.237996465452
15362,9862.013530903336
15363,12696.699083972617
15364,12648.102838784102
15365,11821.744979178131
15366,10998.338259701333
15367,10148.37889999324
15368,6890.4852789803
15369,14664.843675365933
15370,6348.582817552764
15371,15699.464465520368
15372,8227.088565910783
15373,7043.882341713516
15374,11239.851041893826
15375,9180.482597907372
15376,10835.934878323422
15377,13171.255363042525
15378,8099.13691315093
15379,7808.247445635879
15380,14499.370574029661
15381,13911.923123750144
15382,13221.269898989578
15383,7282.592803981474
15384,9487.940279955154
15385,10030.692758865409
15386,9716.054364291047
15387,9274.986810868037
15388,15289.063445015909
15389,13453.46650022
15390,15215.682997779348
15391,6146.604211485366
15392,11463.427019585566
15393,11166.40264695571
15394,13931.800559015974
15395,10133.926826787529
15396,17163.779077887513
15397,9035.58520745868
15398,7978.796026397484
15399,8500.647112056853
15400,8869.631272111283
15401,8556.963061926592
15402,11553.924640494084
15403,8169.333216912022
15404,9343.435146231883
15405,16075.980680867784
15406,9720.592853598742
15407,26298.930794409633
15408,10812.035273204701
15409,5059.522109637449
15410,5908.140807813025
15411,4315.759485986
15412,3239.9211015684077
15413,6451.570928532637
15414,5464.575984825491
15415,5600.130589189087
15416,6712.395726893132
15417,4934.600307841747
15418,3860.185481040613
15419,8278.800297660164
15420,5531.483609586154
15421,4470.674420290249
15422,6433.49518971257
15423,4935.021912732945
15424,4195.555357385023
15425,5257.0563895140795
15426,6172.2918013522185
15427,12389.561020541507
15428,5626.941230326878
15429,10507.20964724692
15430,3993.313637869263
15431,5901.348506823747
15432,3240.1017829687466
15433,5753.346350932317
15434,7965.833735946511
15435,7958.846323606486
15436,7040.529327235357
15437,3603.8510250799936
15438,5219.218907749164
15439,7249.8224244844805
15440,10222.45737563923
15441,6600.741151009079
15442,5936.685465880216
15443,5445.139599465417
15444,6471.662960374535
15445,3253.8700908485225
15446,8141.745861940034
15447,3920.0999182638207
15448,7149.105160518974
15449,8122.755900182667
15450,2883.955966794439
15451,8759.411328085365
15452,5251.3475678279665
15453,4566.913526615571
15454,4816.557057375541
15455,10341.336564476363
15456,11148.615760159035
15457,6444.560223100223
15458,5917.128634378329
15459,8768.34728658844
15460,7242.160323085177
15461,6488.1240767004365
15462,4527.354694179105
15463,2863.503425239815
15464,2989.733012860302
15465,5221.91511358824
15466,5737.464387580361
15467,6712.319158506609
15468,8973.86189160186
15469,4706.096559182444
15470,8741.205020446308
15471,8755.880949680219
15472,3611.7356735995436
15473,3885.1322748422895
15474,13138.858552849628
15475,4235.939503406536
15476,4947.737568041952
15477,5785.597886033991
15478,4590.361741577812
15479,6592.021645392809
15480,3322.6961222358973
15481,7576.685473924081
15482,4759.267845743241
15483,5754.6589548091515
15484,7252.901137250406
15485,9241.706824424267
15486,8719.009213699605
15487,3980.020914966856
15488,7863.173697372581
15489,14361.157140209041
15490,5682.461021435874
15491,3354.0309534537682
15492,7018.764990332933
15493,5857.392880879984
15494,7313.026083762592
15495,9631.422044121726
15496,2919.8079510335397
15497,9907.261943519716
15498,5218.233426603045
15499,8027.458074451089
15500,4079.063134456889
15501,3488.462313935853
15502,5336.4891192311925
15503,5411.201899741313
15504,9573.40573000725
15505,5867.8482594586285
15506,5367.201788608431
15507,4657.322186042747
15508,7900.986173336035
15509,7002.620682446263
15510,4018.1699531624768
15511,4718.045091527068
15512,5092.6975004008555
15513,6647.032274220357
15514,5966.166638139051
15515,3978.374534801573
15516,6303.402534225116
15517,4923.2870754209125
15518,4925.483010979636
15519,8195.270658645079
15520,6388.557300455825
15521,5349.622599473994
15522,6211.951211419532
15523,3839.768130110588
15524,4606.3964762818905
15525,5610.1022158278065
15526,9566.187700740384
15527,7511.222184993541
15528,6736.068917158361
15529,8628.406458350282
15530,4585.917606007907
15531,7240.127483491194
15532,8048.3891348940415
15533,4439.573965494158
15534,3339.122549042214
15535,4907.130285176819
15536,5896.214569786682
15537,7707.9379005646015
15538,4075.890272593608
15539,4603.259816113085
15540,7526.457243882557
15541,6276.135436878263
15542,7087.1070858743315
15543,3579.3402995740203
15544,7936.292495292069
15545,9123.919116523886
15546,3735.6772979335947
15547,6347.870663311956
15548,4013.188110430442
15549,6606.978694257446
15550,3672.464944180187
15551,3714.452554578082
15552,5419.60191126341
15553,7107.088218229487
15554,6978.34353314361
15555,7687.123646088536
15556,7402.6618814585245
15557,4393.229808477773
15558,5006.649115345071
15559,13622.10095193546
15560,8360.098669293833
15561,7739.6503270803105
15562,7099.41505390055
15563,6154.557288881544
15564,6296.423270992106
15565,4899.490819373202
15566,6145.570513105907
15567,9690.045958506571
15568,2704.7205843070533
15569,3470.460581276028
15570,3389.4621410522627
15571,7264.111457141595
15572,9681.142143150466
15573,6888.128487960145
15574,8603.896201974334
15575,4989.340091181728
15576,2958.099133126328
15577,2278.7337764607623
15578,4050.678351246795
15579,5617.126186442447
15580,7904.386601816202
15581,6397.390788779967
15582,4806.59835120102
15583,7016.552425684222
15584,5557.83899334433
15585,8239.272956772786
15586,4517.806038295257
15587,8054.73226242118
15588,11531.427650297122
15589,3608.34281606295
15590,5946.428619528133
15591,5377.919274790744
15592,7615.350663745373
15593,3290.271942325001
15594,7246.774166848592
15595,5478.601485621061
15596,5787.255729258554
15597,8100.333149679917
15598,6196.234819436811
15599,5069.979120381119
15600,4623.426579861267
15601,6606.280010127307
15602,25603.811777070237
15603,9071.952970905437
15604,3637.268549706027
15605,4184.043679371511
15606,7030.733717431354
15607,8446.51844672401
15608,4682.7311527212605
15609,16588.23984304693
15610,30051.856296413727
15611,4371.854378202229
15612,3248.561054982904
15613,9669.087152641298
15614,3646.1111059595237
15615,4466.428864549111
15616,3798.8612601835134
15617,7189.346910483769
15618,6946.202439239705
15619,7727.729662369946
15620,5060.38979649836
15621,6209.335075590021
15622,6476.97258687817
15623,5709.450732810407
15624,6212.397874303524
15625,7846.324229484683
15626,6570.881069307413
15627,7241.99637649955
15628,7177.12955030326
15629,6322.482425821637
15630,6386.344778233863
15631,6665.815874407421
15632,3763.1793630125876
15633,5049.017598907543
15634,5470.503538127355
15635,6994.046660520729
15636,6823.847521797002
15637,4677.3936204173615
15638,7306.14821046408
15639,4967.480597634618
15640,4027.364976020483
15641,3810.674429655364
15642,6510.691180002725
15643,6125.279475525372
15644,3221.24782582881
15645,5808.709225786359
15646,7368.1332606698525
15647,3300.2195229011277
15648,5943.655278550189
15649,4551.509923112623
15650,3606.1826050096233
15651,2824.650566834126
15652,9657.467944831875
15653,6589.504692680449
15654,5189.637633796616
15655,14799.728444793851
15656,8161.4917309920365
15657,4490.144028510258
15658,5284.616781060571
15659,3226.0370077851308
15660,6190.170497046362
15661,4915.639436084092
15662,3798.455279345715
15663,10050.75609404996
15664,6130.881402469889
15665,9452.396661843663
15666,13448.167720779637
15667,5481.91301121582
15668,5769.57610678059
15669,5295.558311097977
15670,4760.02703508096
15671,5265.249583983097
15672,10846.530375723756
15673,8550.635005149657
15674,4284.387829321597
15675,3767.4934362731447
15676,6155.316242750586
15677,5595.109567069732
15678,4901.964126668962
15679,7941.672171773838
15680,4925.455281825301
15681,7917.4334170787415
15682,8647.116092280874
15683,7112.23828260451
15684,5313.217206429848
15685,6461.51400752958
15686,11171.555738954123
15687,8109.977298598422
15688,8439.09687317463
15689,3881.644619548369
15690,6635.937499396835
15691,4533.431720412434
15692,7034.069464235223
15693,7887.769994456208
15694,8332.05008314684
15695,7593.005691170939
15696,6912.264814781651
15697,4986.35902834168
15698,6805.324565608993
15699,5318.970029757502
15700,3385.842002934107
15701,14740.143230432106
15702,19678.628700091023
15703,9782.35742467254
15704,7519.369484955546
15705,6604.671083647491
15706,10416.989117485944
15707,9632.897186502416
15708,3234.0316952427756
15709,6749.437405858411
15710,5756.9230407612495
15711,6332.470588296077
15712,3265.64903726394
15713,4148.321028798123
15714,6526.508574293351
15715,5237.508766739708
15716,5963.88979934588
15717,3663.0245772148974
15718,3239.812755434325
15719,6577.569166204581
15720,4023.5140086397437
15721,5485.992693825525
15722,6445.003310753493
15723,6140.193188064407
15724,6934.8143342770745
15725,8926.956421216686
15726,6276.7495064001505
15727,7178.560494782549
15728,6322.783557653109
15729,12312.314763013239
15730,5708.130381529457
15731,2993.228372804433
15732,5805.784560208158
15733,9789.866624974704
15734,4660.542593533667
15735,9481.0052035965
15736,2704.4494329121785
15737,4660.254365811719
15738,7223.461331940721
15739,6959.792291397175
15740,5244.49132109381
15741,6749.471687908646
15742,9411.28994167688
15743,11011.73578454622
15744,2144.1412398316957
15745,11326.444973566771
15746,2639.8196543902636
15747,4222.593204644397
15748,7755.231483537269
15749,4537.055591131219
15750,7340.041615844864
15751,2950.2245434200777
15752,5007.920513888877
15753,4337.895038259828
15754,9344.602164727405
15755,7952.885456068881
15756,5438.928446283387
15757,2961.6644660743996
15758,5133.057824284389
15759,10469.838157183198
15760,4461.690703477353
15761,5264.5742220684
15762,10219.752047699722
15763,3801.0374507903452
15764,5290.055058117018
15765,4473.667894847045
15766,7822.088832115922
15767,4156.251455243573
15768,13096.086286662148
15769,8348.606415817865
15770,14671.31638568274
15771,8031.985917036686
15772,5305.008034863458
15773,2855.1874494671033
15774,6306.650212094954
15775,6925.01684195013
15776,4957.365193109391
15777,7222.526947203402
15778,6307.638632446484
15779,3937.595356458657
15780,8161.829266984442
15781,3878.745552689432
15782,5669.520887830145
15783,8765.113551799615
15784,6869.087506844173
15785,7263.148623016963
15786,4822.460528276248
15787,5583.4529929442
15788,7744.520621430111
15789,6942.836794487651
15790,6611.944494815379
15791,3908.0943262007972
15792,10882.28429527268
15793,7890.705922786532
15794,4574.386072452028
15795,6638.023207666616
15796,4691.904473978718
15797,6718.203409748757
15798,3646.6467086236726
15799,3826.2396485633835
15800,5724.6603351951235
15801,7760.26836209349
15802,6057.429436561025
15803,8057.377152108601
15804,4620.219352633925
15805,2992.3648553811677
15806,6116.519763048949
15807,6229.222748371864
15808,3604.791648120417
15809,4699.838924822973
15810,6667.544069212187
15811,2700.3621831617006
15812,12510.980348599347
15813,8473.31242428214
15814,7399.286982561284
15815,5770.968950284936
15816,4969.566317947698
15817,12415.517123641033
15818,7641.871643236455
15819,8920.996927691558
15820,4764.915566309285
15821,3895.543909649044
15822,5256.178254801341
15823,2774.12717435043
15824,12793.90317351491
15825,6626.254840185973
15826,6475.976678355369
15827,5263.218204388321
15828,1699.6732401639322
15829,7986.9261626812495
15830,6071.753189946628
15831,4213.4923577145155
15832,4694.859836084367
15833,5797.086841483874
15834,6249.17792439575
15835,4732.730125939273
15836,12984.183375919953
15837,4181.399167390864
15838,5232.907233634422
15839,4724.487125065708
15840,3170.1186394467672
15841,6877.079456827026
15842,19924.28770354296
15843,5298.850846253363
15844,6386.949084164733
15845,5260.747093883404
15846,4778.138661102393
15847,4357.593799565264
15848,6163.163291173084
15849,3158.5441579610915
15850,10064.410363878043
15851,6844.969321739592
15852,2938.0089031585753
15853,7204.174460130063
15854,3189.4886262370346
15855,4351.004440565797
15856,6353.019408037391
15857,6454.087280572615
15858,10455.665668684802
15859,2764.3293871687074
15860,7092.021306548648
15861,4917.18373310112
15862,4638.401538581463
15863,17264.316101260814
15864,10156.056926909148
15865,5207.707182432953
15866,3538.2491301922837
15867,6048.925031984048
15868,5219.281836949516
15869,3074.968471442105
15870,6753.785129565182
15871,5070.398172146385
15872,5964.783015427753
15873,8253.620205382293
15874,4842.451650717926
15875,5216.191512736908
15876,7055.437839022189
15877,7164.563210716091
15878,8469.566434307899
15879,3526.897326505032
15880,5169.685881909958
15881,8449.165984381036
15882,9325.190302777724
15883,4250.499335404027
15884,7852.322503945768
15885,2656.7972130801772
15886,7862.487551592751
15887,5618.482276699262
15888,3602.479105262394
15889,6630.130305789912
15890,5244.678221713198
15891,4703.932928863014
15892,6892.4460381769295
15893,4846.43668734007
15894,7119.931103028723
15895,6098.398489332109
15896,8345.922238479201
15897,9392.153926449506
15898,5711.1182897856015
15899,5522.352617073011
15900,6242.837086337958
15901,2966.993381831573
15902,12079.650268890178
15903,3194.1826384931155
15904,4376.703648838648
15905,5742.141084041682
15906,9456.502607570663
15907,11511.971932169059
15908,4848.228140949261
15909,4064.945464426785
15910,6313.007934013277
15911,7197.848350613184
15912,4653.4872838120245
15913,8506.815234478645
15914,3577.794624144622
15915,5830.482912089619
15916,4153.557238998205
15917,3891.7936803395364
15918,2910.713000040958
15919,8245.169632601708
15920,5740.9345829094445
15921,4840.991276874834
15922,4263.958326762278
15923,9742.058347983491
15924,6818.479862467596
15925,4479.194560617996
15926,6148.9552639758285
15927,5321.888727652995
15928,8393.356803775718
15929,4053.5383610873655
15930,2602.688190285938
15931,12907.636914578996
15932,6659.670451983494
15933,10060.455105963947
15934,6671.656885350473
15935,3104.2140496768193
15936,9996.03477933229
15937,3524.630806324407
15938,6778.77029812405
15939,7377.968135578766
15940,5356.815164719108
15941,6042.917016535446
15942,4810.899575809595
15943,5269.402544617776
15944,5043.702637327258
15945,3226.671791375939
15946,6112.148037637749
15947,11148.435030443352
15948,4431.244465258554
15949,2919.3657896229965
15950,5547.347958532318
15951,3576.074721705205
15952,2565.3553254632297
15953,5276.923760165912
15954,6284.037530513993
15955,3323.8707404238944
15956,3846.2440455211386
15957,7332.430258470803
15958,4660.2849631259005
15959,10625.023732697657
15960,4347.714081797065
15961,6668.625590408796
15962,4507.206461614812
15963,5051.4445112805615
15964,6032.628684877935
15965,5830.446543000208
15966,6639.8369401217205
15967,10300.430193705994
15968,8584.433592044405
15969,6890.284308424348
15970,5115.949051050769
15971,3352.4663927579018
15972,5750.374264842326
15973,9735.838163356164
15974,4291.6598758835835
15975,3759.9308595570164
15976,16639.284120550128
15977,3903.474497091287
15978,5583.047898983806
15979,4137.9294003831255
15980,6603.331794634261
15981,9228.162532991897
15982,7869.93611042311
15983,7564.981673022695
15984,7040.993338519965
15985,7589.044257386269
15986,6059.0008342063775
15987,5957.119781951452
15988,2526.530803285178
15989,5031.465418162493
15990,3631.3142175282364
15991,3202.632084889307
15992,6181.544918755605
15993,19799.937208747433
15994,5238.428847313364
15995,3129.0117597596804
15996,6649.619570873188
15997,5148.26797642896
15998,5301.497875057231
15999,2257.807202656552
16000,3635.460621690709
16001,6311.466243107368
16002,3372.849394338024
16003,12159.489472956331
16004,12905.683373665172
16005,3471.9669381690205
16006,6046.6961201321765
16007,4348.986122994692
16008,4580.341992548938
16009,4750.872342784421
16010,6870.404030839019
16011,3769.302503088786
16012,4459.543131551178
16013,4425.1735139819575
16014,5973.325959043448
16015,6720.726917243983
16016,7377.318024526148
16017,3125.8412777144654
16018,8095.575840529689
16019,7303.250748501088
16020,6577.849554452878
16021,3514.6009761371256
16022,4069.86667036452
16023,5428.074434046057
16024,3995.937188393049
16025,10281.030804089243
16026,5158.040443768002
16027,2992.6086010683025
16028,6899.796060169022
16029,5651.156027866556
16030,6281.261122236583
16031,5050.797285093879
16032,7957.623388152602
16033,10915.23289234574
16034,4453.636511231606
16035,5552.147882124167
16036,4104.726791153888
16037,5158.687106519564
16038,3692.2091658356944
16039,4082.448652720167
16040,5281.126682923174
16041,5235.317199473669
16042,12005.227878190984
16043,6650.267282091977
16044,3650.1064089005704
16045,6490.805565118212
16046,4529.0983964962625
16047,4770.756262733294
16048,6260.829135537072
16049,10380.623007889224
16050,7176.100227541139
16051,4876.42690416592
16052,3988.6658679080288
16053,1908.2979484140317
16054,5431.143154994785
16055,24386.606252467638
16056,2639.55306046883
16057,5033.033670955963
16058,3575.677430231628
16059,8728.029803910227
16060,6072.479180121074
16061,6421.110495043099
16062,6148.927708137937
16063,6376.408614068053
16064,2710.0211634187726
16065,5269.6267566904135
16066,4077.501081675339
16067,7352.0740910314935
16068,10068.207255304158
16069,4003.2916032886537
16070,7610.188237537419
16071,6348.409474610676
16072,4208.873197975303
16073,4386.9463845067485
16074,2903.58285951022
16075,3074.776638117167
16076,8567.361289700239
16077,7671.892036140896
16078,2508.0995697746825
16079,9045.235504727723
16080,6937.107694860148
16081,4278.4538690903855
16082,5501.640701511097
16083,3729.104576157902
16084,4218.055790668999
16085,4180.9314991879755
16086,6437.668197164275
16087,2909.3767977709003
16088,6443.328401307569
16089,3538.40773612896
16090,5074.679497815118
16091,5403.423193672955
16092,4207.953666646999
16093,7162.275731542777
16094,8203.683498073386
16095,5369.823501482587
16096,5545.689156629288
16097,5772.47180400329
16098,4405.9672830774825
16099,7463.056678243062
16100,7371.183432073336
16101,4777.067152980274
16102,5186.218208101403
16103,6168.930120812421
16104,4172.175292174547
16105,12775.698968974213
16106,6555.316663559242
16107,3732.9758649242754
16108,10859.065136918642
16109,6365.25456195205
16110,2456.640758825274
16111,8814.576161070505
16112,8576.433645740097
16113,6865.664568718349
16114,5428.999845137161
16115,7952.302050871935
16116,7266.296347522649
16117,5221.122166626371
16118,5256.50758568216
16119,3616.524757624856
16120,5727.6003524818925
16121,8979.05675703221
16122,3096.0152234292586
16123,9539.362868670787
16124,8676.258073106868
16125,5797.305385980862
16126,7550.674239999529
16127,4966.313823764175
16128,8399.80250007958
16129,2389.424863655828
16130,5225.042062832759
16131,5654.738009665404
16132,2960.7991906323846
16133,7356.299589642954
16134,7841.920436221693
16135,7133.297185384117
16136,6837.784906736011
16137,4090.745715887147
16138,5816.36566745633
16139,7134.857795413002
16140,7821.279382355092
16141,3108.1676976401195
16142,3057.646088406253
16143,6174.174826385023
16144,11219.340619121313
16145,3693.867391397303
16146,8198.434678609992
16147,7417.309862610593
16148,8142.100639952062
16149,4374.235007601468
16150,2344.2325110585343
16151,7255.827338192196
16152,6101.741356647106
16153,7805.4753784726345
16154,8956.741924820226
16155,5018.289281734051
16156,4316.96387997493
16157,4100.488129977616
16158,2835.600380948257
16159,1440.4084159754777
16160,7071.207534649897
16161,10670.494364557426
16162,5142.7675038459265
16163,6648.916218344457
16164,3230.3265475176536
16165,6765.801565529784
16166,8697.921814486992
16167,6779.641980560881
16168,7049.553939607326
16169,4214.0588791103855
16170,4760.482906923362
16171,4049.2330870715123
16172,6971.17647346366
16173,4126.86982971573
16174,3050.841776331332
16175,3877.1491105161617
16176,3931.3652033483067
16177,6790.374903284573
16178,5622.922933834191
16179,5688.407030126919
16180,5696.713783874857
16181,9742.050817072448
16182,4648.281457301417
16183,4311.4058133662
16184,8119.3011406538435
16185,6400.688420449843
16186,6650.330346710518
16187,2518.193647934544
16188,5992.231317238091
16189,5612.331372716892
16190,4699.200439468205
16191,7074.94748039933
16192,6944.526820051631
16193,7804.65819410734
16194,6948.150415810336
16195,7148.961658920094
16196,7058.868436579865
16197,12188.735476985641
16198,4231.496239626649
16199,3474.057825580179
16200,5507.699863938616
16201,6524.533363446033
16202,6069.076815304207
16203,6187.564342257717
16204,4665.590381789464
16205,6925.369518548667
16206,3786.660628909437
16207,7876.731641278759
16208,5534.5585642121905
16209,4152.642986857597
16210,8723.302249279866
16211,3676.408059924515
16212,7494.672039020776
16213,8204.52647313194
16214,5958.061369595967
16215,4435.388140417452
16216,3543.0216960910675
16217,5765.431936284137
16218,7256.434878672992
16219,6092.741339660224
16220,7563.872972882977
16221,6241.907500352563
16222,9072.74551368276
16223,5865.923118345014
16224,4236.895560789784
16225,8046.366189940371
16226,3716.871084353108
16227,12812.569509367446
16228,5948.526973819377
16229,5152.4316117550115
16230,9205.476970297344
16231,5520.695431907688
16232,4639.957455814135
16233,7054.143639358529
16234,4008.384334095796
16235,3210.147141009489
16236,7745.778444715821
16237,3640.429873425692
16238,11107.63898826937
16239,6151.554433308229
16240,5961.558447118262
16241,3779.4783966552623
16242,6481.8716366925255
16243,3472.0846657952634
16244,12230.363237238615
16245,5248.232070613259
16246,13190.738706113998
16247,5501.4751489506125
16248,5660.276663059745
16249,13109.498317306594
16250,5723.400907665992
16251,3462.9213335888917
16252,9723.716870722352
16253,7201.948129548803
16254,4725.805677545968
16255,6239.825893917928
16256,4420.863921129787
16257,2876.109055483911
16258,5110.854211794403
16259,3704.642727030389
16260,2982.861583865172
16261,8712.609214796816
16262,6237.10092611993
16263,29587.53149218484
16264,7188.037256586847
16265,4405.6756923699
16266,4493.675180325233
16267,7046.209570250852
16268,3480.4867515266355
16269,6591.201740336663
16270,4674.513367723328
16271,6706.501855404651
16272,6647.354905533619
16273,4766.891656018228
16274,3741.8085342658205
16275,6858.792765992608
16276,5708.5224934685975
16277,4872.806967597994
16278,6279.014916557659
16279,5335.006090085845
16280,3579.2245715368404
16281,4683.000079433313
16282,8168.953913708592
16283,9376.563868431138
16284,7992.928917721533
16285,7914.61866097117
16286,4181.424622319797
16287,6063.205204318491
16288,2501.238326774086
16289,8795.777269520055
16290,8994.118551527143
16291,10191.573039152652
16292,6182.203896542443
16293,3488.951261667861
16294,4745.322240768787
16295,6484.924712335148
16296,9229.429050142937
16297,4502.163504988253
16298,5488.931710362681
16299,5307.061000452836
16300,6530.9196069261425
16301,2768.6136661487426
16302,7850.040185136285
16303,4440.923813878541
16304,7979.39218513316
16305,6996.708346953487
16306,4131.867117525809
16307,8140.704316904576
16308,6638.707071360333
16309,5074.5550027824065
16310,4041.531443317524
16311,8240.051399447775
16312,10946.429294734922
16313,6138.9966224509835
16314,6012.613480391084
16315,9339.580265154827
16316,7419.3265135921165
16317,5687.013711815984
16318,6875.727532627416
16319,2551.1113241571447
16320,2898.596494544852
16321,5047.930093920394
16322,6523.17842329719
16323,8765.762852550673
16324,7359.0978301281975
16325,4292.027815299469
16326,8334.63638240313
16327,8472.95464938013
16328,5818.6247456336205
16329,3249.180961947268
16330,11628.871230782142
16331,3958.4437883572887
16332,4776.264245945229
16333,7751.963253673879
16334,3999.3319856287685
16335,6010.549797622454
16336,3153.73156473191
16337,5938.159073610408
16338,5546.500384213041
16339,5990.084881706785
16340,8239.643378412498
16341,8143.239238351621
16342,6531.843763629387
16343,3652.757372316056
16344,7060.334972398983
16345,12623.427362670172
16346,5953.098249594693
16347,3559.574734081529
16348,6082.47785693146
16349,5674.132807069175
16350,7057.122617407295
16351,9782.790028795798
16352,2372.079331713135
16353,8341.909343846939
16354,5362.04396092954
16355,5706.921475243424
16356,8091.747002863023
16357,2964.730177936183
16358,4797.640362445236
16359,5423.950886600542
16360,7477.728483081935
16361,8087.977876833986
16362,4211.411715552889
16363,4060.9854852572385
16364,7793.892952978455
16365,6131.233123395298
16366,5253.504069850188
16367,6452.7304478015885
16368,4718.840961035635
16369,6558.656166690654
16370,4928.0680555546805
16371,3435.8827170849822
16372,5606.294013644725
16373,6135.5246688268235
16374,6552.461422995624
16375,7827.013938258574
16376,8200.4516739581
16377,4473.031348673304
16378,8277.415610011603
16379,3310.450731656882
16380,3778.950407197564
16381,7629.805675214951
16382,7579.976621571659
16383,7863.259440016304
16384,9392.990093425342
16385,7107.790182588872
16386,4819.97024139779
16387,7371.040100940463
16388,7399.9330840795865
16389,4492.988375725049
16390,2980.8477690764907
16391,5803.720099400131
16392,4926.639362703047
16393,5930.670133788135
16394,3634.9194756271872
16395,6068.797747984069
16396,7273.3129829034315
16397,6505.049267563108
16398,6130.375532546692
16399,3089.0671863614125
16400,6833.815566287666
16401,7451.875651620018
16402,3763.7275635793076
16403,5470.687825253737
16404,3626.7137017905425
16405,5947.108545227442
16406,3725.1460837557647
16407,4500.1054483422195
16408,4931.316430870886
16409,7816.250289735057
16410,6655.628784361435
16411,7447.5629410052115
16412,14290.759332018502
16413,4162.5303731088625
16414,4858.876048337007
16415,10836.742959352956
16416,6003.926104074174
16417,8499.708780162393
16418,7157.994221025605
16419,5528.844431279601
16420,5982.047213362051
16421,4763.7794793651565
16422,5524.916468344075
16423,8350.994863379186
16424,5333.209552741719
16425,3011.202926680057
16426,3772.696132894159
16427,8117.435705640524
16428,10075.912001048468
16429,6437.946956532122
16430,6780.776249265109
16431,4735.5679764428805
16432,2632.4469012107447
16433,1918.5704672128968
16434,3750.3377879172494
16435,6010.02504904674
16436,7484.911727572625
16437,5135.46402772796
16438,4635.887596193612
16439,8538.906584584965
16440,7938.91697726891
16441,8140.020618358279
16442,5292.217274572929
16443,7990.707210931116
16444,9794.36288986616
16445,3721.8120027983346
16446,6138.079697687926
16447,5581.1331928948875
16448,6987.696979930811
16449,3083.6092608654812
16450,5548.294706817078
16451,5197.369334299874
16452,8240.35277227049
16453,6440.088055474555
16454,7281.4946387883165
16455,7678.517112953615
16456,5225.206619396554
16457,7594.311171285279
16458,18796.92067047965
16459,9011.412289984975
16460,3868.879317846706
16461,3556.3621610461505
16462,6959.877271575439
16463,9031.677514216623
16464,4794.172577087268
16465,9419.729097413512
16466,17663.667836805133
16467,4875.404884121795
16468,2753.751848478023
16469,10668.854778767312
16470,3382.6966522277426
16471,6101.506634731107
16472,3624.875025753395
16473,6261.544710880334
16474,3685.255885668294
16475,6925.897833438525
16476,5348.867228721569
16477,5980.61301748686
16478,10986.861779572042
16479,6473.062218857557
16480,6375.639919388111
16481,7609.112108447289
16482,5733.523507195385
16483,6121.821903733098
16484,9393.82692721672
16485,5443.777832573983
16486,5629.250347324877
16487,4571.942917682144
16488,3528.58216393343
16489,5399.498150724715
16490,4660.278641113699
16491,5163.119227296526
16492,8374.4873939167
16493,8474.428841027586
16494,7324.3700643922775
16495,4793.900284928683
16496,4019.1839497012593
16497,4496.8850149920945
16498,4710.898462112629
16499,5975.847690734883
16500,3056.6503368727554
16501,7498.716787872444
16502,5588.337707797602
16503,8489.603504610584
16504,5555.956663201188
16505,4119.003333397273
16506,3608.912767337651
16507,3030.8933739160275
16508,9006.67195014428
16509,6033.457215313792
16510,6775.957813232461
16511,13228.779669588512
16512,8059.003871243746
16513,5084.929106049916
16514,5200.579687076828
16515,2833.200418920416
16516,4865.659421783251
16517,4644.982267727368
16518,3908.582981011007
16519,9308.339508349049
16520,5324.568685677787
16521,9694.989576374834
16522,10403.200107050041
16523,5272.566629143375
16524,5469.2924808077005
16525,4877.096170415408
16526,5309.444903532365
16527,5006.940642541267
16528,11262.17368681907
16529,6450.527208853046
16530,7198.15360184148
16531,3478.574578821416
16532,5910.866092210017
16533,5794.67515646558
16534,8197.800696181692
16535,6504.951462344284
16536,5536.890617413815
16537,7136.320716769583
16538,5122.917825958456
16539,8951.521128653389
16540,7286.529822564481
16541,6573.156535066016
16542,9613.825332003864
16543,7313.47566849378
16544,8347.24489411261
16545,3650.4068940662837
16546,5586.023026352771
16547,5227.245809961869
16548,9172.206801030452
16549,6867.863003689941
16550,7640.915532388392
16551,5922.937072921868
16552,8794.247688979907
16553,5017.600064002826
16554,7313.363699708668
16555,6407.291572076447
16556,3162.027886370206
16557,13863.648039090625
16558,15705.539450557488
16559,7619.753654292216
16560,7046.640324933121
16561,7860.73842384607
16562,8880.893653863082
16563,8527.801745830446
16564,3195.8527055442
16565,4878.85233860163
16566,5850.375320358554
16567,7855.325145896979
16568,2739.0902252067676
16569,4619.062503100425
16570,5676.938360706108
16571,5263.655639703466
16572,5383.467993354696
16573,3311.4800416622584
16574,3124.7074748351774
16575,7050.789778686284
16576,3789.7396240511403
16577,4904.602162845844
16578,5274.862698914798
16579,5863.77830926763
16580,8702.796855155244
16581,11839.85156992574
16582,5525.005194431663
16583,6865.129932233287
16584,6582.879556150714
16585,10676.234961854698
16586,5405.257837315832
16587,3102.00362226929
16588,5605.340103207089
16589,13116.225623296566
16590,4337.511644392848
16591,7979.562648034089
16592,2400.8713665059227
16593,3997.683662049893
16594,6911.791023837796
16595,6292.949527215593
16596,5426.878682480414
16597,9013.041908401627
16598,9593.581453430083
16599,8333.791477353016
16600,4299.783618676095
16601,11266.26160069793
16602,2222.8986913073554
16603,4048.101462008994
16604,7170.4822201601355
16605,4990.578601749386
16606,10625.71984478543
16607,2890.66228489625
16608,5330.663830334163
16609,6384.012747310129
16610,8140.206191547481
16611,9955.09141140076
16612,4919.173985783348
16613,3229.8756722227618
16614,8786.367571364202
16615,9953.303623004198
16616,4898.669295325295
16617,5532.617339335204
16618,8355.146341686757
16619,6258.476614928435
16620,5364.553043099786
16621,4097.876464552484
16622,7340.986402529128
16623,4676.239526662485
16624,12947.340581576529
16625,8247.456638904046
16626,14464.607279577935
16627,7289.205552952397
16628,5081.5897015933515
16629,2397.6843279936234
16630,6486.287729240761
16631,6271.451555683017
16632,4909.884754904783
16633,9782.203359656072
16634,5819.029778639951
16635,3111.2416019254365
16636,7969.972383777218
16637,3648.817857437895
16638,9497.12624389289
16639,7514.001279322452
16640,7475.68791146391
16641,8818.31015488346
16642,4792.277762250277
16643,7449.180917618277
16644,7830.530572609904
16645,5861.1354355435105
16646,6500.466100286432
16647,4235.891283715471
16648,9219.787446264705
16649,6118.735812276833
16650,3911.505061556845
16651,5316.276977774736
16652,8526.748543547681
16653,6348.937855829664
16654,3952.6629108459406
16655,5567.184997690577
16656,5194.338222519606
16657,5233.3115878641465
16658,5709.211426804531
16659,10090.723574896996
16660,5170.938563157937
16661,3524.7657782023225
16662,6203.2192377696265
16663,6100.703119449225
16664,3444.3894756841028
16665,5235.012322865157
16666,9245.45615277604
16667,8039.381544349514
16668,11158.972539152894
16669,8763.797067101536
16670,7772.169547686571
16671,6261.1501683010165
16672,4684.153342017567
16673,10984.472194570293
16674,8475.911705332694
16675,7327.892414432233
16676,5439.921686677365
16677,5863.911665966357
16678,5089.70965932477
16679,2367.1218542867273
16680,12402.808389600377
16681,6575.118204513968
16682,6283.794865238911
16683,5315.688887075837
16684,1424.9653042557259
16685,8425.450063545146
16686,6354.383478666806
16687,4957.413205469042
16688,4311.559197625385
16689,5419.468373248434
16690,5955.881346864982
16691,4302.269990013896
16692,9975.029915271549
16693,4525.477981368723
16694,4790.852208248646
16695,3920.87993135305
16696,2738.4305275712
16697,5211.1935581784865
16698,13790.646313366968
16699,4792.202318852401
16700,5914.710084897021
16701,5511.6505337721965
16702,4273.287416237561
16703,3827.055193317335
16704,5621.770562843159
16705,3165.727977449956
16706,9822.105538602169
16707,6426.96587462024
16708,2926.0759674093497
16709,8588.10625048983
16710,2725.736157423493
16711,4077.3906226546787
16712,9089.014147831269
16713,8201.870568772583
16714,9409.64435286003
16715,2584.4708199354363
16716,5132.812805643757
16717,4540.388597322205
16718,4417.42702648821
16719,16499.121342510043
16720,11846.174107188652
16721,5503.838554329592
16722,3079.070603190575
16723,5944.966265776941
16724,4753.702876447505
16725,2764.602918258055
16726,8266.904911353417
16727,5029.6374681117995
16728,5791.929278727776
16729,7506.988057262638
16730,4757.0077038904865
16731,5032.766121352754
16732,5980.564170032837
16733,7325.649926280709
16734,6946.392014438302
16735,3012.015490747805
16736,5835.432891147678
16737,7655.603284478298
16738,8278.791830762055
16739,6734.253723507682
16740,6784.283881030166
16741,2425.266266316623
16742,9252.2315805547
16743,5319.521442562888
16744,3177.217778025007
16745,5049.373505790782
16746,4905.515149449023
16747,4863.9480019383955
16748,6333.80675160786
16749,4268.446015214568
16750,6074.464820177329
16751,5425.656896114831
16752,7656.368623261949
16753,8909.134111081341
16754,5092.978113925123
16755,7664.184980894437
16756,6169.8002955017555
16757,2954.234855363298
16758,11520.624615733977
16759,3998.046204178767
16760,3775.6071966863105
16761,6863.586958704018
16762,10900.59250167315
16763,10320.770068503998
16764,4266.590738928862
16765,4925.889099616624
16766,6833.329738367697
16767,7479.705023629929
16768,4901.680987989889
16769,8587.57490169974
16770,2969.608311169132
16771,5588.834284114647
16772,4149.880916808177
16773,3380.04734494115
16774,2951.6746498232037
16775,7144.479748351185
16776,6341.915541827927
16777,5715.074192272836
16778,5233.677714696169
16779,8059.4150521309675
16780,8571.60915877671
16781,4815.012612961429
16782,5676.203776996984
16783,5841.218895971917
16784,7103.747077141063
16785,5798.373772679461
16786,2342.5481526015456
16787,6150.674640987043
16788,6730.851329632628
16789,6809.79194417462
16790,6243.292430645062
16791,2884.3831340170946
16792,10060.2341744791
16793,2973.124284484721
16794,9442.116809581805
16795,5453.960509852829
16796,4855.76299952937
16797,8368.83952826823
16798,4193.28694700569
16799,4388.370716960991
16800,9436.163416596868
16801,2897.0315449357568
16802,6886.741769462307
16803,10462.229473146108
16804,6680.868859383764
16805,2559.0832145340105
16806,5320.904336770005
16807,3815.5746297848805
16808,2384.731386541376
16809,5318.76033753128
16810,6234.918694736261
16811,5370.51349892771
16812,4804.799640174168
16813,5889.775300826682
16814,4949.830078721053
16815,9618.096531957231
16816,5343.059938802355
16817,6301.109243474413
16818,4570.295310105656
16819,5278.78466850196
16820,5774.967782389702
16821,6673.03721892299
16822,8733.116440558217
16823,8923.439378300549
16824,7508.414604843369
16825,6159.87776076532
16826,5576.9295814194875
16827,2901.464346047773
16828,5761.1778782993015
16829,9448.779226829816
16830,6911.102116815741
16831,6569.47237139723
16832,14205.039148553024
16833,3471.5775835344266
16834,5396.831438139233
16835,4713.973778213654
16836,8981.090745961747
16837,10520.936467033142
16838,6819.458499359079
16839,7296.924949539211
16840,7967.545712443977
16841,8035.191039973532
16842,6095.940092232834
16843,5653.398589028631
16844,2390.2759005113608
16845,5295.558369416406
16846,3547.4619629446224
16847,3285.594338984354
16848,8191.337277457789
16849,19386.62229178383
16850,5641.029542258439
16851,3366.957489250029
16852,5109.2080253759605
16853,4686.226153922163
16854,6126.72238588095
16855,2157.171386563222
16856,6669.85682692274
16857,6940.335565488541
16858,3657.72935580167
16859,11804.739069741208
16860,12490.863228371742
16861,3745.552615977338
16862,5688.371179491766
16863,4136.652046256307
16864,3900.8045856399062
16865,4633.23333314658
16866,9490.022597664016
16867,4273.948299360763
16868,4682.604478251948
16869,5022.542343225754
16870,5772.767920259702
16871,5338.480780512076
16872,7732.470067818629
16873,3191.705942036689
16874,7705.134958861513
16875,6413.343628187071
16876,5014.049675740849
16877,4293.6954896193165
16878,4555.888123808184
16879,5003.283315546962
16880,4457.599437401648
16881,9752.213149290134
16882,4554.601587662255
16883,4237.19619163878
16884,6795.163856044019
16885,5338.493115484732
16886,5860.703626385249
16887,5295.542588997492
16888,6228.720991805517
16889,9528.068248953023
16890,6934.10683514487
16891,6153.572177319067
16892,3836.410756025269
16893,4821.382806158575
16894,6430.950095591232
16895,4216.743027193344
16896,4820.347314938691
16897,5247.5550837730425
16898,12211.79987018227
16899,8424.084441449768
16900,4752.491728369283
16901,5676.268853696213
16902,4847.006580801486
16903,7075.411515071555
16904,5316.461676863353
16905,9657.265515069541
16906,6267.52254481115
16907,5373.658784091865
16908,4358.852657660709
16909,1973.2893486336525
16910,4405.3048230419
16911,20392.55130188701
16912,2371.186981211083
16913,5501.300582404411
16914,6542.812268780819
16915,7661.980616461274
16916,7090.227205220774
16917,8102.587111158637
16918,6050.041456005775
16919,6130.615700528579
16920,2934.8398785990503
16921,7816.649583778561
16922,4124.9403113451535
16923,6691.675645351995
16924,8569.664798024083
16925,4218.205498337568
16926,7628.872945943132
16927,6654.5864069165555
16928,3636.672934620795
16929,7122.415947098798
16930,6763.244346085963
16931,2908.4878858452735
16932,8969.476555517242
16933,6409.6796552780015
16934,4947.345186090166
16935,9031.304181768113
16936,7651.767263865411
16937,6834.989504115174
16938,4637.71204414904
16939,3861.7803816359983
16940,5452.605265898612
16941,3644.2970047262147
16942,6532.0797400688825
16943,2713.816381613968
16944,6200.580485487922
16945,3207.8048208361492
16946,5599.401127247676
16947,5702.869702139033
16948,4926.795372508924
16949,5469.683816115432
16950,9248.157638843646
16951,5439.938992373374
16952,8126.081453031689
16953,5901.092645625174
16954,6217.057833312494
16955,9225.612926576976
16956,7457.3725156034125
16957,4049.002574745707
16958,5464.126537101646
16959,5578.288957138899
16960,4315.005847328467
16961,12417.02901823158
16962,6693.28705070929
16963,5978.310322339204
16964,8897.186170812565
16965,7122.555536138271
16966,2232.435765694024
16967,9167.99906119128
16968,8627.378406575675
16969,6729.949085052236
16970,7719.9973579368325
16971,8207.55319929624
16972,8475.85904310013
16973,5295.853633658696
16974,4443.885525296187
16975,3527.1032234253285
16976,6126.958778215177
16977,8074.251713388234
16978,3089.232491089485
16979,7857.746791908824
16980,7828.166819116594
16981,5154.999566569645
16982,7745.172482860997
16983,5055.233392148375
16984,7713.9946126457835
16985,2980.849690285923
16986,5087.659521713831
16987,5354.92253672453
16988,3833.058715962195
16989,6739.170808264241
16990,6551.204900194507
16991,7918.754016597383
16992,6371.22726703635
16993,4191.0446422629875
16994,5836.685994022495
16995,6939.265908381869
16996,6224.526250602473
16997,3206.8398057531076
16998,2850.9534201645943
16999,9183.221109555128
17000,6156.872840128628
17001,4014.345672853162
17002,8295.720813095017
17003,7238.887988029916
17004,6795.675705300809
17005,5146.147123707629
17006,1986.695959938552
17007,5770.01027978428
17008,6579.615641549859
17009,5597.88301919008
17010,9047.5891894276
17011,6493.8560785468335
17012,3786.8373722242823
17013,6565.0492437532
17014,3178.8903373543353
17015,1253.214101863088
17016,6916.41533971594
17017,9972.37100406738
17018,5958.189611104142
17019,4665.607297036217
17020,3367.987605424155
17021,5312.12215388026
17022,8402.04939319377
17023,6214.089259590032
17024,8918.932971043592
17025,4246.730498496368
17026,4621.25343862254
17027,3875.980427886819
17028,6584.21753737225
17029,3782.5231188149296
17030,2833.6905946165716
17031,4399.226601311865
17032,3862.6881736250784
17033,7768.11716251953
17034,4820.482427370284
17035,5830.69784658529
17036,5525.7927553852505
17037,8282.82603697715
17038,5274.506097249525
17039,3981.739832658458
17040,10044.081291762472
17041,7833.745159002996
17042,6956.884460506882
17043,2167.9887938237916
17044,5423.591053508995
17045,5698.853902596553
17046,4601.721205746142
17047,8762.32233920359
17048,8678.032132891918
17049,6831.19497416393
17050,6746.401201495657
17051,6466.917500746612
17052,8392.256710469468
17053,12481.458357919373
17054,3685.539817080521
17055,4106.073559631951
17056,5287.823714885297
17057,6111.349371604887
17058,5783.508191187005
17059,9638.981594124185
17060,7152.861443872346
17061,6544.628870032945
17062,3025.0135417030733
17063,6028.552885571095
17064,7520.5935708045645
17065,3537.183054202676
17066,6927.579580115753
17067,3427.578666193118
17068,6924.437289190662
17069,6114.479449734976
17070,5537.206855078051
17071,5548.648642943282
17072,4122.35942455025
17073,5184.386585325668
17074,7297.466662550865
17075,5645.836048187683
17076,8667.590511953007
17077,5985.140189469127
17078,8585.584738140582
17079,5535.330421009137
17080,3909.4583134009754
17081,9033.157247172638
17082,3195.5161178211742
17083,10694.584306179524
17084,5959.168791902995
17085,5129.145645841767
17086,6989.509523208503
17087,5165.5717076240235
17088,4053.7233536736303
17089,6908.87000157922
17090,3630.8627662914464
17091,3214.037694141091
17092,6368.619580556695
17093,5766.437445630123
17094,10501.093376034636
17095,5403.321497622327
17096,5572.655829189972
17097,3683.5912468147294
17098,5965.470833260864
17099,3404.2194819486886
17100,10389.627133542212
17101,7160.196545401037
17102,13145.586597744654
17103,5752.4396688559955
17104,5664.831239925556
17105,8003.503051610959
17106,7527.042291408946
17107,3102.9992012793205
17108,9227.203535909985
17109,7017.246773868862
17110,4939.135820995005
17111,5939.084625691563
17112,5090.542056607695
17113,3184.843165952179
17114,5440.7616909076
17115,3925.0948836840266
17116,3034.477359463808
17117,8048.648376828421
17118,6286.784332733396
17119,23063.21473147966
17120,7338.810319328159
17121,4037.9475974278557
17122,6517.955450596313
17123,9337.011797325971
17124,5027.384821206906
17125,6986.4795060491215
17126,4921.754106244864
17127,7442.787580419318
17128,6630.304713091735
17129,4067.7483929260416
17130,5450.937661150985
17131,6758.113192470007
17132,7198.918148191986
17133,7208.988622933786
17134,7034.082944617045
17135,4410.904430013997
17136,4199.287080708407
17137,4721.510832181308
17138,9837.660082438626
17139,10447.835760304104
17140,8903.612535889844
17141,7772.945025393422
17142,4178.767074271119
17143,5562.0362238865955
17144,3527.833192770426
17145,8525.020841565858
17146,10079.388817833375
17147,8691.440352878686
17148,5408.775061698523
17149,4994.974380419358
17150,4000.644155994836
17151,5660.015461115991
17152,10073.174414762045
17153,6188.998707749515
17154,4643.822748809
17155,4544.509044569667
17156,7834.975428068906
17157,3566.0986638782774
17158,6951.420492193961
17159,3648.8784501568016
17160,6813.19503652432
17161,6219.04334284252
17162,5432.864641655793
17163,7371.22029496222
17164,6019.518921916355
17165,4380.4579256402985
17166,6548.015278469821
17167,6882.97216330931
17168,10756.314077816874
17169,5511.450592886373
17170,6956.074187575381
17171,7599.182072123819
17172,8006.803775984704
17173,5828.028047719047
17174,8731.156665240886
17175,3605.906591328386
17176,4339.786487448966
17177,5769.380263619672
17178,6330.521506449752
17179,8559.017592620137
17180,6992.932336938369
17181,4713.552782874715
17182,6732.3750193916885
17183,6496.46328999202
17184,8680.071798651523
17185,3846.789025901147
17186,12480.824594443653
17187,4540.622089149279
17188,5488.744889305841
17189,8095.823502305433
17190,3906.592441066602
17191,5767.749899751622
17192,5903.42097293879
17193,7071.302302749086
17194,5592.1346605501785
17195,4952.6593942930285
17196,7077.46383283372
17197,7183.175009921188
17198,6740.547169761015
17199,4601.044918193479
17200,6712.716931734154
17201,10873.528260537809
17202,6095.7011977060765
17203,4669.028100203765
17204,5840.698611575434
17205,5691.263553419038
17206,5988.5735569937815
17207,7217.088722698931
17208,3818.7035178282026
17209,7239.765277919605
17210,5490.369318697097
17211,6032.082255586873
17212,8687.23228156848
17213,5131.352843734211
17214,5351.327785306887
17215,4323.52072139817
17216,7172.472642985182
17217,8188.778586600887
17218,4488.8539705840985
17219,4068.457214039732
17220,6500.001742211217
17221,5447.103132040685
17222,4912.925788015173
17223,7143.417307927084
17224,5929.397200754039
17225,7245.076605211207
17226,4838.396878992581
17227,4677.024739554664
17228,5370.125163104466
17229,7274.250906740658
17230,6615.711193459368
17231,8369.332038913864
17232,8075.0043767891575
17233,4914.0546876560265
17234,7925.968070174229
17235,5160.422914038217
17236,6009.71752385573
17237,7892.207087732602
17238,6068.866200058914
17239,9713.35922168934
17240,7577.454497715318
17241,6664.40668182328
17242,5263.60899161543
17243,7708.149134138963
17244,6980.5979075713785
17245,5525.886845704751
17246,3574.7684931651884
17247,5604.487336099849
17248,6909.255344780517
17249,5947.287075131807
17250,4271.632196667042
17251,8002.574324713702
17252,6112.345621925388
17253,5728.184142590689
17254,5695.197011667669
17255,4972.831853365949
17256,6969.142624083805
17257,7219.393091299259
17258,5680.64860974643
17259,5032.40331530232
17260,4735.158838082403
17261,6463.297005577431
17262,3157.243678477406
17263,6050.525247370182
17264,4179.945481032037
17265,7745.752863516931
17266,6607.637968962772
17267,5859.413026918916
17268,10341.43504569276
17269,4133.53977560797
17270,4646.016497264325
17271,10144.77516622045
17272,6438.871877737934
17273,7586.8793215308415
17274,7771.29307628895
17275,5503.701705725979
17276,5699.172439650997
17277,5117.187506968356
17278,7810.145682174801
17279,9157.542006134458
17280,6133.932679435021
17281,2721.4223106919094
17282,4411.472740258277
17283,8224.139290325016
17284,9408.389206177648
17285,5545.922034084748
17286,6682.131221742203
17287,4761.4285945563415
17288,4655.95214832564
17289,3039.5495699197195
17290,4638.940024219122
17291,5826.943236843843
17292,6452.632404012182
17293,6032.71313799606
17294,6258.206536011037
17295,8292.010939860385
17296,7739.08206373485
17297,7284.882590995875
17298,4378.619954702282
17299,8509.18165072526
17300,9805.917925739177
17301,5046.635265382916
17302,7354.241160170522
17303,5196.490134341231
17304,6891.098782558455
17305,3444.434272737191
17306,5878.360163661146
17307,5034.738918554491
17308,8235.74535158714
17309,7055.050787593382
17310,7633.987391609293
17311,7629.24069218182
17312,5043.188126955817
17313,7374.840671479189
17314,18489.268574867958
17315,9316.774853449886
17316,4767.221373546347
17317,2718.06734180381
17318,6698.621940722465
17319,8561.557398392264
17320,5599.245911602721
17321,11163.80060446049
17322,19667.548223010253
17323,3319.074137952847
17324,4224.722377952771
17325,8472.960039717858
17326,4290.147543211856
17327,7236.155340982015
17328,5585.504210354374
17329,7279.750999988422
17330,3804.4406598657397
17331,5749.164480458599
17332,5482.152804698348
17333,7231.555933857858
17334,8555.551330317081
17335,6127.197959248478
17336,5527.033377200483
17337,6350.354417098411
17338,4324.967728503834
17339,4802.121143694948
17340,7258.781539193111
17341,4970.147539325548
17342,5504.562750217282
17343,6854.796288431068
17344,5327.57562537125
17345,4908.751298772093
17346,6086.184084923159
17347,6221.555239357279
17348,7964.004996392238
17349,7871.979587882573
17350,7164.653043489588
17351,5149.631176595471
17352,3392.4639063705067
17353,5877.965580981035
17354,5965.168327823686
17355,5316.139163538668
17356,4053.067065054902
17357,8304.438080198906
17358,6182.846689597993
17359,9253.133150108491
17360,6111.454962631989
17361,4803.671286350033
17362,5067.805952932665
17363,4463.791474155052
17364,9375.943944909188
17365,4876.640177095433
17366,8325.100931519917
17367,13376.266660663501
17368,6980.333250977593
17369,6503.821982449004
17370,4510.580902491379
17371,4479.624843185119
17372,7395.083706563893
17373,4233.195770443317
17374,4957.8419722350345
17375,10206.878736828588
17376,5758.800204218191
17377,13650.49865343824
17378,11265.988925609145
17379,4779.035620584215
17380,6089.489285731236
17381,5407.7819663688815
17382,6053.615207128073
17383,5257.047948810952
17384,9731.617802574823
17385,7336.887514794176
17386,8593.48521724321
17387,4013.151373367991
17388,7462.416769540203
17389,4945.012056940409
17390,7991.635123260924
17391,6042.790515149042
17392,5986.9044399609675
17393,6156.905885699621
17394,5707.416597056417
17395,8634.725482281105
17396,8623.314957354925
17397,5642.3697601823915
17398,9852.237266593094
17399,6228.513208994922
17400,8345.453760944463
17401,4967.525351985035
17402,4500.53129994764
17403,4624.67909423478
17404,8173.472946462972
17405,6258.709781220718
17406,7639.742058803923
17407,5803.196057235816
17408,9091.529834502755
17409,4424.530686118476
17410,7859.334497477236
17411,6690.075659271872
17412,3553.112973091224
17413,13357.963164311475
17414,15564.721354759908
17415,6375.38511815485
17416,7324.257342281334
17417,8610.172445933844
17418,9853.354401153521
17419,10770.968608377805
17420,5690.527224563404
17421,7252.292954061466
17422,5952.55671850749
17423,7606.8960715865505
17424,4049.970455297914
17425,5542.3610027088525
17426,5020.4454391241225
17427,5165.5031364670895
17428,7315.06071350833
17429,4593.761323135254
17430,3923.8765344728185
17431,6130.914988693798
17432,3659.2545716997106
17433,3924.5088686850345
17434,5085.035994378796
17435,6121.898865398048
17436,8288.551467169242
17437,8171.66762254208
17438,6429.005077936776
17439,6107.764728729818
17440,5966.324655045098
17441,11027.890210078906
17442,6813.169984589171
17443,5383.216194719099
17444,4607.176485742069
17445,9803.144507781724
17446,4153.246278998603
17447,7567.330678525524
17448,3404.419166648275
17449,4563.293385964778
17450,6830.442102877169
17451,5591.806388906604
17452,5185.95379359081
17453,8220.446479243847
17454,9891.272375921293
17455,10679.302593759372
17456,5604.569808876755
17457,9641.966555477225
17458,3029.6242466081358
17459,4799.7860522785995
17460,6703.326201249567
17461,3637.6851480757164
17462,8441.048730216638
17463,4792.972686253283
17464,4818.54570249735
17465,9025.762042121998
17466,9112.748919242224
17467,7633.031410531683
17468,4974.087896797272
17469,4587.78884038881
17470,10262.26645385617
17471,7523.762507088371
17472,5543.557706229288
17473,5033.33018115837
17474,6621.1720553428295
17475,7874.379375581681
17476,4305.692573113993
17477,5854.802011765992
17478,7231.1304454284045
17479,8061.88544080497
17480,12853.832471569389
17481,5805.178247799384
17482,12925.203962312798
17483,6346.101640603446
17484,5450.009082359111
17485,3283.6501635276554
17486,6084.7750608637025
17487,5530.710544565149
17488,4895.90495490622
17489,7963.038138391447
17490,4850.576997169049
17491,4396.477372836983
17492,6806.621230956393
17493,3243.5414576258054
17494,7310.771534176251
17495,6322.002233941844
17496,7256.963429958733
17497,8585.066504446946
17498,4452.364643302485
17499,8364.206981067882
17500,6102.244293426872
17501,5003.706181122638
17502,5419.74072194908
17503,4769.314833719616
17504,9289.338697398282
17505,5979.70813090292
17506,4224.172689831637
17507,6842.35751075254
17508,8759.260638459544
17509,7258.418169620492
17510,5333.627223450394
17511,8285.95675488535
17512,5192.2802603787895
17513,5845.234162167579
17514,5486.189026194082
17515,9387.941250754384
17516,5945.873241865786
17517,5480.250642127428
17518,5183.462627733594
17519,5202.497207495527
17520,3906.4340197109473
17521,4920.1424904830355
17522,7946.7163562427795
17523,8868.613522487889
17524,11074.817880125538
17525,9960.208260103092
17526,7525.070524220707
17527,6924.363326653106
17528,5292.652279723618
17529,11266.129847003842
17530,9682.438997670306
17531,6355.590657095426
17532,7708.09786822516
17533,8730.134377125178
17534,5219.876252916138
17535,3247.796773964281
17536,9905.595402883151
17537,5702.272978664148
17538,6636.526724511678
17539,5701.471247188029
17540,1886.4683132735806
17541,9941.359069649643
17542,5725.82106274705
17543,5205.907710273715
17544,5113.188093185636
17545,4857.318364695462
17546,6471.0954871287795
17547,6267.440148570649
17548,6487.667882694111
17549,4968.585624652803
17550,4228.541678874366
17551,3772.002302982872
17552,3043.5288567442667
17553,6841.416337711464
17554,16258.5632768947
17555,4693.321888744712
17556,5976.599511788993
17557,6581.4901466535075
17558,5400.032907539435
17559,4992.051266109838
17560,4873.180207969306
17561,4047.629243173174
17562,7180.762673328566
17563,6921.356294083493
17564,3506.4784301118775
17565,7772.910085909105
17566,4392.137227199383
17567,4388.616563499221
17568,8593.102913557907
17569,7825.232398281101
17570,9179.060497241533
17571,4580.1737772942315
17572,6266.431133199694
17573,4342.716089965934
17574,4694.230900145553
17575,14344.545157546063
17576,9534.448717235626
17577,6202.882147151993
17578,4500.107131426942
17579,4705.473954269933
17580,5570.474317993312
17581,4518.7727398807365
17582,9026.78446302648
17583,4867.5137423419255
17584,4832.211469199978
17585,6956.2544407693995
17586,4491.694409596686
17587,5817.711339124853
17588,6076.1738256645285
17589,6856.473515830245
17590,6270.700134671075
17591,3848.4277051550143
17592,5210.0721100282835
17593,6398.214695592639
17594,8364.323132651654
17595,8939.222282006725
17596,6554.398286161488
17597,3680.2921475316384
17598,7318.648875651522
17599,5540.729851196348
17600,4229.4986402585455
17601,7418.430496186156
17602,7732.540098158429
17603,6260.217046724081
17604,5764.518725891815
17605,5872.845005043579
17606,5749.657218297432
17607,5155.024772875291
17608,7054.642342121504
17609,6941.9206967385835
17610,4603.7500263566235
17611,7831.84816219432
17612,5614.285591357723
17613,4672.175773490662
17614,11423.431773962728
17615,5547.4258624199065
17616,3399.8230303940213
17617,7331.471807603071
17618,8681.355747350268
17619,8973.721068645455
17620,4338.6676914650625
17621,5503.538150562689
17622,5580.921565845506
17623,7419.788047942097
17624,5982.417795226522
17625,8701.262943052654
17626,2815.8933532222695
17627,6225.149223071556
17628,5613.830600875899
17629,4567.107288084665
17630,4256.825877482175
17631,6478.25764418803
17632,7024.654227058525
17633,5295.057530550161
17634,7274.2094196874
17635,6264.007050023624
17636,7825.44092179238
17637,4660.762238500103
17638,5855.119342672268
17639,5747.324872591682
17640,6919.5413705356505
17641,8846.351948860127
17642,3780.8788271316917
17643,7824.066120259673
17644,6227.2114798412085
17645,7343.385684988426
17646,4764.398317065232
17647,3395.2570844236843
17648,7418.394032236141
17649,5560.440364820783
17650,9042.313946412682
17651,6276.350583784568
17652,5265.021454044678
17653,8247.022680256063
17654,6065.546928967694
17655,4999.791549306183
17656,7434.975283992737
17657,5156.965681525428
17658,8206.441122122
17659,10606.896953650034
17660,6835.572564521871
17661,3994.429760353492
17662,4814.742779499074
17663,3838.734979177342
17664,3028.113165226968
17665,7849.669327563384
17666,5295.620221964638
17667,8772.433047969856
17668,4064.110692193844
17669,6020.891731457508
17670,5591.464019761158
17671,8747.590445837144
17672,4759.628644833258
17673,5217.106721302679
17674,5128.854283939131
17675,6456.356346325038
17676,4718.17167565367
17677,7017.5196196829
17678,7747.3536853980395
17679,9181.838769756985
17680,6993.111494118624
17681,7347.139121466918
17682,5570.713239497942
17683,4205.614497580559
17684,5022.776750994737
17685,10861.411682512384
17686,8250.821063241305
17687,8191.7938764478495
17688,16096.675637952547
17689,5356.693504680189
17690,4593.522366745479
17691,5987.0685126634235
17692,8782.450534564483
17693,9385.04917336398
17694,6181.976170199013
17695,7137.684680629647
17696,8054.561241827861
17697,6608.216713152667
17698,5943.977864469639
17699,5836.033683124661
17700,4448.251384229003
17701,4634.983374595728
17702,3705.1938293892554
17703,4781.998278811056
17704,8782.540685802005
17705,16979.714712124845
17706,6026.627936522705
17707,4574.581950580557
17708,6881.626776441151
17709,3676.361496150257
17710,6042.870302984733
17711,3972.792531635003
17712,8332.860350977295
17713,6141.347552568201
17714,5865.526268963369
17715,11635.75756256184
17716,13215.07753180022
17717,5247.645781978551
17718,6396.181636634453
17719,4002.2439498408144
17720,4805.373321691643
17721,5052.228149416067
17722,8264.435795645622
17723,4671.616431216814
17724,4149.2796334091245
17725,4935.3556693558485
17726,5338.125921679329
17727,6713.338728512959
17728,7067.0454453254715
17729,3702.361259708541
17730,7022.242474759094
17731,7433.839862657247
17732,6776.377788483907
17733,4494.148052027088
17734,4257.165707454567
17735,7801.16365563494
17736,3870.181639718366
17737,9982.83864326673
17738,4127.551592846236
17739,5018.208981514643
17740,6188.9531092393045
17741,5601.588627545657
17742,4381.432727991515
17743,5460.115814439372
17744,5640.661268683311
17745,8820.613332751258
17746,8670.547083422945
17747,5524.207686428897
17748,3674.1250323282275
17749,5144.351473501691
17750,5907.012146025332
17751,4883.173390411559
17752,5327.352650245882
17753,5322.027682552989
17754,10359.443611760329
17755,7131.306832177217
17756,5871.434034972707
17757,6649.455028662955
17758,4107.511829930879
17759,9204.14928185308
17760,4915.117172450638
17761,11467.161711499873
17762,5621.693969015694
17763,4919.270315480671
17764,5248.9366946075
17765,3708.95598112339
17766,6791.784093305218
17767,17748.475980916908
17768,3943.524110067337
17769,5466.272547622427
17770,9422.652529383446
17771,6869.465208261379
17772,8516.604986350003
17773,7504.656760232902
17774,6069.052230522191
17775,4885.143015472543
17776,3982.5722266577723
17777,8419.10221480692
17778,5311.689588553769
17779,6960.062101175573
17780,7196.0684972640265
17781,4263.736657235633
17782,6920.773194679096
17783,6533.098386691729
17784,3601.42552734955
17785,8229.584539897449
17786,9029.494178634592
17787,3784.998064900815
17788,8130.091002519043
17789,6120.502177827643
17790,4759.234679076624
17791,8575.653276063014
17792,6299.015017081166
17793,8051.665757490858
17794,4479.3602290890185
17795,4298.678887967653
17796,6252.024783033194
17797,3485.159607799895
17798,7189.683220606525
17799,3952.0238255770514
17800,6206.119126385853
17801,4831.331928506181
17802,5341.372384430835
17803,5775.570994006241
17804,6833.957176459132
17805,6045.275382620234
17806,7904.585857264281
17807,5446.45723415095
17808,7760.02431480101
17809,5711.151737302933
17810,7963.624529115806
17811,8587.23803035731
17812,6425.0025360236905
17813,3217.5554574194703
17814,5488.0870003967775
17815,6615.125479039244
17816,3658.130868095612
17817,11147.793112101963
17818,5481.062711500512
17819,6761.5135479865585
17820,9446.585475061425
17821,6792.555629426072
17822,3581.1767947910457
17823,9054.920473383978
17824,9172.891693836189
17825,5471.776668058457
17826,7407.540917282084
17827,9095.936795657977
17828,5916.489618188905
17829,5057.2572159468855
17830,6977.307969866164
17831,4894.362874995721
17832,5159.6100797936915
17833,7447.692667541515
17834,4626.647129386615
17835,6359.203529711691
17836,7924.034039750407
17837,6182.348593992386
17838,7630.736834416686
17839,5492.580075340566
17840,6408.13565849085
17841,4084.24773258436
17842,7024.925436556444
17843,7115.204659408433
17844,5971.089366533142
17845,6588.926037193971
17846,6213.668001334989
17847,8423.404082056326
17848,5824.564007105173
17849,4413.763632658794
17850,5611.1343844503845
17851,7466.314614807426
17852,6161.900613196157
17853,4272.344588473028
17854,3582.5132798274853
17855,7094.713897214152
17856,6904.413973026005
17857,5076.609851137547
17858,8260.55944896668
17859,6212.788006960075
17860,6470.087316110347
17861,5221.118870612827
17862,3336.0604130789898
17863,5698.704714931746
17864,6777.344095178837
17865,6274.160703954417
17866,8070.158409640155
17867,7187.247605237545
17868,4717.2499111250845
17869,8784.563573130334
17870,3440.0992041077493
17871,2492.5449233710046
17872,7667.50909829209
17873,10192.70975100787
17874,7696.46435259081
17875,6782.805274555623
17876,3707.896002881378
17877,6802.7664672200535
17878,7683.99979527567
17879,5696.639380695987
17880,7502.5410974613105
17881,4715.940089267833
17882,4251.618588145442
17883,4727.767053964463
17884,5844.776721952345
17885,5612.40102642091
17886,4505.159194602794
17887,4495.690816024624
17888,3797.238049136755
17889,6708.605268900789
17890,6769.787876536086
17891,4897.085954328915
17892,6063.636959389489
17893,6683.812503448759
17894,5427.811589577301
17895,4634.508628681758
17896,8481.525402117528
17897,7609.804951188852
17898,5808.188183511599
17899,3542.5463596960885
17900,11644.385312551693
17901,5870.447377253794
17902,5208.036831564811
17903,7735.651172241751
17904,7335.814487616036
17905,7253.049811095578
17906,5727.644452111292
17907,6672.849557474927
17908,9645.680343918822
17909,11729.608767298323
17910,4757.744163980556
17911,4306.017155712572
17912,5333.967801635714
17913,6343.657476067323
17914,5507.503499401082
17915,7914.9167674216915
17916,8642.361522543457
17917,5227.039259418874
17918,4174.434793469787
17919,5131.3521261822525
17920,9921.776303996143
17921,4804.169112868461
17922,6549.151076104998
17923,3676.6023973796105
17924,7056.4535213406525
17925,6757.273199388777
17926,7323.683773283299
17927,6996.456703478993
17928,5738.378980247911
17929,3976.832666236344
17930,6031.9678643078505
17931,7850.954943925683
17932,8368.3690274397
17933,7578.865813266296
17934,7203.0570521782965
17935,5251.694216886639
17936,4499.226919285768
17937,9456.324348263839
17938,4150.00360275346
17939,10820.199966661983
17940,5691.409937394083
17941,4162.743816376711
17942,6421.317430872301
17943,5471.91347985969
17944,6729.989050478084
17945,8735.620164604998
17946,4257.55928302056
17947,4609.411252009306
17948,6049.104467983138
17949,7017.6133798073215
17950,9130.915843793777
17951,5013.136662679428
17952,5657.778584356278
17953,4922.993900660189
17954,5837.6170836421725
17955,5083.330750508316
17956,10041.866685649988
17957,7481.311394654405
17958,10558.22882025522
17959,4153.233383750892
17960,6222.853773326386
17961,9106.070258383646
17962,7678.371340880509
17963,4568.077585617984
17964,9186.99142527669
17965,5972.270958371533
17966,4636.175196865541
17967,4722.740443574429
17968,4689.577568587316
17969,4558.367865775416
17970,5128.235578038157
17971,4102.118088967871
17972,4652.085328705225
17973,8532.757427881326
17974,6256.288378734758
17975,21942.764590807827
17976,6448.14044869589
17977,3739.337153950853
17978,5716.482521735978
17979,8117.6204404148175
17980,4985.018968717852
17981,6115.832157114051
17982,4519.594442907351
17983,6790.09503250547
17984,6039.009594187475
17985,3625.8036033111916
17986,4862.612788362881
17987,5803.3314435971315
17988,6641.833222375606
17989,6142.136235867677
17990,7781.078494021685
17991,3878.883445847793
17992,3742.770365019309
17993,4128.844766449941
17994,8124.366620601054
17995,8716.646391213515
17996,7544.551675697183
17997,6431.291754043957
17998,3803.0192521598533
17999,4772.911333316059
18000,3282.3757494212027
18001,7309.152073682099
18002,8385.58832861855
18003,7852.917106039565
18004,4379.575814366061
18005,4477.359774597734
18006,3591.659820134546
18007,4972.02011882516
18008,8694.879427849744
18009,5207.625692469368
18010,4042.1987756195035
18011,4050.5589145849563
18012,6886.446821382828
18013,3220.788529592957
18014,5875.451116287493
18015,3205.3050204704064
18016,5815.403614729978
18017,5397.178107615548
18018,4883.312027759259
18019,6193.863703568083
18020,5461.718865971092
18021,4225.367630383901
18022,5738.076119402507
18023,5818.157562357809
18024,8845.76678935417
18025,4828.714261552427
18026,6442.874300682627
18027,6741.45884151576
18028,7088.550072590376
18029,5039.472826859709
18030,7290.833250337155
18031,3395.2148867355727
18032,4186.4780349452985
18033,5106.75242134868
18034,5420.411816473827
18035,7309.359262330821
18036,5933.035175394786
18037,4287.1140731978385
18038,5695.264394850755
18039,5865.9381994570285
18040,7494.93732793182
18041,3373.213144249955
18042,11228.874275026219
18043,3908.042675185192
18044,5197.425797609878
18045,6955.119769043549
18046,3542.826479306598
18047,4752.199629007071
18048,5032.894002747194
18049,5980.338292870945
18050,4496.210522638766
18051,4388.735811451611
18052,6300.225639778844
18053,6134.224116521085
18054,5518.131784640967
18055,4118.940781585172
18056,6090.207914823939
18057,9535.423047737499
18058,5556.653364965564
18059,4399.90156295908
18060,5082.832015912766
18061,5285.738625186046
18062,5078.103069423114
18063,6106.911491832763
18064,3333.054906212263
18065,6169.306796966507
18066,5135.192347397646
18067,5369.558495127086
18068,7635.339767746213
18069,4001.112396423643
18070,4369.092307171621
18071,3791.5798319531045
18072,6171.4145110193995
18073,7425.344477861593
18074,4224.225238385584
18075,3552.4576483586225
18076,5686.475620172661
18077,4588.455724812532
18078,4437.737822989457
18079,6272.881044539674
18080,5517.66992429805
18081,6587.992888141743
18082,4277.605600895788
18083,4161.76191688789
18084,4751.549564774612
18085,6532.554872742129
18086,6119.781090552914
18087,6820.619636327755
18088,6602.764398383777
18089,4384.266165024887
18090,6954.589271896997
18091,4486.444737379138
18092,5406.9276679371305
18093,6978.512682141078
18094,5264.6060391911205
18095,8287.790063719482
18096,6376.178785250756
18097,5759.965831334909
18098,4677.617437286869
18099,6619.601097932675
18100,5835.042290078417
18101,4976.675190053739
18102,3224.9108213473737
18103,4794.17850515287
18104,6210.440757667641
18105,4868.083511167473
18106,3701.165937027763
18107,6791.332167386391
18108,5783.415508082917
18109,5147.075781345868
18110,4659.9450492105625
18111,4366.505057363854
18112,6114.70588597182
18113,6093.828990310517
18114,5196.72866002206
18115,4372.659256787706
18116,4325.139881482874
18117,5381.878155518379
18118,2943.668379600185
18119,5363.288136313398
18120,3702.906075717395
18121,6643.036134914583
18122,6072.612071312472
18123,5390.513688671219
18124,8586.894435406262
18125,4006.9358271665374
18126,4059.6419170662207
18127,8764.23762534398
18128,5327.507979205792
18129,6503.314153291811
18130,6617.93815710368
18131,4507.477173763711
18132,4916.321560469567
18133,4750.6934217431635
18134,6859.35289426079
18135,8486.303643216259
18136,5649.1333481557185
18137,2453.649452093018
18138,4177.573879813774
18139,6761.753065391618
18140,7337.085857921959
18141,4823.348895244976
18142,5592.8592733442065
18143,4182.350153414806
18144,4366.762690221834
18145,2828.057114819262
18146,4245.631924029494
18147,5077.970745242586
18148,5444.156953284112
18149,5639.492859028585
18150,5013.957857737215
18151,6828.588409590483
18152,6706.210623059345
18153,6214.4936861127
18154,3741.4679550358082
18155,7600.956996846476
18156,8003.706719693189
18157,4451.732476556769
18158,6265.414969458295
18159,4279.519972523214
18160,5635.535749486437
18161,2903.6529373666585
18162,5412.675407679483
18163,4130.873087494063
18164,7450.115888709167
18165,6001.731967973822
18166,6575.7237969151265
18167,6923.7080333055455
18168,4533.180778418964
18169,6229.078432399035
18170,16759.989758772725
18171,7907.166662210842
18172,4159.758438614426
18173,2302.759243134592
18174,5420.047844575929
18175,7110.354641900105
18176,5044.439124396386
18177,10767.300022150246
18178,17408.645227617963
18179,3104.1199729430796
18180,3889.660621795664
18181,7689.515659522951
18182,3890.1774548811622
18183,6227.007769322591
18184,5037.150879901453
18185,6239.826146208121
18186,3382.2862268244558
18187,5074.662991277098
18188,4734.654303109553
18189,6422.178147148965
18190,7172.295236352094
18191,5216.422409318063
18192,4739.424087260575
18193,5817.433739781485
18194,3949.001224172136
18195,4217.571717928659
18196,6474.0194058388515
18197,4310.161564618636
18198,4799.831057717552
18199,5899.967136424694
18200,4904.036905645649
18201,4661.077364886784
18202,5548.700113642312
18203,5591.787037278415
18204,6828.720273006176
18205,7146.021236500844
18206,6338.082989466691
18207,4678.060799812749
18208,2809.7421673631547
18209,5145.990085427056
18210,5261.962855126575
18211,4624.7537318235845
18212,3822.5325860941575
18213,7046.976150331941
18214,5388.089133471891
18215,7943.061242919473
18216,5667.3660763263115
18217,4227.142023321749
18218,4436.165876835743
18219,4178.249906968474
18220,7763.081955339441
18221,4189.732418290268
18222,7029.011110586208
18223,12495.178955267505
18224,6032.1217178776105
18225,6666.806332325048
18226,3855.5758008474204
18227,4009.6383419645904
18228,6106.041150815708
18229,3483.337795572786
18230,4672.104301063911
18231,8827.167804134338
18232,4753.301680481272
18233,12190.928506143657
18234,10779.573200299053
18235,4000.070903283598
18236,5479.928230575752
18237,4910.040620667782
18238,5483.829175789133
18239,4672.067443898653
18240,8738.918636297229
18241,6130.781844895971
18242,7470.074592590177
18243,3831.3406980799405
18244,6458.765417055426
18245,4151.988144622104
18246,6972.4634900699175
18247,5155.027796846435
18248,5063.282694893565
18249,5312.175866715004
18250,5249.335861318494
18251,6948.912675101523
18252,7811.301162222926
18253,4867.92186567967
18254,8222.678656635235
18255,5413.305548967226
18256,7638.549093952782
18257,4504.64652492372
18258,4023.2719358554095
18259,4021.0736330803547
18260,7091.697896340347
18261,5352.89905305596
18262,6217.247889839571
18263,5076.174237453075
18264,7415.160580862183
18265,3798.6753807282203
18266,7119.167209410713
18267,5839.965767529824
18268,3232.772498656504
18269,11267.732425277552
18270,14583.491749832814
18271,5454.88198307414
18272,5840.138410685992
18273,7008.285075213259
18274,8454.993360130917
18275,9685.333216037523
18276,4723.030896998251
18277,6283.774356424813
18278,4821.603115438558
18279,6451.435826082017
18280,3541.8973709099473
18281,4789.075813534939
18282,4238.232535974871
18283,4665.466941760301
18284,6356.91840302015
18285,4347.710945173249
18286,3430.572977270952
18287,5078.634930938372
18288,3236.0472084759904
18289,3575.530665601902
18290,4608.272764685536
18291,5220.078842688149
18292,7013.166185567933
18293,6838.267210663725
18294,5821.803207281657
18295,5273.469899413316
18296,5152.225121572606
18297,9886.239194156153
18298,5954.452175460898
18299,4370.414671048788
18300,4199.7200931771995
18301,7917.5782898187
18302,3813.367707010945
18303,6261.715719990359
18304,3119.9644634609463
18305,4174.286762680656
18306,6091.793684955669
18307,4942.352324122589
18308,4416.720478412511
18309,7135.69170999788
18310,8163.776323793274
18311,9989.612803640757
18312,5198.475109872665
18313,8206.330812683938
18314,2771.337363967862
18315,4268.269942173454
18316,5214.296231425355
18317,3254.0277752512748
18318,6907.969832889086
18319,4211.5195302244865
18320,4531.1608076712055
18321,7854.029813396307
18322,8739.881841977298
18323,7360.755715506699
18324,4483.4811918270725
18325,4174.63045899155
18326,9347.47497703183
18327,6293.9328862378725
18328,5012.390951108742
18329,4260.716759400122
18330,5544.634730853374
18331,7318.397143102669
18332,3641.104704112746
18333,5247.776087610391
18334,6053.774375936388
18335,6815.550388461315
18336,11478.083570464856
18337,4834.416604724498
18338,10928.0884712431
18339,5473.045276810064
18340,4630.313262509292
18341,2981.06813767004
18342,5409.60607407537
18343,4885.5751017839475
18344,4230.96270686525
18345,6490.592110046475
18346,4070.8677716883108
18347,3804.23539813554
18348,5766.138689313064
18349,2952.2773321440723
18350,6694.945456324347
18351,5358.270562662582
18352,6448.592932222592
18353,7040.3097128191
18354,3877.751736436253
18355,7511.156922036666
18356,5656.983117611008
18357,4470.6584775419215
18358,4668.392593909314
18359,4434.976512667587
18360,8293.14486690358
18361,5340.741641084815
18362,4114.354418146144
18363,5853.269509875439
18364,7393.814830042637
18365,5932.727977101826
18366,4815.037635210614
18367,7053.968377989877
18368,4807.665512251239
18369,5091.646142367154
18370,4900.569713862332
18371,7457.445222763288
18372,5162.651381111426
18373,4946.522939111927
18374,4318.281945963704
18375,4402.290949069014
18376,3566.6356228518325
18377,4243.680496006332
18378,6792.471843583856
18379,7980.595917366069
18380,9130.984507351393
18381,8487.79949249507
18382,6397.684280492867
18383,6420.305929017978
18384,4809.506430938151
18385,9935.101884248583
18386,8529.15035947532
18387,5515.491401899085
18388,6724.016870126576
18389,7005.285842823727
18390,4786.72837032661
18391,3134.616482312091
18392,9084.787393778703
18393,5008.444689491692
18394,5715.976485137915
18395,5260.128453437639
18396,1851.9163651697013
18397,8696.54609603372
18398,5064.426080471705
18399,4470.41246189694
18400,4525.604916282336
18401,4291.089401017543
18402,5668.181873490363
18403,5874.587044428531
18404,5453.7802131408225
18405,4694.373939018979
18406,3712.089384618193
18407,3357.6233593086076
18408,2622.550271683332
18409,5745.771233172864
18410,15304.753473445087
18411,4104.497186151884
18412,4854.0882371468215
18413,5701.5729285421285
18414,4671.771976396088
18415,4261.300640173855
18416,4068.108906576135
18417,3441.1607405643954
18418,6015.52556752743
18419,5841.90302406027
18420,3214.405507883456
18421,6636.939381210134
18422,4086.0630092106853
18423,4024.4652440516024
18424,7537.025328708383
18425,6425.790098423196
18426,8422.122704512367
18427,4202.735591234131
18428,5723.451208801967
18429,3931.0519384059317
18430,4139.155133795281
18431,12720.27214749775
18432,8117.5166760244965
18433,5428.848141813302
18434,4169.390421459537
18435,3967.6903198656437
18436,4920.745416355503
18437,4180.009169109499
18438,9128.676480469341
18439,4502.842564546292
18440,4469.257367134163
18441,5895.39011082522
18442,3810.437817432638
18443,5319.264942734375
18444,5679.3026384563345
18445,5952.509374892796
18446,5414.990434472979
18447,3388.4828932649702
18448,4801.411989246204
18449,5341.323135387549
18450,7303.617354904346
18451,7678.764209188517
18452,5558.181557094933
18453,3451.959393052925
18454,6374.076262886118
18455,4959.373466011996
18456,3809.24039946811
18457,6203.17077030983
18458,6568.317109931382
18459,5472.000684190447
18460,4863.558950040516
18461,5111.567562951331
18462,4977.1988783930765
18463,4578.535204646782
18464,6086.937410748291
18465,5892.828157549204
18466,4096.948457436216
18467,6949.529620576948
18468,4814.450333104102
18469,4121.710647134954
18470,9385.453067167993
18471,4957.759131412154
18472,3115.8472796808014
18473,6490.2065638377335
18474,7062.469205815754
18475,8008.544198268859
18476,4215.354460921738
18477,4855.2659981840925
18478,5157.789171204647
18479,6434.12359411592
18480,4879.254887304143
18481,6873.181089830558
18482,2694.2616447527503
18483,4982.769686681068
18484,4666.603072184859
18485,4204.734822563118
18486,3947.1989120093303
18487,5695.0937835642235
18488,6023.756886704475
18489,4752.441256986053
18490,6545.67180299078
18491,5134.957777811149
18492,6735.863022056645
18493,4060.3304502043497
18494,5334.7557188503115
18495,5299.434791805609
18496,6006.160298059183
18497,6953.8005639003495
18498,3886.6637971611326
18499,6930.704600618908
18500,5520.867833051862
18501,6087.009813279986
18502,4261.473878107624
18503,3231.0227718031006
18504,6193.768717726883
18505,4914.079520700362
18506,7316.894967465077
18507,5527.207902809263
18508,4709.170430374298
18509,6606.350594259008
18510,5362.953471709901
18511,4536.642839850651
18512,6628.573758501325
18513,4593.728162003487
18514,7123.448613010862
18515,8603.66862362065
18516,6228.607417572074
18517,3689.2158245050223
18518,4238.614897767051
18519,3365.918837288332
18520,2729.4614445348057
18521,6584.152608604769
18522,4547.764189272526
18523,7377.48930077397
18524,3556.878907932857
18525,5388.197080978399
18526,5132.904819923458
18527,7335.312244865783
18528,4050.987900297617
18529,4508.451635818168
18530,4221.180411502172
18531,5821.693445759591
18532,4087.4943906636036
18533,6157.721273627954
18534,6626.826209185389
18535,8373.604843543304
18536,5928.560410945686
18537,6310.354291550501
18538,4944.4022234924005
18539,3879.610081888742
18540,4289.752367915475
18541,8821.162230024429
18542,7122.065101682177
18543,7565.487508848006
18544,14143.802097558795
18545,4556.686245056714
18546,4095.8383135137456
18547,5041.537220291136
18548,7243.688063173384
18549,7789.72731052209
18550,5244.611649495718
18551,6261.669440142939
18552,6590.463749358268
18553,6201.105102645537
18554,4951.1830572924255
18555,4689.200460185128
18556,3924.6336862989037
18557,3989.4244515039554
18558,3386.3282387138756
18559,4203.463739405373
18560,7236.815300787558
18561,14067.50449434394
18562,5355.726181938789
18563,4295.813865288882
18564,5766.337697375276
18565,3268.4849534261416
18566,5258.689036740841
18567,3551.7583051108127
18568,7661.998269672022
18569,5225.641615276353
18570,5184.8794084493975
18571,10371.821390376446
18572,11010.650187186351
18573,4762.690652682287
18574,5827.2879779914365
18575,3558.9041267801604
18576,4563.552421438393
18577,4733.900891890921
18578,7118.82027741055
18579,4005.7570874966946
18580,3479.402095124285
18581,4778.091870525528
18582,4652.944410574757
18583,5633.780205666387
18584,5773.591965761064
18585,3478.6827786802646
18586,5876.529857417157
18587,6357.118737947234
18588,5809.957810581665
18589,3630.697188689469
18590,3433.4019616595488
18591,6834.240538988003
18592,3521.1346107375825
18593,8387.496363987939
18594,3684.255104544578
18595,4444.1336765807555
18596,5298.359322676592
18597,4787.46492776071
18598,3787.7244898380654
18599,4592.232687796525
18600,5170.620452069594
18601,7867.978899191681
18602,7442.1557904845295
18603,4784.24080988734
18604,3419.338336513448
18605,4817.115497263898
18606,5282.101441584109
18607,4233.794250631866
18608,4772.624651536964
18609,4962.298813599701
18610,9325.946727915283
18611,6248.938117332091
18612,5270.469195787432
18613,6120.207189465382
18614,3940.725837811989
18615,7939.649208028926
18616,4447.64402475928
18617,9980.25202317842
18618,4763.145475889073
18619,4163.294253195436
18620,4323.6444563459745
18621,3185.4965560817027
18622,6298.211998785727
18623,15561.333259354396
18624,3391.4013807392776
18625,4327.156083491643
18626,7861.9834216521385
18627,5366.6983087728795
18628,7886.562830808225
18629,6364.825147423398
18630,4922.707924735113
18631,4228.281827023474
18632,3791.5308474522817
18633,7551.0979936603735
18634,4646.722501450069
18635,6068.4448639605935
18636,6176.830557972611
18637,4123.472430954558
18638,6072.09304443338
18639,5213.243813882965
18640,3365.0099189073553
18641,7560.4547624869365
18642,7608.190149051241
18643,3627.6078188600604
18644,6394.169594263067
18645,5245.992107424484
18646,4200.240606133134
18647,7401.754317598534
18648,5209.034479098325
18649,6816.721341050007
18650,3884.1968584332617
18651,3749.502102105442
18652,5739.469215151041
18653,3124.491400835545
18654,6440.01975477652
18655,3259.824942906451
18656,5400.992037287254
18657,4404.073816613515
18658,4664.857611208255
18659,5413.629874290143
18660,5948.795196676809
18661,5313.902532709917
18662,6615.93566835329
18663,4675.976718244555
18664,6214.55974720396
18665,5470.191908036661
18666,6526.694742980702
18667,7539.948006297626
18668,5988.816247513469
18669,2611.3060028882323
18670,5088.082119730158
18671,5954.401241303421
18672,3540.308040432859
18673,9731.530047232558
18674,4737.320210658624
18675,5841.407107672051
18676,8575.767463426808
18677,6029.089681102828
18678,3194.94210792072
18679,8249.803497458734
18680,8218.147764176574
18681,4777.450730609966
18682,6583.61617658404
18683,8143.087004301593
18684,4762.967933737431
18685,4482.561735642473
18686,5811.2297368625395
18687,4410.792264146291
18688,4745.486177874447
18689,6040.940823248038
18690,4122.163563935434
18691,5486.722585475815
18692,6233.613624805516
18693,5344.6380362864475
18694,5965.70401638778
18695,5036.132991440146
18696,5397.491497336989
18697,4089.3868091327204
18698,6305.397262173346
18699,5903.083068929511
18700,5421.893548937088
18701,5793.2457844272085
18702,5346.954298622786
18703,7526.220153190286
18704,4554.3311619501965
18705,4220.702318248567
18706,4674.868353562329
18707,6204.372409046806
18708,5366.803250538232
18709,3948.0919168893497
18710,3282.0387506858474
18711,6388.304332490173
18712,6112.727455238352
18713,4535.316412474237
18714,6556.988794903841
18715,5363.8513950336
18716,5493.240332488364
18717,4210.208007678581
18718,2914.66175671822
18719,4937.064449619178
18720,5563.314740555532
18721,5221.348548694375
18722,7382.637153860017
18723,6406.821542714888
18724,4336.706885277197
18725,7659.8771887260355
18726,3300.7053427486903
18727,2580.77888241122
18728,6388.59826877573
18729,9648.814408390452
18730,6617.415179968364
18731,5749.822313584216
18732,3476.148297477738
18733,5726.8236767474245
18734,6746.989206258155
18735,4589.938692634877
18736,6426.116912058008
18737,4025.3944980884685
18738,4183.960705893384
18739,4474.562560036779
18740,4643.7874920280055
18741,4906.6407776206315
18742,3839.6331264183445
18743,3810.821448355097
18744,3504.5945213323052
18745,6018.804280163881
18746,5689.66662063285
18747,4087.5846498848796
18748,5358.294451670628
18749,5516.338195716792
18750,4912.605573619893
18751,4665.565089676902
18752,6911.40110892201
18753,6427.222709924752
18754,5001.895970575759
18755,3090.135621953273
18756,9218.451748265385
18757,5058.092136236798
18758,4267.315292441461
18759,6502.024172446997
18760,6486.708051164888
18761,6150.50542796843
18762,4905.236197181939
18763,6168.516063632223
18764,7453.0113942061935
18765,10468.343249020729
18766,3878.3225121669775
18767,3547.9070870037053
18768,4327.139893055153
18769,5573.600979774951
18770,4778.287270153956
18771,6778.581433756069
18772,7286.362091513255
18773,4785.911931135605
18774,3481.757794866029
18775,4592.336403951764
18776,9181.216443831103
18777,4000.00580425208
18778,5679.223992577319
18779,3397.118741510249
18780,5938.412675315466
18781,6181.326788439112
18782,6186.740676730736
18783,6309.34262671414
18784,5044.658422679734
18785,3432.64157109814
18786,5274.255634860744
18787,6320.70369511386
18788,6941.607418927948
18789,6317.091602920722
18790,6158.407855380756
18791,4764.438805957904
18792,3923.038332592784
18793,8146.149415205123
18794,3724.8597125774468
18795,9329.540922068683
18796,4936.071111735465
18797,3544.298371072685
18798,5672.40167420997
18799,5173.086804183252
18800,5935.0741218262665
18801,7494.266645313174
18802,3642.447395948898
18803,3873.364380136384
18804,5456.249534024755
18805,6114.366410304169
18806,8123.836088109244
18807,4237.5578610531975
18808,5293.153166413937
18809,4614.906891284843
18810,5068.252947264349
18811,4468.001778163004
18812,8156.299518653715
18813,6607.858613719308
18814,9710.120882663088
18815,3645.515501545787
18816,4972.873166968662
18817,8214.25089285018
18818,7087.923360867704
18819,3875.7296721760313
18820,7974.713511452973
18821,5582.497596857256
18822,4010.548491967349
18823,4235.794491813101
18824,3784.2006148203645
18825,4344.31726066115
18826,4529.188913978862
18827,3783.3725675863716
18828,4095.104459287425
18829,7160.047214658057
18830,5792.868826072585
18831,19303.659187502682
18832,5240.6129848352675
18833,4033.682969090291
18834,5886.815405757542
18835,8401.529201165782
18836,4996.17349775643
18837,6504.74593281971
18838,4878.079503904986
18839,7309.749662063388
18840,6476.158404771274
18841,3909.2889353356354
18842,5099.361008857784
18843,6015.432464855181
18844,7111.982941761252
18845,6429.086249025291
18846,7921.305447251329
18847,4033.588898821983
18848,3899.782732595798
18849,4265.103488036843
18850,8429.387965148127
18851,9105.60617698959
18852,7697.836282321459
18853,6837.460120584288
18854,3737.1583493785593
18855,4982.815383823947
18856,3478.2356401304487
18857,7722.132096972284
18858,8608.270142575184
18859,8310.665866934494
18860,4542.5943025674505
18861,4616.213799495368
18862,3681.682155788976
18863,5257.007699434714
18864,9210.886458347068
18865,5462.968300689929
18866,4093.1380644671394
18867,4178.40782833762
18868,6858.835595402316
18869,3164.450710549541
18870,6220.509025175648
18871,3283.0453862493277
18872,5892.9450015204675
18873,5524.737920147945
18874,5083.18240231238
18875,6444.1932444093345
18876,5710.421061478395
18877,4541.54362828028
18878,6171.43962993637
18879,6016.047938392254
18880,8870.017903173633
18881,5154.38536080359
18882,6721.873084914652
18883,7032.8527378113
18884,7531.741940721574
18885,5458.840753913575
18886,7450.492276662271
18887,3487.356472183448
18888,4466.584064193169
18889,5434.763958706132
18890,5586.072772484567
18891,7582.93596880312
18892,6219.3636960637095
18893,4594.887700821297
18894,5982.300938072368
18895,6266.768589057527
18896,7438.075243151499
18897,3561.25131262605
18898,11996.274982657544
18899,4078.9700056901
18900,5623.222217486982
18901,7133.501704272559
18902,3767.8752609142593
18903,4946.395691463709
18904,5241.87238536809
18905,6324.521524496291
18906,4625.851866009827
18907,4590.052346980344
18908,6739.311489592223
18909,6546.090082815916
18910,5630.207945124471
18911,4376.726876740449
18912,6416.012716401901
18913,9976.589905488789
18914,5871.658895273584
18915,4746.907933175315
18916,5389.840524615779
18917,5667.663276865696
18918,5362.8032336294955
18919,6475.29306723678
18920,3464.0632402862084
18921,6359.488767717615
18922,5562.344847699454
18923,5605.677901770431
18924,8208.059202978644
18925,4261.415019429736
18926,4487.774707390383
18927,3968.0378996667155
18928,6605.228898543167
18929,7617.0626777291845
18930,4614.9763265522015
18931,3711.8686094631585
18932,6011.839950599547
18933,4882.266661630395
18934,4589.213228981241
18935,6744.825559951835
18936,5706.512161200856
18937,6849.321899003858
18938,4553.675114594308
18939,4408.357156569088
18940,4957.573489741282
18941,6783.831085241859
18942,6490.492410861321
18943,7020.144894646105
18944,6956.085411824018
18945,4540.691939684331
18946,7149.223609379839
18947,4857.848598962174
18948,5597.300818291824
18949,7366.128239529566
18950,5599.252617931157
18951,8651.335280380288
18952,6949.122819747231
18953,5979.529125957767
18954,4812.387085171526
18955,6886.28213883044
18956,5998.033471200435
18957,5226.17419516365
18958,3441.395710802255
18959,4890.719883468454
18960,6642.327649769242
18961,5009.995858064924
18962,3822.263199991519
18963,7126.592063599662
18964,6151.5306765335
18965,5495.925402423941
18966,4715.246350308967
18967,4664.60443677667
18968,6395.654470527723
18969,5974.068138700644
18970,5372.470466320669
18971,4605.665038277714
18972,4736.271622441707
18973,5795.403839482008
18974,3117.429063307852
18975,5626.099509942097
18976,3970.7719159585668
18977,6939.003842557203
18978,6542.808659518581
18979,5817.2035822888165
18980,9072.5281832471
18981,4619.96243407793
18982,4327.895148783952
18983,9169.361587623425
18984,5475.81143416569
18985,6683.452416136939
18986,6896.115544897988
18987,4405.933763780541
18988,5220.588144479391
18989,5076.231354104171
18990,7113.620288023744
18991,8986.360398701034
18992,5802.700006293543
18993,2519.0289779206755
18994,4516.850071669193
18995,7194.499654596057
18996,7507.82848720344
18997,5089.916657928235
18998,5881.348377856918
18999,4353.71556971895
19000,4649.812952879443
19001,2994.1178288139417
19002,4462.640105231027
19003,5236.546942539187
19004,5849.6265072953065
19005,6013.078637250324
19006,5363.1063441923125
19007,7276.242314739059
19008,6833.111094147093
19009,6543.996403388969
19010,3909.7182072300343
19011,8037.7458802877345
19012,8309.314109697067
19013,4559.929858721044
19014,6509.978055063152
19015,4512.145559690414
19016,5984.666989455601
19017,2869.1103540233667
19018,5752.727851627616
19019,4212.44789304077
19020,7922.918779346367
19021,5988.501063210882
19022,6806.8756248844475
19023,7187.124683412359
19024,4596.495139401398
19025,6626.8749685594685
19026,17340.354928564408
19027,8202.914973415469
19028,4456.855691371193
19029,2376.583051188977
19030,5653.235825848216
19031,7184.168067878612
19032,5216.930511298485
19033,11427.425559041829
19034,17390.760357097675
19035,3335.50379333323
19036,4195.467740245823
19037,7349.076888020609
19038,4197.931923292161
19039,6446.169747245542
19040,5201.742573196599
19041,6629.833615114905
19042,3471.6589676746034
19043,5489.875910902117
19044,5143.547205961853
19045,6727.578233927967
19046,7557.219513357057
19047,5368.924075673731
19048,4968.398598790469
19049,6210.407460097568
19050,4283.553701301023
19051,4520.477869219946
19052,7005.690449139407
19053,4517.5641052784085
19054,5023.114485387365
19055,6137.023698123294
19056,5187.7093456467865
19057,4918.799340862686
19058,5816.791959685193
19059,5879.026434476756
19060,7044.500201908898
19061,7516.002831121552
19062,6449.275745447564
19063,4974.41506720588
19064,2861.3186299668596
19065,5288.852349411601
19066,5477.041240865316
19067,4787.101508432403
19068,4095.9964159098463
19069,7236.93920439164
19070,5590.724279558289
19071,8334.247068423183
19072,5984.580262331406
19073,4371.420106517409
19074,4530.928318566631
19075,4248.127756387726
19076,7896.560018033754
19077,4353.500315879918
19078,7208.110481999915
19079,12933.93341240833
19080,6245.03811334733
19081,6214.36087837803
19082,3891.323716715129
19083,4188.003489328257
19084,6219.148956997236
19085,3524.6399913778137
19086,4946.332628288818
19087,8602.857249918514
19088,4924.062278551675
19089,12587.95991864441
19090,11142.065103896868
19091,4194.928182888933
19092,5741.53709866667
19093,5187.697960550379
19094,5823.1911771891955
19095,4830.794515102479
19096,9514.571816815302
19097,6219.88499799873
19098,7348.219759250062
19099,4003.138155591649
19100,6882.0700151743995
19101,4316.809891858938
19102,7527.512339371499
19103,5424.549497629258
19104,5218.83638960583
19105,5634.644924752898
19106,5556.783833024404
19107,7183.250250154012
19108,8083.988476311453
19109,5070.80417581137
19110,8411.52366458891
19111,5673.462919398379
19112,8048.0125330465635
19113,4778.714902147609
19114,4327.961291179647
19115,4209.74658442482
19116,7348.89257656513
19117,5491.103890475297
19118,6320.627893324828
19119,5364.821835247001
19120,7685.808932267797
19121,4084.3121494311863
19122,7308.248263203929
19123,6170.1756173358335
19124,3386.2859767517316
19125,11647.711297839216
19126,14951.296263793289
19127,5655.00593913909
19128,6038.393923270151
19129,7239.763385896114
19130,8823.183930901705
19131,9180.768898284983
19132,4796.876035635296
19133,6700.319661567683
19134,4998.667068413052
19135,6752.722090898136
19136,3667.955870469296
19137,4932.105514607429
19138,4466.111221569124
19139,4899.805015833486
19140,6613.266238746351
19141,4612.710272721395
19142,3481.7507176291474
19143,5304.122132715365
19144,3220.6935393708977
19145,3890.914067296423
19146,4887.063687582117
19147,5551.89408422239
19148,7392.990953024585
19149,7306.762532423274
19150,6120.026786529132
19151,5543.156138004559
19152,5380.753163530366
19153,9506.580491554681
19154,6258.085773986416
19155,4453.269948440769
19156,4504.3137444878075
19157,8055.359907886713
19158,4075.6248998153783
19159,6630.727547976744
19160,3190.165198460303
19161,4549.865866049978
19162,6196.2068179861335
19163,5168.9236098869615
19164,4562.125264739023
19165,7469.956026413266
19166,8506.424694455993
19167,10064.419920562274
19168,5354.08254181619
19169,8483.277046025898
19170,2936.5694406483053
19171,4476.7377184215065
19172,5480.10401988894
19173,3376.2340637806788
19174,7159.016362553062
19175,4350.261338051988
19176,4884.4356375791385
19177,8224.024080379293
19178,9103.52887402135
19179,7037.65264145463
19180,4676.613407079355
19181,4215.501545857253
19182,11009.54446162787
19183,6682.1915148650005
19184,5270.33438998456
19185,4513.015537304407
19186,5920.289127143579
19187,7487.629431800562
19188,3923.628260478645
19189,5575.240188321527
19190,6304.475064392905
19191,6996.665583056129
19192,11710.274490837472
19193,5036.2216249589355
19194,11383.12203158539
19195,5775.055114146983
19196,4470.215308103853
19197,2910.5233651708513
19198,5556.200247075823
19199,5046.729218903395
19200,4504.3549312026535
19201,6590.5409879536455
19202,4388.11538860814
19203,3855.035401801063
19204,5951.264192396507
19205,3138.976245551224
19206,7166.735741464092
19207,5695.623825212152
19208,6680.2333261467775
19209,7363.586309300606
19210,4118.848211154253
19211,7962.31073615252
19212,6206.461366197986
19213,4792.308555687688
19214,5025.213505964494
19215,4738.976858662408
19216,8551.73245367042
19217,5703.422891285919
19218,4314.282913613377
19219,6024.890978108266
19220,7523.180142775786
19221,6171.133404304844
19222,5055.240473884959
19223,7527.3633641241095
19224,5103.235942465133
19225,5387.397614983485
19226,5155.104452648119
19227,7722.4485622861675
19228,5266.734085027792
19229,5140.814210427258
19230,4483.053144313622
19231,4573.686370300305
19232,3854.1419767398656
19233,4184.5826548274645
19234,6981.083232537826
19235,8159.697774473688
19236,9516.342168235544
19237,8730.540408251067
19238,6618.125460793281
19239,7049.66375600019
19240,4675.510347066059
19241,10584.611170590479
19242,9055.037124954255
19243,5692.509798410406
19244,7075.483598844602
19245,7179.761738964832
19246,4983.593771717456
19247,3345.1204660193416
19248,9745.32804727654
19249,5482.270482273069
19250,5936.760495272793
19251,5515.805934242029
19252,1984.7411285530536
19253,8881.502195318146
19254,5328.363605010388
19255,4693.073054490426
19256,4310.051787148608
19257,4502.181799979043
19258,5945.437857565913
19259,6103.813881904188
19260,5585.536097695054
19261,4965.55913676656
19262,3853.9377869086493
19263,3591.4528924048163
19264,2550.1582797249666
19265,6022.595074213026
19266,16184.390727533153
19267,4266.4786808251565
19268,5160.208971113843
19269,6008.156545046567
19270,4668.392469557629
19271,4429.049681761201
19272,4352.635606054412
19273,3552.7229233573476
19274,6351.78426841827
19275,5985.533828812876
19276,3318.1769636843096
19277,7141.453261127136
19278,4202.489585618735
19279,4227.214641298066
19280,7988.5837660459265
19281,6779.636869441978
19282,8912.46214759871
19283,4387.535321283756
19284,5947.112870871415
19285,4142.5693989601305
19286,4403.84061167769
19287,13355.99403560434
19288,8335.31511922282
19289,5608.261331514355
19290,4400.869602735652
19291,4150.576962726993
19292,5162.898847292442
19293,4198.285803682048
19294,8427.49920778183
19295,4736.229550771777
19296,4936.5708997346555
19297,6003.234398439954
19298,3971.595740618388
19299,5535.067254424862
19300,5875.133699771154
19301,6121.847600342154
19302,5613.431266863346
19303,3505.293683830301
19304,5206.313310769216
19305,5523.521478549769
19306,7683.75135970042
19307,7800.8490189478025
19308,5930.358099713121
19309,3633.527573257221
19310,6973.740132068132
19311,5088.412130865049
19312,3974.6831345447945
19313,6344.658369918864
19314,6906.927910806019
19315,5653.300216964475
19316,5171.609434027838
19317,5419.209465216395
19318,5233.93166959822
19319,4910.390627498881
19320,6008.358614897526
19321,6021.782204262752
19322,4145.22348498718
19323,7439.862385774652
19324,4984.959197336442
19325,4297.542694942505
19326,9811.019544909717
19327,4970.998678828226
19328,3413.8456807921752
19329,6732.003389564428
19330,7350.110281466247
19331,8274.172629392424
19332,4503.981589783253
19333,5104.546225888615
19334,5583.58742946064
19335,6790.389327566011
19336,5086.215833065514
19337,7004.956459569725
19338,2846.4604751433744
19339,5164.309634417974
19340,4935.94682942117
19341,4505.684218947035
19342,4174.900488203125
19343,6015.796487718119
19344,6389.529174240709
19345,5014.182406032274
19346,6807.653596471214
19347,5374.260514212876
19348,7063.611467688992
19349,4216.705765686609
19350,5692.2234930066315
19351,5587.6914314302485
19352,6343.450943694231
19353,7065.913516975985
19354,3278.035629110329
19355,7347.24351942935
19356,5679.268897038666
19357,6394.531010438916
19358,4426.028498476407
19359,3390.1144439169834
19360,6509.245471620418
19361,5069.461354905303
19362,7749.087718758554
19363,5620.756982085247
19364,4936.877530760412
19365,6784.1535823244185
19366,5524.3814554073915
19367,4600.66358835328
19368,7125.781606546904
19369,4668.3376913309785
19370,7322.269506095899
19371,8974.603748848202
19372,6514.433746291556
19373,3865.779422712985
19374,4396.328017414947
19375,3464.065985814744
19376,2782.035694820283
19377,6766.376609319274
19378,4690.517964057199
19379,7665.426702589062
19380,3625.4582626963315
19381,5488.272731383062
19382,5330.727478119546
19383,7716.853553449819
19384,4249.940533976905
19385,4701.554867813013
19386,4400.8938078580795
19387,6160.8683342238155
19388,4300.2405501136345
19389,6330.740907355671
19390,6772.742331805106
19391,8687.838603900487
19392,6142.284854436137
19393,6647.060679820704
19394,4991.267024807787
19395,4085.0730854261606
19396,4410.681230667457
19397,9333.953160315898
19398,7426.336319165518
19399,8261.640934218967
19400,14735.402799925292
19401,4715.05514360209
19402,4307.98696048292
19403,5090.573604856195
19404,7523.11047705196
19405,7942.5365527030235
19406,5460.13147107678
19407,6692.0936220155845
19408,6982.933483648807
19409,6689.554173145474
19410,5114.591468906113
19411,4760.102407408065
19412,4013.6842352339386
19413,4170.003051443997
19414,3507.6240733106406
19415,4285.843303601193
19416,7434.01778168161
19417,14443.769182943126
19418,5767.399276148846
19419,4458.453831756273
19420,5959.264755255642
19421,3361.6200124029883
19422,5520.771581602406
19423,3580.537398307721
19424,7865.017621952974
19425,5547.723980115756
19426,5461.164453647916
19427,10703.953340547476
19428,11628.728504656676
19429,4948.508049452909
19430,6003.966533801985
19431,3434.671583889456
19432,4907.482555181762
19433,5096.339407984875
19434,7347.403363116983
19435,4197.230217416164
19436,3571.3870665699674
19437,5093.258000322592
19438,4820.361012190837
19439,5791.851942036115
19440,5809.693143612941
19441,3587.897905692577
19442,6084.678147510691
19443,6581.7378845608855
19444,5898.88150285474
19445,3734.506721612931
19446,3576.004687548477
19447,7187.175085769289
19448,3728.3372774906907
19449,8785.2551514307
19450,3755.451921921077
19451,4460.182281685695
19452,5456.7849830900595
19453,5076.128759972203
19454,4031.5464899319422
19455,4793.529262855344
19456,5401.254334831453
19457,8267.53148007659
19458,7547.92612599757
19459,5001.795147235979
19460,3566.3229262495993
19461,5160.447704128008
19462,5527.881230312212
19463,4485.881472151073
19464,5017.749996219521
19465,5270.787302540801
19466,10075.711162843823
19467,6454.110096531963
19468,5396.934349431979
19469,6459.1009556246
19470,4168.584599121679
19471,8228.419825708443
19472,4674.884717696725
19473,10131.056191260916
19474,5047.247155441422
19475,4308.61033302407
19476,4504.274052085458
19477,3102.850218718278
19478,6632.18559268859
19479,16289.211008331955
19480,3521.9300006110043
19481,4441.185955630313
19482,7862.954598072646
19483,5630.631425474951
19484,8186.773660687369
19485,6804.256536454345
19486,5099.028779596411
19487,4575.897635525231
19488,3998.0131032611225
19489,7968.5386094546675
19490,4950.921259375295
19491,6007.182166607731
19492,6517.967670409923
19493,4527.4835247429555
19494,6271.851364651875
19495,5183.6364051070805
19496,3543.355681268305
19497,7846.924277039534
19498,7709.334762429442
19499,3869.2505361654016
19500,6734.360116279954
19501,5511.748491831553
19502,4242.885031137367
19503,7766.986230829732
19504,5488.19443100625
19505,7043.563430293174
19506,4080.3950092166133
19507,3879.849584288708
19508,6367.42542457496
19509,3148.642957331001
19510,6891.3792838652225
19511,3391.5265965933722
19512,5640.788376647577
19513,4600.178721479046
19514,5002.351876839645
19515,5759.027931319905
19516,6246.480783076967
19517,5485.948305194121
19518,6769.816976755738
19519,4922.418008695966
19520,6419.26316252213
19521,5758.479270606099
19522,6769.186366265776
19523,8052.60365475392
19524,6248.3661779774775
19525,2695.3466487217174
19526,5454.671298799176
19527,6264.3413575489285
19528,4060.4452310740717
19529,10105.520996585949
19530,4963.243543541304
19531,6011.094345819871
19532,8845.343369818873
19533,6191.1606972785075
19534,3301.7026779571693
19535,8605.273192023571
19536,8609.496436058265
19537,5057.323358590002
19538,6821.967618266162
19539,8403.56928470556
19540,5040.643256150988
19541,4704.032802466251
19542,6055.4116749809145
19543,4716.039514586463
19544,5077.4453097836495
19545,6231.89984286983
19546,4271.07109217686
19547,5866.777240035305
19548,6507.041455704062
19549,5604.797068234271
19550,6196.769844061152
19551,5331.167850187451
19552,5605.509194080057
19553,3990.7569244961423
19554,6573.177917532815
19555,6216.691312679231
19556,5391.400601506784
19557,6080.665455136367
19558,5743.282202753784
19559,7895.204167902122
19560,4742.559091131572
19561,4456.174095869286
19562,4936.511840857496
19563,6485.2117039967125
19564,5628.686940366664
19565,4158.019460524252
19566,3442.0643391781878
19567,6796.28591606201
19568,6479.939986744491
19569,4776.552178401958
19570,6848.905092024247
19571,5660.735870723141
19572,5783.279232628271
19573,4348.7597969295175
19574,2941.224499672858
19575,5317.764546371391
19576,5861.092725420863
19577,5502.616421543453
19578,7673.130173729947
19579,6754.659496020713
19580,4583.848907408699
19581,7607.515054096043
19582,3433.781318265609
19583,2712.9554618925317
19584,6583.996742025358
19585,10481.517672852395
19586,6735.322545439336
19587,6070.2717628185255
19588,3613.2528205656718
19589,6022.357059566819
19590,6868.914696414701
19591,4855.545264405804
19592,6653.226608025387
19593,4146.710156270783
19594,4442.21929580414
19595,4688.892394718654
19596,4788.951937923448
19597,5100.726335076542
19598,3933.5471419975916
19599,3913.8615966876523
19600,3689.760968992727
19601,6408.939234492838
19602,5743.492515620381
19603,4304.6656579320515
19604,5615.767689482291
19605,5785.70807415244
19606,4839.439547799987
19607,5020.562514506943
19608,7030.150862222644
19609,6615.8729092406375
19610,5111.044902760666
19611,3192.6603673132913
19612,9457.200878973112
19613,5197.363209699375
19614,4464.529836639961
19615,6696.811394901808
19616,7050.0058298722915
19617,6430.842886833865
19618,5204.882354139696
19619,6459.203918769395
19620,7807.480179459736
19621,10864.065092560593
19622,3909.8107322447318
19623,3711.0607255110885
19624,4513.479203681116
19625,5714.951236011803
19626,4833.827742620029
19627,7190.156249373324
19628,7387.439444346091
19629,5213.67279064859
19630,3490.9322144339044
19631,4814.482310494123
19632,9134.733014878571
19633,4195.225656570206
19634,5870.614857726929
19635,3480.171949855605
19636,6055.9942426786465
19637,6444.295910542397
19638,6465.058832424287
19639,6574.8014740155095
19640,5348.327358461863
19641,3589.071957077612
19642,5480.541292653953
19643,6619.819465774546
19644,6865.399201188565
19645,6639.326097217654
19646,6585.689327305128
19647,4853.488890195039
19648,3833.3884608201047
19649,8496.140567899118
19650,3873.9888720166946
19651,9843.766769991258
19652,5159.908726149805
19653,3792.457161971249
19654,5980.461815300407
19655,5377.225003681728
19656,6266.759886557054
19657,8025.977680775964
19658,3624.4905658958915
19659,3968.4002335579808
19660,5845.769285623716
19661,6418.977929389883
19662,8734.009751736368
19663,4711.010455515373
19664,5539.017625976264
19665,4735.473638238612
19666,5320.18765346124
19667,4586.109631718221
19668,8387.942369167049
19669,6973.296014908535
19670,10395.546101381347
19671,3969.3770032783623
19672,5248.109557110874
19673,8668.32777599135
19674,7393.677865155733
19675,4025.4207178681736
19676,8273.72567351111
19677,6003.113915242009
19678,4238.260785461764
19679,4306.366365275606
19680,3942.242627815729
19681,4560.867850762513
19682,4673.746895243192
19683,4016.172838822794
19684,4231.103742984614
19685,7296.835016263292
19686,6043.009687293112
19687,19556.344977916622
19688,5503.005789929564
19689,3941.972860039228
19690,5824.742971451923
19691,8825.313659780713
19692,4886.974391163174
19693,6468.975269969508
19694,4896.9419119755685
19695,7013.798433495963
19696,6408.1153351758985
19697,3815.3876534630876
19698,5041.9117517084505
19699,5888.021780665881
19700,7140.45976665437
19701,6397.625335579555
19702,7914.336534176083
19703,3951.6326711237957
19704,3900.2246175928167
19705,4198.9781467694365
19706,8256.141220584288
19707,9075.696509453186
19708,7650.393140799165
19709,6778.336577496792
19710,3838.9698065850603
19711,4904.572286266183
19712,3458.8401772113684
19713,7780.709358225617
19714,8359.796434085301
19715,8321.048767873088
19716,4386.084176283184
19717,4506.838039481807
19718,3826.037058728636
19719,5184.556877587531
19720,9037.659063561436
19721,5470.9249516335885
19722,3954.3745023326787
19723,4172.503933015744
19724,6743.319037729828
19725,3236.540402610406
19726,6107.399207141129
19727,3189.00259815479
19728,5743.775716182081
19729,5411.968949134868
19730,5147.930079136113
19731,6360.219327367725
19732,5653.632984923504
19733,4400.804079805924
19734,6258.043844598371
19735,5739.3393023779645
19736,8587.036584098734
19737,5173.386888189991
19738,6720.1277082830175
19739,6825.9783181644625
19740,7560.7115263479545
19741,5486.045892666889
19742,7408.697100303803
19743,3467.0277303805146
19744,4473.782719454846
19745,5411.570056335798
19746,5601.253531273568
19747,7538.156876654921
19748,6170.020027505381
19749,4611.805337003799
19750,5987.086203475903
19751,6200.885811683503
19752,7403.5081229361
19753,3636.6961194127357
19754,11829.39664062647
19755,4052.04253826884
19756,5612.393011356187
19757,7138.238467733162
19758,3791.5860854276048
19759,4800.77234300341
19760,5245.170775195352
19761,6259.1139707153125
19762,4531.776989615955
19763,4516.54211384975
19764,6761.20931336891
19765,6607.454392917826
19766,5552.560082062922
19767,4357.8680373567195
19768,6379.172199789498
19769,9884.755009800923
19770,5939.576955240596
19771,4777.858321983899
19772,5281.265873782034
19773,5693.501930846584
19774,5304.134506105722
19775,6369.050150358796
19776,3472.672598894058
19777,6321.910862786699
19778,5580.059413738021
19779,5557.490583276878
19780,8151.759163179271
19781,4287.136235121648
19782,4258.405288158782
19783,3916.6823501627346
19784,6574.507588140065
19785,7698.2157093619735
19786,4678.615939413646
19787,3673.5831476234025
19788,5974.091734986353
19789,4867.832169323208
19790,4478.09298468861
19791,6645.969720082088
19792,5703.060428348481
19793,6866.3221566102875
19794,4543.478088817809
19795,4395.211088128275
19796,4936.63174313367
19797,6683.933111553996
19798,6506.392035328547
19799,6800.994827154533
19800,6767.062256454758
19801,4521.621784975522
19802,7013.966164018172
19803,4834.312060552162
19804,5461.939503941648
19805,7395.562019853739
19806,5592.678101341243
19807,8615.023603848054
19808,6696.187114810215
19809,5955.2382463711
19810,4719.747441601702
19811,6899.782351457906
19812,5955.30663124531
19813,5214.115263526057
19814,3469.649658423668
19815,5061.9409446702775
19816,6663.609432238791
19817,4838.136065108279
19818,3756.863409613089
19819,7157.320351019941
19820,6195.071314979533
19821,5522.7729720183925
19822,4652.620650895515
19823,4639.840306269935
19824,6439.337570733753
19825,5916.404247150864
19826,5295.464834453053
19827,4542.421656192171
19828,4767.399568080989
19829,5749.7343237212035
19830,3133.420200953551
19831,5890.02704680145
19832,3908.1739503742824
19833,6845.248408199839
19834,6501.8188423150405
19835,5753.530997887747
19836,9040.854035947199
19837,4382.964556797084
19838,4273.783660585733
19839,9146.413696500955
19840,5308.003625295551
19841,6626.075529666624
19842,6920.768079535223
19843,4257.219191226303
19844,5201.761593505854
19845,5065.053211347317
19846,7171.686980134304
19847,9013.963661387048
19848,5789.236322736816
19849,2476.965612942357
19850,4356.159298061227
19851,7035.8756514029465
19852,7276.63347706899
19853,4995.510405761895
19854,5928.38190977731
19855,4318.113209536493
19856,4638.397213792657
19857,3039.8724507817374
19858,4471.311946634978
19859,5195.4503154856575
19860,5808.9393093845765
19861,6066.923679218637
19862,5551.475689118245
19863,7224.671398584345
19864,6733.265895463217
19865,6579.341589649165
19866,3790.3341475339353
19867,8076.9988945149835
19868,8107.190421912843
19869,4497.397602352425
19870,6582.078013716971
19871,4403.070634957995
19872,5915.610069417407
19873,2830.464536397881
19874,5757.540574639559
19875,4047.5386291674276
19876,7911.34305207262
19877,5958.918898400173
19878,6743.853737673473
19879,7186.079206657922
19880,4536.958902151805
19881,6599.698929178233
19882,17216.908376386644
19883,8016.267769765498
19884,4478.072914547462
19885,2347.405259870597
19886,5649.613466442668
19887,7163.619123711155
19888,5184.8508424470965
19889,11382.30361163533
19890,16942.090907452377
19891,3353.4218737428173
19892,4223.832253238611
19893,7213.205773503667
19894,4017.748982372397
19895,6511.893076191196
19896,5122.398317692867
19897,6640.339983060023
19898,3463.9139881315255
19899,5458.720215819371
19900,5109.50676195439
19901,6691.275881709783
19902,7530.292242933684
19903,5268.714685564971
19904,4916.89340788981
19905,6198.288387072442
19906,4269.34096440736
19907,4485.306397318161
19908,7041.482381099789
19909,4500.198946224762
19910,4992.021627935776
19911,6123.357810268534
19912,5226.239840650119
19913,4852.83653041889
19914,5777.300798287491
19915,5844.70266259481
19916,6954.426827948532
19917,7693.460120110439
19918,6480.310289949911
19919,4883.282852115102
19920,2831.95809642327
19921,5129.548676688555
19922,5379.765419012388
19923,4717.416021962035
19924,4139.7127018186575
19925,7193.155664534432
19926,5486.491989060253
19927,8300.980664270128
19928,5966.081827393249
19929,4285.5138608990555
19930,4450.1977496740765
19931,4256.974795468934
19932,7733.346944378482
19933,4285.79958668458
19934,7205.417184466971
19935,12757.878848146374
19936,6135.169037319409
19937,6356.236553618164
19938,3758.6649139707506
19939,4192.264039027976
19940,6122.797039789566
19941,3528.044007763731
19942,4943.764256852629
19943,8611.88974713305
19944,4779.915782677718
19945,12727.995272030643
19946,11074.655425938816
19947,4113.637136318965
19948,5726.44759550521
19949,5246.091104995472
19950,5768.341339140709
19951,4837.955724932124
19952,9584.786056867251
19953,6037.108169182804
19954,7506.557488845906
19955,4045.19859828928
19956,6916.4296771361305
19957,4197.745076303718
19958,7525.214501155225
19959,5410.987739240693
19960,5109.245240274414
19961,5610.394624590259
19962,5523.194793396604
19963,6962.274667344061
19964,8145.032613703725
19965,4950.729877756805
19966,8367.309907428853
19967,5623.5941636637035
19968,8327.75602763575
19969,4856.31020751003
19970,4336.923556276863
19971,4141.55458276856
19972,7194.712489877846
19973,5422.244155925239
19974,6162.540057604639
19975,5215.6324925104245
19976,7628.391778177333
19977,4031.8456212523647
19978,7354.87610025156
19979,6373.843334961452
19980,3406.9150387780182
19981,11556.78603779328
19982,15058.441668706579
19983,5621.772128453755
19984,6003.626648992637
19985,7292.020603270003
19986,8868.474612173875
19987,9258.95767856778
19988,4691.79587191562
19989,6775.169606336055
19990,4856.001684463826
19991,6709.479761391366
19992,3683.8968401102384
19993,4954.14592192695
19994,4411.639318516826
19995,4861.773051549439
19996,6576.649660540819
19997,4636.883215529522
19998,3467.669058981391
19999,5160.101555295158
20000,3210.50852306579
20001,3867.0956998432057
20002,4920.719440722366
20003,5240.117718935791
20004,7312.642672821208
20005,7282.013688526903
20006,6171.778814506103
20007,5495.973804007633
20008,5280.408872352498
20009,9482.094737476353
20010,6294.9284816358595
20011,4361.302431742098
20012,4460.51130248056
20013,7898.4691576449
20014,4091.0772780471966
20015,6533.125844534023
20016,3206.83007892589
20017,4564.505311694252
20018,6359.151478349675
20019,5076.37269371431
20020,4462.735393631245
20021,7391.329599231672
20022,8377.805660153464
20023,10132.13836758455
20024,5492.575229081731
20025,8461.05119347662
20026,3019.4486145733385
20027,4421.720777285024
20028,5401.890771607872
20029,3325.232418489888
20030,7141.7588290435415
20031,4296.273242874509
20032,4924.271179453578
20033,8277.432388220754
20034,9049.752668955056
20035,6812.559669120136
20036,4605.4482462518135
20037,4123.650312807518
20038,10660.739765966573
20039,6544.576887264461
20040,5366.628448314445
20041,4516.0339983882905
20042,5949.666100729898
20043,7519.078173306271
20044,3821.3766702249313
20045,5680.386803226846
20046,6234.7877066504625
20047,6916.399170860521
20048,11906.828933884368
20049,4898.055371790855
20050,11422.115006802063
20051,5723.5425574723195
20052,4453.727000508363
20053,3023.7725346983575
20054,5584.6891470168675
20055,4964.031463578793
20056,4456.391088202199
20057,6482.499267671268
20058,4376.642458413227
20059,3871.4030423105687
20060,5826.4169976274625
20061,3197.867352752744
20062,7167.1734341663205
20063,5688.292650722958
20064,6664.366819295285
20065,7305.617577934725
20066,4105.126783287741
20067,7999.2363931172695
20068,6186.400805092308
20069,4812.387091795807
20070,4965.213001038377
20071,4593.673797460399
20072,8583.767554652488
20073,5773.885320982818
20074,4340.731253342877
20075,5843.473473483178
20076,7535.350104916646
20077,6139.8432208997765
20078,5005.216798833367
20079,7471.065628703585
20080,5087.2434552862305
20081,5330.956849226962
20082,5180.166166996933
20083,7444.300565801696
20084,5376.303743702412
20085,5244.6272179392145
20086,4370.72682651331
20087,4475.892921258701
20088,3936.447990073717
20089,4101.544285987849
20090,6928.725969161851
20091,8431.817227065916
20092,9328.692835176225
20093,8802.924944051818
20094,6614.943666344441
20095,7122.201307241374
20096,4751.402123861559
20097,10714.636080697637
20098,9062.479310674922
20099,5603.060168448416
20100,7077.892948510146
20101,7123.853547226702
20102,4929.361824275459
20103,3430.1414546568826
20104,9760.875231889842
20105,5490.155220752184
20106,5864.3861298194315
20107,5476.237000665338
20108,1936.6510922508867
20109,8642.879561893807
20110,5265.461846354591
20111,4622.858849941411
20112,4350.6567405080195
20113,4394.8264011385645
20114,5980.407570776451
20115,6062.266492145749
20116,5470.929598244099
20117,5055.952215684781
20118,3782.1825437425823
20119,3549.8792053837797
20120,2603.999813970662
20121,6022.5156410081245
20122,16060.627108913231
20123,4202.625213072127
20124,5137.61639217779
20125,5968.029963236002
20126,4737.785217574009
20127,4387.28306136276
20128,4315.651595323758
20129,3548.480625080659
20130,6285.716484887517
20131,5824.806055725231
20132,3330.042676333889
20133,7184.793785691626
20134,4172.60490545694
20135,4309.811870826699
20136,8076.773770925661
20137,6674.671625334478
20138,8957.701911010312
20139,4337.748733616195
20140,6011.490170801042
20141,4133.720772296705
20142,4352.984014434278
20143,13119.60246479869
20144,8235.340882515446
20145,5560.664887521408
20146,4415.873878118767
20147,4100.557676590201
20148,5190.987949858388
20149,4184.4673031281245
20150,8527.142342019975
20151,4728.511383089657
20152,4957.318630229864
20153,5786.927322798322
20154,3867.5888303657553
20155,5521.603864449074
20156,5849.391649226285
20157,6031.845407133121
20158,5544.015712259138
20159,3529.8553669337825
20160,5193.530337927306
20161,5443.436973824277
20162,7705.2879190405065
20163,7881.782770292523
20164,5899.267234119114
20165,3587.0166707291796
20166,6932.297832995664
20167,5083.86433577665
20168,3958.660138722909
20169,6230.81328711215
20170,7193.735944812456
20171,5571.606884063531
20172,5131.558908483739
20173,5404.049351177401
20174,5161.3894423513375
20175,4984.660875562128
20176,5956.4071536887195
20177,5918.998816756465
20178,4149.5459013705
20179,7433.7213645508455
20180,4925.96058642275
20181,4221.630380051276
20182,9607.955534281265
20183,4911.550836101422
20184,3395.628143724595
20185,6781.775801532062
20186,7322.328856963634
20187,8316.385968935585
20188,4439.168491931544
20189,5031.768992418034
20190,5542.525413879117
20191,6880.36732548251
20192,5218.980278217236
20193,6917.282456647842
20194,2866.7610655525773
20195,5124.3973698686505
20196,4931.4253033963605
20197,4491.332101076168
20198,4191.588326986168
20199,5983.783576169614
20200,6362.030909752683
20201,4932.038141021707
20202,6804.925641410949
20203,5341.312195398807
20204,7146.75183601894
20205,4067.0449226488513
20206,5670.097482557254
20207,5578.910249439688
20208,6327.1019885809965
20209,6823.7002590675365
20210,3189.4530316307964
20211,7277.630691558831
20212,5569.78766997568
20213,6380.525765609499
20214,4468.289698546729
20215,3451.093424710309
20216,6557.801365167415
20217,4973.791450543842
20218,7711.387414512032
20219,5594.154118842907
20220,5015.37087317884
20221,6651.837824049675
20222,5542.890451965326
20223,4607.75618385785
20224,7130.456332908849
20225,4600.230351803128
20226,7433.408248005601
20227,8854.370997934386
20228,6592.924481541173
20229,3884.994584577177
20230,4338.531422424875
20231,3425.7742854072853
20232,2890.925094795337
20233,6703.88276996566
20234,4572.4352517573525
20235,7652.300013521316
20236,3506.8010840277384
20237,5447.926735029499
20238,5273.4244261063595
20239,7504.581420410626
20240,4115.612810368859
20241,4654.237919269614
20242,4374.8885002355955
20243,6084.0281514766675
20244,4254.51277689424
20245,6217.8504318028245
20246,6771.214189559484
20247,8814.748261784503
20248,5971.364054884771
20249,6611.937182763215
20250,4938.30237008701
20251,4056.113331120009
20252,4402.021123537556
20253,9327.608430698343
20254,7369.692294846018
20255,8308.729667668089
20256,14584.122303935053
20257,4740.074467514182
20258,4312.246842745581
20259,5104.278727953795
20260,7401.047771952205
20261,7835.507517777883
20262,5355.49670081827
20263,6760.710301274762
20264,6835.570746352108
20265,6683.4926544324635
20266,5031.01305976791
20267,4591.782327255077
20268,4037.557686060282
20269,4107.202205329059
20270,3550.1871434211903
20271,4146.367166639753
20272,7425.256199776543
20273,14449.039012097235
20274,5780.632580317113
20275,4409.140801504763
20276,5764.355346840601
20277,3357.5929967665143
20278,5414.504953368284
20279,3641.263643074321
20280,7923.465392212835
20281,5535.606806990292
20282,5516.578052932708
20283,10579.36362173662
20284,11423.395065243498
20285,5053.435066394754
20286,5987.425117052244
20287,3417.979199383801
20288,4911.95629111781
20289,5083.889618645201
20290,7259.412698520879
20291,4127.164418581386
20292,3488.7071051920298
20293,5139.338329194089
20294,4765.820996731337
20295,5741.559219622054
20296,5539.964919751104
20297,3643.50282764813
20298,6022.441117200095
20299,6566.876234306935
20300,5721.254684887943
20301,3575.8224723173316
20302,3441.124865487845
20303,7455.785239434264
20304,3707.129267494891
20305,8797.262730464361
20306,3630.463020124227
20307,4375.011181948527
20308,5374.990665184879
20309,5062.246130800844
20310,3994.358464623877
20311,4685.718029109103
20312,5390.399463175999
20313,8259.534766961726
20314,7489.355992822911
20315,4952.662252994804
20316,3613.1541629463436
20317,5163.069864115176
20318,5549.1292125147365
20319,4556.061965645428
20320,5076.828056459475
20321,5255.667457225973
20322,10008.893455093954
20323,6424.208529439114
20324,5418.544809128224
20325,6445.323365234568
20326,4174.748737461008
20327,8191.138210076133
20328,4818.877719688683
20329,10120.690446074052
20330,5006.051765499396
20331,4225.6931683914345
20332,4496.824677361005
20333,3040.9535199457378
20334,6650.00404470186
20335,16113.174868412505
20336,3442.9133834063578
20337,4282.651334910011
20338,7831.096789891556
20339,5636.9937067159535
20340,8011.166791514379
20341,6798.878338468034
20342,4969.174142713527
20343,4525.034515815539
20344,4007.8355639748847
20345,8005.85356195837
20346,4939.122376448136
20347,5971.5355841189175
20348,6463.577115943512
20349,4580.445582778192
20350,6180.999200167971
20351,5131.168672423882
20352,3577.2696400956734
20353,7981.692616646448
20354,8074.294112703863
20355,3786.7210211162674
20356,6670.05062548591
20357,5476.9934300580135
20358,4190.183081811639
20359,7724.468769486213
20360,5412.300327637675
20361,7038.867344972377
20362,4034.429143154868
20363,3828.1899561601995
20364,6207.6039630377845
20365,3134.4996726563277
20366,6932.168588084361
20367,3315.547699890153
20368,5610.676156865506
20369,4607.8636143686845
20370,4958.393013826833
20371,5790.254670645387
20372,6259.488110609134
20373,5483.061857364198
20374,6690.369816448901
20375,4882.386615227214
20376,6469.488466903412
20377,5768.167490411362
20378,6665.4600955381775
20379,8030.788105491132
20380,6281.800618844984
20381,2592.37901477035
20382,5453.241514979109
20383,6343.956232864722
20384,4038.9068707963233
20385,10044.803827593414
20386,4937.39215646564
20387,5939.285776104715
20388,8816.703725985746
20389,6319.412458656136
20390,3257.61329755379
20391,8500.635538147351
20392,8580.914465972544
20393,5046.429123010423
20394,6808.6865524841205
20395,8740.18379230892
20396,4974.904723385366
20397,4723.028927971139
20398,6021.894093312718
20399,4717.783712746259
20400,5078.872316555852
20401,6095.0507981720375
20402,4213.676092849709
20403,5915.610817210375
20404,6604.735019642387
20405,5669.71492828821
20406,6056.090671738314
20407,5378.718724392808
20408,5641.285065175402
20409,3935.564397190589
20410,6601.267458184342
20411,6228.4454904286895
20412,5302.751712712848
20413,6065.890480562713
20414,5813.370548737279
20415,7980.579226271991
20416,4684.715812821016
20417,4473.398001058402
20418,4927.517408787127
20419,6467.907616065193
20420,5581.278804340355
20421,4163.655688358845
20422,3446.2627355302475
20423,6571.0453174149325
20424,6467.057990650355
20425,4742.573056974354
20426,6864.584490229648
20427,5633.23284913267
20428,5598.331993357571
20429,4269.686483376734
20430,2876.153476528051
20431,5293.665340696552
20432,5840.430034325947
20433,5575.786555959004
20434,7657.917662435197
20435,6687.420132644045
20436,4602.8388646749745
20437,7714.804792684208
20438,3398.573316221485
20439,2771.635708001359
20440,6567.6927677716
20441,10578.486169101876
20442,6702.582465854051
20443,6116.853807074216
20444,3618.620782029373
20445,5999.545658693232
20446,6742.773523677772
20447,4832.861575380578
20448,6688.718889902559
20449,4014.4680492086522
20450,4475.3000489052165
20451,4687.562018780482
20452,4744.204128888571
20453,5080.536066104494
20454,3875.3064126756276
20455,3809.2971054815407
20456,3719.2652243145894
20457,6392.431797248659
20458,5824.524296644919
20459,4218.1894721903645
20460,5779.719333790652
20461,5693.284214029659
20462,4765.399843845198
20463,5101.8346415557135
20464,6827.429741687851
20465,6500.45845630008
20466,5051.641763245535
20467,3181.5117907170165
20468,9796.83957792501
20469,5140.6304805904465
20470,4477.80063671308
20471,6670.4791661848
20472,6945.227999157795
20473,6423.8077896240275
20474,5117.46339331629
20475,6468.2226729011445
20476,7852.13423765596
20477,10764.588772141076
20478,3953.114604990344
20479,3636.5786180722316
20480,4416.897821515323
20481,5776.54504189927
20482,4731.550110259049
20483,7110.118538823928
20484,7331.55076882563
20485,5203.895326625728
20486,3518.940987469451
20487,4789.395252186254
20488,9441.013018071188
20489,4189.4636778318
20490,5783.018110684359
20491,3537.528586327996
20492,5963.234151876772
20493,6419.720573330963
20494,6466.4772371624995
20495,6509.581277561004
20496,5454.3689257057395
20497,3572.8767744951297
20498,5455.860531918134
20499,6726.251006677021
20500,6890.838627607077
20501,6570.775759067293
20502,6492.130173152796
20503,4776.483332598383
20504,3866.5555105302415
20505,8601.112242360747
20506,3872.969158203529
20507,9923.250568252915
20508,5099.764988215741
20509,3749.849245555362
20510,5963.313408727828
20511,5482.253211028285
20512,6352.05047084868
20513,8120.388156523902
20514,3726.9398298966103
20515,3933.314248556504
20516,5868.930456685729
20517,6425.770071959879
20518,8741.350319726414
20519,4707.504085618934
20520,5605.9741998422305
20521,4663.551851263709
20522,5278.194393965911
20523,4547.287622016426
20524,8221.031595640596
20525,6975.455783418264
20526,10487.17416034821
20527,3932.9443001829113
20528,5191.943510548931
20529,8539.806004775133
20530,7515.875321823558
20531,4036.543119336306
20532,8315.423100088274
20533,6033.848897518816
20534,4179.531721312357
20535,4283.3687046695095
20536,3823.8156566206285
20537,4677.675535710425
20538,4647.160703793303
20539,4107.236018823208
20540,4222.073512257549
20541,7124.082059288864
20542,5978.212541897081
20543,19539.32916149701
20544,5374.528225981552
20545,4096.664722037795
20546,6064.128439184177
20547,9600.56151083626
20548,5177.9291256396855
20549,7042.086800788473
20550,5363.668553536212
20551,7203.971302117249
20552,6699.461702526833
20553,4015.6690505342253
20554,5401.725533586768
20555,6294.7585279712985
20556,7527.579459883408
20557,6654.29480457409
20558,8761.394298655283
20559,4278.154419932734
20560,4075.3274831480476
20561,4519.279538921938
20562,8853.224453226878
20563,9874.882869527712
20564,8144.463286661296
20565,7226.765012998294
20566,3816.6401254745933
20567,5364.788532394417
20568,3666.5267429730297
20569,8333.029268811737
20570,9180.427352682189
20571,9256.64799366495
20572,4743.914142643358
20573,4855.179158682495
20574,3916.0232812861404
20575,5495.331309314162
20576,9663.347166077183
20577,5804.849736058409
20578,4330.331140319066
20579,4479.645712995877
20580,6993.478205135989
20581,3500.693691604184
20582,6571.228983160995
20583,3495.904750761157
20584,6169.635048201081
20585,5773.352810087332
20586,5481.8540127240685
20587,6871.6727500248135
20588,5912.565222442392
20589,4620.115324772837
20590,6628.248385644208
20591,6261.744826731131
20592,8999.39904705068
20593,5499.902621400495
20594,7110.557993399678
20595,7109.763760666108
20596,8065.245580134752
20597,5853.886550025527
20598,7822.161751750693
20599,3689.313405228345
20600,4674.52477959947
20601,5694.397588325397
20602,6209.211283445389
20603,8309.672700106024
20604,6723.384696920865
20605,4921.944349203779
20606,6336.0596411568395
20607,6656.935764438904
20608,7808.390723114784
20609,3806.587946625802
20610,12344.612775874519
20611,4238.171966261244
20612,6123.379403562975
20613,7693.89658328312
20614,3971.826840727932
20615,5105.372136995424
20616,5451.172512372703
20617,6646.130416299621
20618,4879.085747450376
20619,4874.9470243223295
20620,7428.021117639971
20621,6863.994453730284
20622,5916.802615001552
20623,4606.952401614231
20624,6915.963515457838
20625,10984.669214930089
20626,6259.078977720865
20627,5199.766467959924
20628,5598.268904529927
20629,6138.249651293929
20630,5713.982118863369
20631,6882.849888579877
20632,3743.077362225102
20633,6901.534262822763
20634,5971.028111847198
20635,6087.645075174922
20636,8426.709343810484
20637,4511.445409304477
20638,4724.819646950315
20639,4218.872743826358
20640,6953.471763904491
20641,8166.071812086866
20642,4984.311264162296
20643,3894.1707503133957
20644,6231.879439006688
20645,5188.541279027859
20646,4830.252028087819
20647,7229.660446440996
20648,5982.114479171701
20649,7266.173780738868
20650,4827.264711461021
20651,4725.57119578696
20652,5337.957293206464
20653,6903.134276242541
20654,6896.929182771488
20655,7330.750131022902
20656,7256.856916063218
20657,4874.158152579882
20658,7859.389013085502
20659,5105.23324249585
20660,5715.427568999717
20661,8002.991457043697
20662,5919.914025743408
20663,9400.72398181528
20664,7032.799666297962
20665,6450.328465786966
20666,5074.935666823896
20667,7373.0949707469335
20668,6435.7515497700315
20669,5563.647191190823
20670,3680.2161004496547
20671,5269.765544622688
20672,7016.267082982873
20673,5223.818621960059
20674,3931.615790787149
20675,7693.145698712906
20676,6577.062808254775
20677,5832.791051396693
20678,4963.41553034344
20679,4896.477070432951
20680,6813.4048992935195
20681,6413.415982884777
20682,5582.21523561305
20683,4796.18751408694
20684,5068.805600107261
20685,6093.810807067174
20686,3397.910859054601
20687,5996.920294557327
20688,4127.824769778429
20689,7486.239839758998
20690,7025.102810542103
20691,6271.408101455944
20692,9811.812569346721
20693,4607.344248850337
20694,4499.197805649552
20695,9843.5029955889
20696,5698.151805040031
20697,7204.473824969681
20698,7472.155953694258
20699,4417.281177034485
20700,5682.283573110647
20701,5510.129049640628
20702,7508.299845331862
20703,9654.899261158549
20704,5974.55552230986
20705,2601.8804030632173
20706,4525.403965571825
20707,7623.92974807526
20708,7954.594194178962
20709,5198.114371751043
20710,6375.800647506151
20711,4531.001002328068
20712,4817.474324316438
20713,3225.759367978439
20714,4740.74846883502
20715,5671.715825307463
20716,6166.112525128072
20717,6463.14483767849
20718,5832.543029552932
20719,7626.147948754596
20720,7342.958732912972
20721,7079.081983891063
20722,4112.70211039948
20723,8742.566321341312
20724,8703.05530298243
20725,4796.019423994432
20726,7019.917334246014
20727,4698.241707344198
20728,6237.997176905406
20729,3099.954010958281
20730,5958.649145025272
20731,4313.285801654776
20732,8633.719414420537
20733,6434.025709383491
20734,7413.647091690235
20735,7598.030219179502
20736,4986.659183003878
20737,7076.596804503946
20738,17990.147701601556
20739,8389.0655127387
20740,4732.108191758828
20741,2481.6753580968634
20742,5835.858651734309
20743,7662.436255970793
20744,5532.511208028228
20745,11886.024101783627
20746,17548.808133616585
20747,3612.66630499437
20748,4457.167466562913
20749,7845.711338180098
20750,4236.14086495357
20751,6986.008627368795
20752,5396.893651093356
20753,7034.383184310015
20754,3554.305288176194
20755,6006.623295536916
20756,5386.297574611452
20757,7171.264200149736
20758,8103.772709044724
20759,5729.525743281153
20760,5379.555816861914
20761,6688.834836587695
20762,4562.301271522596
20763,4795.816647686044
20764,7863.780334311474
20765,4717.821646933897
20766,5385.3068095224035
20767,6519.962896247743
20768,5573.462304493148
20769,5026.366041079816
20770,6119.511776927819
20771,6263.772125341705
20772,7802.488506664465
20773,8907.600542017208
20774,6748.615512422367
20775,5222.16242051394
20776,3023.753882662992
20777,5383.863839973685
20778,5738.203645788767
20779,5082.964306984085
20780,4382.600668881228
20781,7711.828389020973
20782,5704.38808720875
20783,8655.55207660724
20784,6359.110091465093
20785,4606.557331537372
20786,4787.806600182021
20787,4690.735001581051
20788,8496.734197097163
20789,4654.785061444058
20790,7592.93741305959
20791,13661.461847885617
20792,6678.061017014641
20793,6420.748260496061
20794,4154.77168818494
20795,4452.656945422206
20796,6450.647986305302
20797,3770.8664866819086
20798,5217.484283124278
20799,9484.114435683228
20800,5157.418516971099
20801,13213.102174034477
20802,11717.068008673936
20803,4446.903694412442
20804,6058.560478913219
20805,5498.267285175637
20806,6078.344964765187
20807,5178.113791163903
20808,10195.30639543518
20809,6389.9995036367545
20810,7835.723656280371
20811,4283.519413473766
20812,7263.096926246091
20813,4547.343706072306
20814,7937.266564779859
20815,5718.385142628809
20816,5433.482496607802
20817,5970.852954781338
20818,5729.974230886591
20819,7610.451014914764
20820,8852.734615679172
20821,5388.671430478327
20822,9078.35992501305
20823,6013.025276019038
20824,9127.956062356001
20825,4880.580258738222
20826,4679.117253031431
20827,4500.9281165422435
20828,7899.483013318269
20829,5922.136791560617
20830,6640.707107786233
20831,5806.35681624438
20832,8282.656570593088
20833,4257.786261996126
20834,7605.7936365081605
20835,6595.355162486312
20836,3579.5406415786697
20837,11982.52652290425
20838,15840.40157985945
20839,6046.014693002735
20840,6455.785232679431
20841,7715.373649589516
20842,9507.027203804239
20843,10054.64565396162
20844,5045.195388682491
20845,7201.1035025932615
20846,5227.5282763606
20847,7087.195646416717
20848,3940.8253284610273
20849,5163.236510830087
20850,4654.378298569968
20851,5210.730219536863
20852,6969.873753930528
20853,4830.855170673517
20854,3624.278707994639
20855,5567.40412578452
20856,3406.672424826775
20857,4102.511372614911
20858,5122.390783339842
20859,5507.807116256341
20860,7907.360825187084
20861,7801.287274330027
20862,6680.384841123418
20863,5856.434872410441
20864,5665.132703888653
20865,10289.087186035535
20866,6588.972933761956
20867,4611.78169058709
20868,4759.060268069998
20869,8634.362681516144
20870,4350.077817526653
20871,6960.069809016406
20872,3405.411331260941
20873,4742.54611045024
20874,6714.052784342051
20875,5607.848666812092
20876,4783.713198347646
20877,8209.23161638853
20878,9053.621779016457
20879,10961.54774182757
20880,5778.3394579465075
20881,9155.580675239058
20882,3186.3709556166996
20883,4742.571745433395
20884,5651.864750789277
20885,3487.903096265553
20886,7560.532050342512
20887,4551.369626141715
20888,5352.898367736517
20889,8842.582914018705
20890,9608.562286472701
20891,7329.863847230648
20892,4926.631795048822
20893,4397.399010667374
20894,11104.534549268434
20895,6998.755462147747
20896,5608.5884881673555
20897,4749.983847769767
20898,6340.867425864936
20899,7918.315021909118
20900,4067.681761729322
20901,6017.184346258098
20902,6712.266010990378
20903,7368.013485625619
20904,12343.852950317892
20905,5286.809596476408
20906,11880.081603622848
20907,6114.506436959827
20908,4819.560504383399
20909,3143.904017813328
20910,5916.035519595077
20911,5371.748091693574
20912,4841.92899107488
20913,6835.304083646249
20914,4614.264093016547
20915,4092.054173799402
20916,6267.183301122007
20917,3392.7433871391822
20918,7863.78025096279
20919,6048.358300753818
20920,7008.671535499211
20921,7730.574003452015
20922,4335.3095168230375
20923,8576.656427891992
20924,6732.151620350137
20925,5146.702941951741
20926,5328.56824963855
20927,4887.187110998956
20928,9182.841874300058
20929,6188.937201052462
20930,4467.323631767699
20931,6223.024170912706
20932,8023.043760959171
20933,6472.541478226724
20934,5336.847669733832
20935,7984.559557104128
20936,5543.98929769387
20937,5580.74857720546
20938,5559.428781646658
20939,7851.051904848942
20940,5586.523732702087
20941,5474.62240513907
20942,4791.169657359651
20943,4806.5785891248615
20944,4050.576453972956
20945,4342.86990090708
20946,7716.936666902197
20947,9205.039638895927
20948,10194.348311204583
20949,9251.443319573327
20950,7236.839179592353
20951,7307.466375206867
20952,5095.936256489724
20953,11554.883237209016
20954,9801.95845150251
20955,5979.6035699909635
20956,7653.089447339956
20957,7625.105844926308
20958,5234.827614960934
20959,3760.832235819702
20960,10581.41541183337
20961,5773.686796303336
20962,6250.155290823968
20963,5786.515064593563
20964,2033.7029766759179
20965,9306.580974998717
20966,5765.7295959496405
20967,4970.189004463211
20968,4625.523672637151
20969,4811.88007875951
20970,6340.786650570018
20971,6393.987061552116
20972,5834.886442133938
20973,5400.596871759995
20974,4089.302552531587
20975,3726.505560914134
20976,2683.8720594248025
20977,6322.340549110379
20978,16709.8916616077
20979,4481.737788247283
20980,5429.634267453804
20981,6270.586411012512
20982,4947.152528461677
20983,4637.447766913025
20984,4594.332655281695
20985,3712.161632700117
20986,6940.364634758334
20987,6256.527719874805
20988,3466.0064981873015
20989,7706.61002628239
20990,4391.534503462455
20991,4555.238279110611
20992,8889.624252977503
20993,7072.652512329496
20994,9765.113137510667
20995,4599.987955910751
20996,6313.832886434618
20997,4249.691678775394
20998,4703.4286506767585
20999,13839.474372507699
21000,8850.103122497801
21001,5938.726315738093
21002,4635.367271576865
21003,4502.593349662904
21004,5460.003100578761
21005,4411.79892390757
21006,9323.208455217313
21007,5001.909152504111
21008,5617.063293831299
21009,6313.964827845384
21010,4174.7538386551505
21011,5772.194761617867
21012,6057.420956853819
21013,6599.590071848784
21014,5948.522300655391
21015,3707.5690643452326
21016,5700.089974987559
21017,5964.070749927669
21018,8519.491038527043
21019,8359.455176138714
21020,6277.339490873242
21021,3753.050619230548
21022,7501.885555315423
21023,5407.8935619528265
21024,4179.623920413936
21025,6598.382935184625
21026,7550.678633557236
21027,5832.474510679827
21028,5583.586218675085
21029,5735.874359966024
21030,5656.47948326463
21031,5287.314452527824
21032,6419.736315120722
21033,6364.369304192822
21034,4452.915574015317
21035,7921.588032246834
21036,5311.098529516773
21037,4326.839240511377
21038,10249.243422948395
21039,5145.783705837072
21040,3315.515273582315
21041,7049.628700662777
21042,8161.880755026788
21043,8776.972704719286
21044,4785.458279807778
21045,5352.083066102479
21046,6011.768541574185
21047,7362.817397708592
21048,5532.603902649435
21049,7501.7715555524455
21050,2851.7445955125354
21051,5607.447240050295
21052,5204.759085312671
21053,4791.374845872514
21054,4421.603833805263
21055,6604.974588500253
21056,6790.871011266015
21057,5208.8210819879505
21058,7157.215478626134
21059,5695.272149635791
21060,7952.491796777404
21061,4372.884258471836
21062,6009.595126713914
21063,5971.357182949016
21064,6669.429883022832
21065,7424.580994102727
21066,3359.203477342566
21067,7500.015391239249
21068,6142.213878495395
21069,6752.8152414318665
21070,4707.545600870957
21071,3511.9757388122234
21072,6880.603766128969
21073,5195.457855947525
21074,8266.89435085925
21075,5998.41789350878
21076,5266.9738455427005
21077,7091.802402425061
21078,5873.783470847038
21079,4827.692929551348
21080,7635.166671932462
21081,4821.971077966009
21082,7813.427657587804
21083,9473.389630841406
21084,6870.236916608236
21085,4033.3984513952837
21086,4691.531431376469
21087,3610.9053337030027
21088,2959.0502682649244
21089,7169.850864216694
21090,5024.170348949928
21091,8255.232856019767
21092,3793.6720051930556
21093,5844.114288839826
21094,5553.59507644021
21095,7977.926554621122
21096,4394.237120094006
21097,5017.665022513492
21098,4606.039609265557
21099,6577.978439623553
21100,4549.625540294142
21101,6576.064805281845
21102,7128.08350886675
21103,9472.21857873962
21104,6496.166281972513
21105,6914.850412394195
21106,5378.976196729032
21107,4297.232892395326
21108,4582.410579453163
21109,10054.478167521671
21110,7774.74303004324
21111,8831.920674238163
21112,15266.595725870677
21113,4935.508893508672
21114,4614.50532044942
21115,5435.075496001524
21116,8059.162875741101
21117,8662.436901444467
21118,5810.546096959625
21119,7128.146746631101
21120,7295.084343247128
21121,7190.720828299853
21122,5419.951957060949
21123,4932.570096983928
21124,4335.960185404655
21125,4376.784854848691
21126,3868.869318692449
21127,4428.570751282174
21128,7974.186763742188
21129,14897.65207331088
21130,6127.856934104664
21131,4670.814791326175
21132,6141.797884899393
21133,3587.922617512064
21134,5865.866128144616
21135,3680.0661072162734
21136,8427.556637781357
21137,5849.878455506747
21138,5799.768002444319
21139,11407.034540585933
21140,12238.940233892186
21141,5284.589461804708
21142,6379.69036668393
21143,3599.247375830817
21144,5267.898527896014
21145,5575.851922834278
21146,8064.312404605203
21147,4361.726429010825
21148,3793.6600023186124
21149,5452.600266011584
21150,5143.8764007384525
21151,6000.27911931886
21152,5962.440265964632
21153,3808.293831521188
21154,6552.022443515874
21155,7004.58157287272
21156,6010.064875884934
21157,3901.679509799644
21158,3493.0575143993597
21159,7793.889582919072
21160,3961.2490634597916
21161,9546.339227795215
21162,3974.8480706767364
21163,5036.669122432391
21164,5676.052956591554
21165,5336.1762212583635
21166,4308.192492206082
21167,5065.170670048998
21168,5547.875494514383
21169,9105.66540983237
21170,7998.354606557826
21171,5402.595878989218
21172,3904.690073925978
21173,5645.6558202558845
21174,5857.027009043618
21175,4801.531153853408
21176,5443.632970876082
21177,5634.367824432016
21178,10682.122752178473
21179,6746.280851226287
21180,5765.1915755642885
21181,6631.081022513248
21182,4437.899850470654
21183,8877.540591649971
21184,5093.453903508178
21185,10517.809316042374
21186,5304.427529757386
21187,4558.08917627244
21188,4852.2231556221
21189,3165.7138877741754
21190,7129.1001261587135
21191,17040.17955741704
21192,3617.8136431177795
21193,4533.231478195728
21194,8341.003316964338
21195,5925.803736005878
21196,7656.819612250809
21197,7353.618163102526
21198,5337.683008886773
21199,4905.374670935492
21200,4197.640043312568
21201,8575.938724633093
21202,5226.870720692021
21203,6416.460079907956
21204,6937.295693910536
21205,4948.3648407581895
21206,6826.4308627920045
21207,5522.136722380221
21208,3609.0567439429215
21209,8426.549930080597
21210,8530.787742701516
21211,4033.192862632258
21212,7090.671361994559
21213,5857.860141172329
21214,4508.754316994052
21215,8637.145045489982
21216,5637.7533943314065
21217,7586.654145231174
21218,4311.901258650227
21219,4117.836243539679
21220,6371.375295438377
21221,3299.1495152841862
21222,7347.061004046694
21223,3538.484206274162
21224,5968.444351334716
21225,4911.074029836881
21226,5208.362532976739
21227,6173.173326370845
21228,6564.769769662195
21229,5743.288088928402
21230,7372.817850053062
21231,5178.092449207591
21232,6908.153543201565
21233,5981.640419639869
21234,7114.031131881406
21235,8800.414782254187
21236,6661.9506733398
21237,2781.487285850745
21238,5927.650408381249
21239,6715.231416008662
21240,4566.312855854727
21241,11208.65602903271
21242,5416.127861877772
21243,6328.479583342244
21244,9412.44010916105
21245,6347.064979469152
21246,3444.1695161297007
21247,9138.88012092037
21248,9226.080559557113
21249,5427.779239545087
21250,7176.48852220494
21251,9533.678908696225
21252,5394.604230276696
21253,5056.035619870069
21254,6340.722223849153
21255,4990.740714000804
21256,5443.383992899734
21257,6540.24880280789
21258,4411.056884912519
21259,6062.47685844057
21260,6931.935088012325
21261,5943.226656958428
21262,6434.247817675719
21263,5710.619497308879
21264,6035.216017655742
21265,4110.988229696505
21266,6897.281532276906
21267,6477.6218018610225
21268,5664.282574083353
21269,6496.5052412813875
21270,6130.437637780111
21271,8695.010664839274
21272,4985.466679597453
21273,4755.871295726291
21274,5192.234434180544
21275,6713.424233016408
21276,5964.301421795293
21277,4393.641552768159
21278,3693.793775887956
21279,6920.0006007647235
21280,6773.370396790612
21281,5075.391643385886
21282,7199.161078778915
21283,6063.616768912095
21284,5949.988575559724
21285,4537.222891238562
21286,3009.088835396867
21287,5576.8063682941975
21288,6064.100231710475
21289,5748.056191337414
21290,8257.680192678368
21291,7123.539608359108
21292,4947.200383549713
21293,8265.547510550492
21294,3470.7482691126484
21295,2904.482323328158
21296,6842.440966711822
21297,11140.018968527902
21298,7114.040586739619
21299,6432.268875784777
21300,3834.469163000774
21301,6403.426693916625
21302,7272.982771821522
21303,5031.806861591807
21304,7144.209134012865
21305,4285.409241877813
21306,4779.759455670527
21307,5018.949156688078
21308,5095.487928368765
21309,5466.796837421266
21310,4098.337100852139
21311,4170.929261704156
21312,3921.829497377984
21313,6676.589342370718
21314,6111.014858525068
21315,4406.929362830918
21316,6031.037554884137
21317,6065.258043076486
21318,5038.590826962331
21319,5361.015238761817
21320,7523.869129245556
21321,6868.570512989885
21322,5440.25701472609
21323,3419.5200638506126
21324,10241.226638394393
21325,5583.329701771291
21326,4648.032194664696
21327,7273.83098472978
21328,7581.305132902261
21329,6796.784710536269
21330,5497.880640360035
21331,6823.62336624098
21332,8223.437011595888
21333,11413.151484208003
21334,4114.300115017214
21335,3915.4359654610316
21336,4650.0702330285585
21337,6067.192194808234
21338,5191.449041673171
21339,7632.554548520065
21340,7845.409582979912
21341,5601.459250431422
21342,3743.2372996336117
21343,5097.589233482073
21344,9858.723760851046
21345,4384.31984002594
21346,6160.2164089073085
21347,3748.2715448887093
21348,6504.007821857916
21349,6653.865417938329
21350,6843.05271436531
21351,6949.035696511107
21352,5695.167875362502
21353,3766.9778331027906
21354,5878.68117958395
21355,7015.7339815710575
21356,7537.098532711461
21357,6978.451229329115
21358,6870.868270065442
21359,5037.119371686042
21360,4113.013244666841
21361,9125.032224227603
21362,4091.5582067673727
21363,10637.516868809067
21364,5524.4427241593685
21365,4055.6094999474485
21366,6270.802533545272
21367,5800.150542363191
21368,6758.955019151827
21369,8479.713875044894
21370,4044.694425509583
21371,4167.072760347438
21372,6045.126031105327
21373,6851.392497698489
21374,9469.6950686253
21375,4926.353689733902
21376,5911.934318966255
21377,4936.202933679372
21378,5676.463183186008
21379,4757.165089218518
21380,8923.82699886182
21381,7521.719542419218
21382,11297.692711831243
21383,4298.832838278428
21384,5508.95914800291
21385,9087.900303032793
21386,7983.770319871438
21387,4184.229201179073
21388,9195.578148524839
21389,6507.301743858876
21390,4472.368968777431
21391,4633.740550554439
21392,4070.3456093485297
21393,4908.2423329300955
21394,4909.418098573803
21395,4393.26546370256
21396,4550.409746223195
21397,7818.91436060866
21398,6258.161772306056
21399,20395.371610924394
21400,5611.311956871186
21401,4887.028883718778
21402,5657.976174885842
21403,3880.0548248278865
21404,2726.2708180844097
21405,6150.682593157941
21406,5253.895642659994
21407,4933.766630599711
21408,6120.059903523763
21409,4651.309653661418
21410,3506.4357803092907
21411,7680.428094952738
21412,5132.784249540931
21413,3939.8707792133246
21414,6451.396045063919
21415,4557.490747485062
21416,4016.0874877489036
21417,4730.467297515684
21418,5371.30557489007
21419,10823.628934863054
21420,5000.484906996098
21421,10040.490860956445
21422,3524.9953068980085
21423,5925.9286400533465
21424,3039.943276705985
21425,5382.512173651372
21426,7381.580100305579
21427,7963.932246684011
21428,6564.400098906148
21429,3392.912698140141
21430,5253.020893914212
21431,6674.971562931659
21432,9031.392311362333
21433,6417.7465176818705
21434,5396.816878356362
21435,4914.609741372981
21436,6055.347603167915
21437,3152.1418239494114
21438,7883.422120987825
21439,3774.818102157719
21440,7098.884601443095
21441,7702.442092516283
21442,2499.149947308397
21443,8434.23504252769
21444,4852.739156592896
21445,4554.0334738842985
21446,4527.683248380881
21447,9573.057721310006
21448,10114.977257093224
21449,6410.431284607531
21450,5399.736852783821
21451,7606.999405686808
21452,6914.070535395411
21453,6382.382407975864
21454,4078.070355205074
21455,2560.136091301928
21456,2849.182382041202
21457,4622.43823295227
21458,5371.927299918678
21459,6581.828984326752
21460,8599.768199323016
21461,4190.360896488646
21462,8686.894538803286
21463,9272.814134150982
21464,3280.9577166170316
21465,3716.625645567521
21466,11976.870771447157
21467,3945.3024679027258
21468,5224.4803476333245
21469,5256.933088331137
21470,4114.751101179186
21471,6046.4482931790535
21472,3084.5635582244386
21473,7678.619850439631
21474,4518.492149944658
21475,5454.482269687397
21476,7653.954193904855
21477,8270.534972712672
21478,7382.590199757002
21479,3817.802200526501
21480,7398.942105969707
21481,13038.654998864064
21482,5359.932639246591
21483,3054.914271184824
21484,7151.54404294768
21485,5913.176992817868
21486,7157.642487171661
21487,9677.330458571074
21488,2732.584167720138
21489,9175.36961513492
21490,5143.517290851307
21491,7689.046117367957
21492,3905.1228913685363
21493,3068.1163787728406
21494,4664.373131058208
21495,4744.298656215371
21496,8811.670637489644
21497,5630.270620005448
21498,5294.348389904333
21499,4348.643308368438
21500,7270.097417584251
21501,6790.713810683238
21502,3662.835007120358
21503,5013.825161129176
21504,4838.015700187638
21505,6083.871837052288
21506,5261.871597878753
21507,3755.4031710974205
21508,5611.818529475109
21509,4883.343938889859
21510,4544.06830555858
21511,7968.729484337495
21512,6155.065851904378
21513,4766.151732579044
21514,5956.8365018507275
21515,3319.7914169034957
21516,4577.193748818411
21517,5492.98585168483
21518,8910.871689533613
21519,6955.070801761761
21520,6674.675794454448
21521,8297.299757270364
21522,4652.710417576722
21523,6820.535494307727
21524,7824.7603973720925
21525,4105.5131642329425
21526,3340.7098008944663
21527,4509.445986673881
21528,5454.882686855109
21529,7371.93654030754
21530,3931.859526269367
21531,3994.6258670451703
21532,7844.285710154257
21533,6177.077693881851
21534,6801.267695426636
21535,3196.3538084851807
21536,7590.807129838002
21537,8509.945377302372
21538,3337.4863241668986
21539,5926.384934247708
21540,3678.5358042376915
21541,6169.137681697957
21542,3888.510209747156
21543,3577.4096594954644
21544,4859.87743386442
21545,6831.503355639431
21546,7359.4844882362395
21547,8189.069240412965
21548,6998.974738065459
21549,4129.054231515074
21550,5193.964161209101
21551,12565.780308156041
21552,7781.686508493755
21553,7497.623232202313
21554,6650.058889628352
21555,5741.521616891529
21556,6309.900428761402
21557,5213.038526673729
21558,5852.423393471867
21559,8887.348535774236
21560,2483.8147329683115
21561,3146.347191038725
21562,3242.9072433724523
21563,6758.4113344274565
21564,8526.872043328169
21565,6251.556889072249
21566,8177.005133199212
21567,4655.507795164306
21568,2699.188181894545
21569,2135.1027526133803
21570,3816.6798374708783
21571,5528.143654824523
21572,7443.4223482060725
21573,6192.92392303846
21574,4374.079558818332
21575,6928.744953276061
21576,5076.174536354315
21577,7769.573951237623
21578,4370.3702228968905
21579,7478.9483025367035
21580,9887.348561246075
21581,3292.8950302553103
21582,5379.555309852451
21583,5063.481950370369
21584,7288.729956546863
21585,3336.3268079673057
21586,7032.621035511081
21587,4884.128931230946
21588,5657.43251762085
21589,7556.965752260688
21590,5644.558625525868
21591,4557.403099278429
21592,4279.064456367465
21593,6253.984860392089
21594,23627.131030816894
21595,8347.245400312288
21596,3183.2023395196716
21597,3932.6857895381004
21598,6711.617014238184
21599,7271.307652677969
21600,4469.439385355454
21601,16085.548390824588
21602,29450.779899333204
21603,4805.548985099095
21604,3036.8307662153416
21605,8543.287811043207
21606,3218.4852595229854
21607,4034.328227205885
21608,3506.716327485625
21609,6841.31564741521
21610,7283.6350190443745
21611,7710.563944666217
21612,4895.617728390928
21613,5956.840852928819
21614,5781.351603834066
21615,5618.928372031755
21616,6228.4717482411315
21617,8136.664117922406
21618,6388.559265496576
21619,6951.729848560518
21620,7384.590069126716
21621,5728.106598109211
21622,6220.722827118324
21623,6233.998765661701
21624,3363.8220786081774
21625,4811.332602264074
21626,5704.7673286713225
21627,6692.8198468914325
21628,6914.432320896626
21629,4686.550598470572
21630,6862.90301462698
21631,4829.478579619073
21632,3982.125280767779
21633,3496.7371909046037
21634,5982.790180257508
21635,5564.601515969835
21636,3404.7104790586536
21637,5300.473303159686
21638,7399.411638456115
21639,2887.6489753129
21640,5692.510530794456
21641,4255.926933232518
21642,3282.109293076377
21643,2533.1602727769587
21644,8900.862052921117
21645,6268.348403495227
21646,4862.009647449514
21647,13214.748252128506
21648,7974.906390124527
21649,4370.205890544057
21650,4930.795904125826
21651,3089.964939502594
21652,5934.804014639873
21653,4731.435045408097
21654,3658.104117329911
21655,9467.41162143798
21656,5681.654870513688
21657,7832.390065161163
21658,11870.40040096089
21659,5903.139180541288
21660,5483.963301098596
21661,5185.147546445364
21662,4626.099349055012
21663,4721.477499797068
21664,10896.529558320319
21665,8486.634112882562
21666,3875.80836122232
21667,3642.702267541246
21668,6096.557739358958
21669,5540.8619288099735
21670,4836.455249015094
21671,7804.209758162472
21672,4681.842098294895
21673,7669.160587525628
21674,8406.929735285872
21675,6747.5818314577855
21676,4860.741510036287
21677,6399.205794974091
21678,9789.649371844549
21679,7908.068463752698
21680,8063.241235639317
21681,3812.1274763612855
21682,6053.100965188572
21683,4014.588547250655
21684,6491.7535156954045
21685,7899.468983779778
21686,8043.53939377647
21687,7684.35077026627
21688,6251.515141159026
21689,5022.368947355331
21690,6149.097564206909
21691,5002.977526350894
21692,3269.8301018596235
21693,13582.059028972297
21694,18238.377542034606
21695,9122.710917472383
21696,6711.819650559049
21697,5705.627929153351
21698,9325.45246976978
21699,9280.103073842383
21700,2707.9511516393495
21701,6442.860932512008
21702,5445.120678275602
21703,6330.6327994419835
21704,2944.813675283505
21705,3888.2449949761663
21706,5822.9625968350565
21707,5274.6973949792
21708,5584.614298175792
21709,3583.774672640331
21710,3053.3553853982557
21711,6415.743939387992
21712,4075.116921217917
21713,5258.66291332332
21714,6031.873660368125
21715,5447.124442663742
21716,6574.656896504947
21717,8513.748910487215
21718,6108.217629082252
21719,7007.558146561274
21720,6163.406421983392
21721,11502.312119105509
21722,5144.967182126872
21723,2671.156587419826
21724,5550.723010839376
21725,8498.165037828381
21726,4640.889469549973
21727,8654.568056751377
21728,2579.761721184795
21729,4465.219958100701
21730,7051.380214888125
21731,6699.782107128552
21732,5032.131379650539
21733,6734.148363509416
21734,8805.233898130073
21735,10254.930275765935
21736,1737.1082743034829
21737,11409.248346962873
21738,2548.2175087715655
21739,3729.0790492567066
21740,6994.901959878755
21741,4278.132824191867
21742,7037.494821760068
21743,2730.37457173062
21744,5034.567563763841
21745,3962.1909095076517
21746,8049.967527229967
21747,7523.759222285679
21748,5164.712465337938
21749,2756.2180339195475
21750,5028.037271892972
21751,9883.792303466807
21752,4185.206232364548
21753,5282.991456146654
21754,9947.796103983144
21755,3458.365646724546
21756,5154.430196236307
21757,4111.2114652936025
21758,7781.873972584405
21759,3730.6545619179824
21760,12249.626239992269
21761,7813.112047296058
21762,13364.672330227218
21763,7654.429808828352
21764,4901.417833093377
21765,2538.884752677888
21766,6029.416207050561
21767,6442.276542084421
21768,4858.017320384386
21769,6809.507609362956
21770,6179.019849603177
21771,3482.5928387937806
21772,7799.863862490562
21773,3736.3983977810476
21774,6104.636169652276
21775,8030.932574341729
21776,6283.248137892956
21777,6534.031935731316
21778,4389.119494288718
21779,5337.6789489204275
21780,8202.538349047567
21781,6773.488758143472
21782,6724.564244817445
21783,3652.9179360893545
21784,9518.975570170793
21785,7121.506526372628
21786,4329.884484253905
21787,6091.360188996708
21788,4550.380172182008
21789,6142.583306262622
21790,3402.6738035167923
21791,3595.833550229209
21792,5752.677619042128
21793,7525.917623926741
21794,5538.809963551015
21795,7729.494301639894
21796,3910.4095304258058
21797,2801.5455397514747
21798,5839.3632224778585
21799,5523.848032887331
21800,3526.785966296171
21801,4350.048545606681
21802,6504.104650512929
21803,2447.989716078638
21804,11553.150424433301
21805,7777.731987352424
21806,7302.749691407838
21807,5962.424187914236
21808,4950.924760420796
21809,11469.926714294217
21810,7167.886450513015
21811,8407.318808162032
21812,4170.924082023396
21813,3639.04434738823
21814,4858.851301651876
21815,2671.6949164315524
21816,12821.212304165047
21817,5950.997840631873
21818,5955.386965870717
21819,5376.294681683133
21820,1601.0545097914414
21821,7470.7949763435845
21822,6065.769759496138
21823,3913.977659720784
21824,4629.946879671142
21825,5837.875343557568
21826,5389.785700308907
21827,4496.658899018123
21828,12559.161320638546
21829,4277.816765904068
21830,4624.084225743408
21831,4377.783242752449
21832,2933.235102178966
21833,6696.600761481421
21834,18639.00551237733
21835,4904.283929952981
21836,6273.702534412807
21837,4814.443177152686
21838,4586.527617628479
21839,3568.30039247168
21840,6187.620404040122
21841,2787.6332170280393
21842,10357.40636605243
21843,6587.422632155192
21844,2792.235222748802
21845,6876.374200453522
21846,3000.5046735424116
21847,4088.7378223150386
21848,5789.642192725993
21849,5864.741930771818
21850,9375.842936328278
21851,2354.1165662093385
21852,6721.037494974918
21853,4545.132285102361
21854,4112.146053442005
21855,16184.853794070166
21856,9449.324249615158
21857,5163.150231168523
21858,3344.669717539726
21859,6190.097680695252
21860,4927.010107289807
21861,2898.911877528892
21862,6242.1176096719955
21863,5026.064898985383
21864,6372.199436922474
21865,8013.5752268960405
21866,4796.3902901658
21867,4995.8840920819175
21868,6754.866285674927
21869,6733.07859656896
21870,8204.552036543262
21871,3425.791633855904
21872,5745.261026996991
21873,8031.865875512744
21874,8578.095668289994
21875,4061.565875769646
21876,7972.1521807957315
21877,2501.6806557903055
21878,8187.595003474301
21879,5290.853032292742
21880,3425.7403503586183
21881,6250.900697881703
21882,5265.469784425229
21883,4395.344291404304
21884,6747.400590859403
21885,3876.159072105597
21886,7086.216663485371
21887,5673.726288482394
21888,7923.991980900779
21889,8966.643818629129
21890,5223.099175597782
21891,5516.368000113206
21892,6075.28592360154
21893,2775.6632722413547
21894,11022.493360128321
21895,2733.4298169226468
21896,4183.391007025752
21897,5167.822393886664
21898,8276.8925070596
21899,10099.729073202621
21900,4681.253510072226
21901,3708.12052157604
21902,6940.697449892434
21903,6858.667139730503
21904,4505.075501447855
21905,7633.879023971493
21906,3376.518530058096
21907,4990.181453340478
21908,3940.959389286566
21909,3466.805042738384
21910,2972.891370190075
21911,7922.813047308307
21912,5081.739942651578
21913,4576.13286424502
21914,3907.3794369013067
21915,9277.938761671712
21916,6098.845191260781
21917,4605.430165550256
21918,5833.37975690443
21919,5383.987396784497
21920,8450.73930084981
21921,3414.094481056046
21922,2412.269806191182
21923,12310.402071049175
21924,6346.058748311495
21925,9229.043520622534
21926,5819.225509823324
21927,3015.6859702738766
21928,9488.50966245013
21929,3575.521481159148
21930,6510.695849219892
21931,7587.962613332134
21932,5002.902863963253
21933,5714.474822619491
21934,4402.9167681981335
21935,4819.312392960277
21936,5422.204975073616
21937,2906.908884835892
21938,5638.557309852472
21939,9791.636518817879
21940,4430.396019433114
21941,2894.279922373122
21942,5035.21799453523
21943,3705.328936724555
21944,2469.311831562477
21945,4874.275292429153
21946,6311.204625828398
21947,3068.337084043184
21948,3759.9037640862084
21949,7054.531612256483
21950,4671.252280644814
21951,9490.412583882398
21952,4420.793468997949
21953,6443.305971624982
21954,3944.7554163249233
21955,4772.703857979305
21956,6171.889990160482
21957,5853.637394019146
21958,6588.360398875661
21959,9630.449903295892
21960,8609.589018559715
21961,6677.602631978297
21962,5225.86093655048
21963,3149.5051113897307
21964,5776.00017231802
21965,9254.217713093334
21966,4156.65089715715
21967,3665.4093733963446
21968,15854.706456662028
21969,3489.0831896167942
21970,5422.730627499118
21971,3618.813855050205
21972,6467.237819787626
21973,8187.034051409881
21974,7685.666260176888
21975,7529.697418961685
21976,6640.129376697617
21977,8001.458095718942
21978,5684.218431605966
21979,5557.845584483383
21980,2291.335172824453
21981,4879.474227088395
21982,3680.7487517892528
21983,2936.7432580570044
21984,5628.266330620341
21985,18246.33067111833
21986,5032.620072393426
21987,2984.6711512157253
21988,6221.822888464276
21989,5081.732751331535
21990,5353.022632667294
21991,2230.2603219822804
21992,3611.33219123635
21993,6454.051625903689
21994,3195.8276495439177
21995,11110.421987075166
21996,11911.672630537032
21997,3388.1665452725797
21998,5808.298570611243
21999,4160.911330650988
22000,4389.28424291671
22001,4657.043857473319
22002,6703.283472436749
22003,3570.4290358405515
22004,4641.435849986654
22005,4589.044034370034
22006,5752.591613519481
22007,5959.65469003436
22008,6692.557954683035
22009,3226.926492449342
22010,8166.381128357457
22011,6493.241422863657
22012,6595.993493120072
22013,3252.808044907797
22014,3513.7904345780403
22015,5555.295962347277
22016,4518.817792918112
22017,9675.782051573102
22018,4584.9790695102565
22019,2678.02156286193
22020,6752.256748941965
22021,5285.6427688423455
22022,6433.030368650314
22023,4898.937677739404
22024,7841.5043539914095
22025,10426.064665878343
22026,4183.284412487267
22027,5636.70395827276
22028,4039.0386168249506
22029,5139.81832974822
22030,3541.771104385529
22031,3877.0438101668037
22032,4775.46032659397
22033,5203.282724373666
22034,11652.373068125551
22035,6342.78566449985
22036,3406.345625846388
22037,6287.867138724871
22038,4993.8559308459135
22039,4833.509720133379
22040,6114.775564784666
22041,9188.298049014247
22042,7086.8849106858415
22043,4304.820683372584
22044,3730.0257313127913
22045,1878.6821817205887
22046,5008.052581288501
22047,23636.37802657447
22048,2429.6159948117725
22049,5222.232857044453
22050,3287.8877737300354
22051,7956.510052067977
22052,5122.2276940136635
22053,6271.4389267929355
22054,5527.337226614647
22055,6521.335334824776
22056,2630.03458953579
22057,5297.902620394896
22058,3693.117994161999
22059,7121.2200486999345
22060,9962.78482600707
22061,4496.234604549221
22062,7691.675200713144
22063,6223.200221717571
22064,4201.2995596231485
22065,4337.195793393151
22066,2659.915719021375
22067,3055.229829044325
22068,8424.704992967332
22069,7739.0165393174575
22070,2389.8939552048646
22071,8594.641731058542
22072,6977.163076050831
22073,4444.540275985154
22074,5237.696912744523
22075,3388.3961065744143
22076,4075.03348264419
22077,4057.8099297239237
22078,6385.388657533571
22079,2483.319253193894
22080,6216.519226633531
22081,3452.902641349056
22082,4883.333812107968
22083,5043.0010996904375
22084,4147.690319031721
22085,7316.644388066736
22086,7380.440855449746
22087,4990.111351219247
22088,4830.620702729276
22089,5708.716139090869
22090,3880.9298632716245
22091,7409.093705281212
22092,7450.392884465998
22093,4912.237069287953
22094,5648.070783700017
22095,6030.5571995830005
22096,4802.589349784127
22097,12104.988275040008
22098,6706.210501597727
22099,3404.742059859049
22100,9758.245194174446
22101,6327.728155643936
22102,2335.493502755702
22103,8283.8368301584
22104,8103.070710973685
22105,6882.6649928086135
22106,5044.318622620423
22107,6985.872969171316
22108,7398.591167296684
22109,4967.943261763947
22110,5118.015584418741
22111,3270.124915849273
22112,6156.218271693758
22113,8579.444055486212
22114,2938.4854147715205
22115,9131.473145222566
22116,8372.094529995578
22117,5360.340927383201
22118,6898.759317790963
22119,4899.257881368379
22120,7536.389870770593
22121,2584.423154762948
22122,5056.914965443331
22123,5404.4896230949325
22124,2666.594868555627
22125,7423.40908844301
22126,7642.803407052389
22127,6883.50129805033
22128,6383.4839807062635
22129,4080.0261282289975
22130,5813.26523121841
22131,7267.548661910946
22132,7459.0519162309565
22133,3069.270442284273
22134,2997.4429114094005
22135,6008.745593699078
22136,10781.07915612062
22137,3381.135237001104
22138,7695.296560538492
22139,7290.354860143885
22140,7749.1486125504125
22141,4091.068199654624
22142,2093.699603980695
22143,7001.041689629415
22144,5725.638334063206
22145,7110.153009415504
22146,8675.389311977917
22147,4492.574733695405
22148,4102.843561077688
22149,3719.7039676635063
22150,2846.3913029166224
22151,1381.8074665293127
22152,6002.317125304721
22153,10198.571094737163
22154,4892.943961694908
22155,6084.285494710055
22156,3125.1080013180276
22157,6514.349703015589
22158,7834.6592811100845
22159,6148.134127974971
22160,6448.559780246182
22161,3807.683357369516
22162,4466.770017236239
22163,3912.27445945576
22164,6568.247737875505
22165,3782.37556980948
22166,2920.6492163567473
22167,3582.3792972443052
22168,3962.1183144692577
22169,6926.191600708188
22170,5346.431674135013
22171,4928.997055616425
22172,5414.808833507281
22173,8981.954038735368
22174,4326.900366948367
22175,4382.7659163527205
22176,7067.793638194486
22177,5809.920774707426
22178,6533.785925908995
22179,2254.1575997715668
22180,4947.646027384496
22181,5307.025751778703
22182,3851.2593476689767
22183,6157.438433889422
22184,6721.580761766284
22185,7366.175665559671
22186,6664.0206969974
22187,6660.071659835838
22188,6161.165301431202
22189,10376.208216231878
22190,3525.0809892751918
22191,3049.457207950675
22192,5564.55785746084
22193,6063.401364728027
22194,5788.996243565668
22195,6138.807035999069
22196,4222.345497617611
22197,7195.202267913805
22198,3147.901736390423
22199,7502.276320676474
22200,4594.199146518694
22201,3771.3076293113463
22202,8253.484702351518
22203,3611.508446558144
22204,6800.588876767223
22205,7471.2109656254415
22206,5647.591939334273
22207,3964.897395307245
22208,3243.936434070745
22209,5533.434650138432
22210,6797.847255872277
22211,5379.106953689902
22212,6776.7537622211585
22213,5731.85350271524
22214,8433.294308748596
22215,5341.606956181687
22216,4059.213968206015
22217,7445.621961271386
22218,3333.98773320756
22219,11628.439975427258
22220,5861.622420348986
22221,4865.701674450754
22222,8605.57690130503
22223,5095.275349629917
22224,5182.884896070023
22225,6771.584072443002
22226,3432.3311742710066
22227,2996.1097290455136
22228,7240.597230615493
22229,3466.9275345341857
22230,10840.348730055128
22231,6440.740120720538
22232,5449.529499442482
22233,3476.22819657508
22234,5908.130846894115
22235,3176.7807757616656
22236,10582.718268174302
22237,4554.790745049415
22238,13040.050199591531
22239,5650.281523809777
22240,4633.376505732852
22241,12501.285992852761
22242,5423.865811322517
22243,3157.025700516196
22244,8643.02244366917
22245,7734.233874295764
22246,4592.619591562051
22247,5886.476342896801
22248,4217.129270624617
22249,2866.0229495765116
22250,4715.000526320796
22251,3551.345884887453
22252,2808.620812681326
22253,7767.644260928218
22254,6057.963153474512
22255,28082.965620615636
22256,6518.666413061715
22257,4209.259574481616
22258,4136.56956671205
22259,6494.944628968984
22260,3084.3743419879797
22261,6277.318189124673
22262,4579.019372336305
22263,5861.511948596288
22264,6097.012197813383
22265,4601.306880505661
22266,3485.389616096331
22267,6119.188626118146
22268,5481.360882009091
22269,4388.159673720812
22270,6066.251743984837
22271,4915.028307580644
22272,3397.600023300577
22273,4453.357060345133
22274,7379.865932389341
22275,8252.453014584038
22276,7159.890467008051
22277,7351.62718769397
22278,3779.4885342013067
22279,5660.807907550351
22280,2353.3653232188553
22281,8083.281706850359
22282,8089.115209145227
22283,9606.610601896951
22284,5794.159194715733
22285,3346.372814994544
22286,4691.859705452525
22287,5944.246568658368
22288,8282.724913428188
22289,4298.882398602266
22290,5175.672775449214
22291,4792.777850511835
22292,5875.795134471096
22293,2616.890283467972
22294,7417.203818634015
22295,4112.8214293121655
22296,7386.014633767944
22297,6396.551861185076
22298,3670.117547416065
22299,7871.478871761002
22300,6056.31699263029
22301,4665.819799258019
22302,4005.248266683793
22303,7447.827178640215
22304,10017.20953314004
22305,5951.107613024019
22306,5565.289398568506
22307,8327.99521699711
22308,7080.011254830842
22309,5500.332556361575
22310,6440.3380484712125
22311,2272.589484239643
22312,2618.618188967539
22313,4685.828536135491
22314,6108.609282511999
22315,8340.765766317327
22316,7085.427480630691
22317,4102.819942096253
22318,7971.24504110554
22319,8426.94280306302
22320,5507.166889667156
22321,3111.1027290422526
22322,10741.253660145418
22323,3624.9388554943102
22324,4686.769313192259
22325,7147.398474879327
22326,3674.3292625170957
22327,5625.028896625945
22328,2968.786513307583
22329,5644.466164697801
22330,5147.947997015359
22331,5481.050955866426
22332,8435.717607536271
22333,7194.362338534666
22334,5674.761051389792
22335,3435.6513656913025
22336,6856.601951556788
22337,11737.592670060478
22338,5468.127461350943
22339,3210.9220954251427
22340,6103.730534634139
22341,5610.962409789918
22342,6767.045780510645
22343,9296.829360431735
22344,2235.4597075543966
22345,7483.67132896959
22346,5014.71718052482
22347,5419.223898517475
22348,7846.830571123439
22349,2704.1731262131825
22350,4311.65774058148
22351,4843.716117590422
22352,7059.401194859022
22353,7630.8893306592245
22354,3977.4663406611407
22355,3775.075035405142
22356,7041.768187796683
22357,5970.641927976017
22358,4928.252119234579
22359,6262.700781295026
22360,4458.8944136711625
22361,6160.238744439074
22362,4398.15803655906
22363,3247.386593512025
22364,5185.376658555798
22365,6077.261899885114
22366,6221.935864247468
22367,7143.729269219188
22368,7756.82931075571
22369,4064.451171777683
22370,7702.507573210667
22371,3113.8252930476624
22372,3651.2082828836064
22373,7493.630305036485
22374,7043.615754097921
22375,7321.318907374789
22376,9075.21126371915
22377,6662.226578844936
22378,4863.83666554749
22379,6960.004669704075
22380,6982.654230613242
22381,4119.057644802383
22382,2822.4100581082052
22383,5238.135227839881
22384,4720.396716830224
22385,5669.434262595896
22386,3387.107539247951
22387,5765.422798779927
22388,7147.510016052718
22389,6306.146318217916
22390,5663.683486175998
22391,2915.191031852714
22392,6262.325861300957
22393,6973.668134976443
22394,3407.6603151117474
22395,5109.424959883444
22396,3302.3510275200456
22397,5509.277628607932
22398,3614.9473188108595
22399,4268.391520389421
22400,4651.235517077771
22401,7318.36875809938
22402,6524.298478344965
22403,7317.334871557427
22404,13366.909793963578
22405,4033.5303580087184
22406,4863.066442761375
22407,10024.845699056923
22408,5537.3253655079
22409,7696.071135384016
22410,6686.255115879838
22411,5226.888913562748
22412,5846.515315141057
22413,4754.923227888498
22414,5035.641105268866
22415,7795.161311549249
22416,4895.314170194515
22417,2706.2385980585723
22418,3438.007528595833
22419,7462.2628432295505
22420,9250.68744750534
22421,6074.546418445887
22422,6371.495793756001
22423,4323.662599738532
22424,2350.649558557425
22425,1791.9681447209045
22426,3542.9411812511794
22427,5549.3705460227575
22428,6854.145310108169
22429,5025.551907037303
22430,4531.705310108459
22431,8180.234761732489
22432,7274.031479384329
22433,7396.400460205542
22434,5019.672124827183
22435,7664.544999441007
22436,8667.61654063667
22437,3516.7951655876673
22438,5698.132853159723
22439,5151.673781784155
22440,6406.547885362692
22441,2872.0724719818268
22442,5243.0734620715975
22443,4676.400088408143
22444,7922.367978808695
22445,6025.677196266876
22446,6947.422566453136
22447,6861.463476487638
22448,4765.0077678089865
22449,7487.870823719275
22450,17293.431328782543
22451,8401.793897906135
22452,3592.529323573425
22453,3206.9880376915658
22454,6434.913983594516
22455,7788.585782382663
22456,4451.401631019748
22457,8908.992969070408
22458,16817.19349083967
22459,4805.028983476951
22460,2628.1708839434423
22461,9573.031734247961
22462,3118.519747683431
22463,5640.944457500894
22464,3313.692805831456
22465,5849.776037910465
22466,3515.5232378436426
22467,6694.880411807884
22468,5183.0879838691
22469,5621.920284157823
22470,9818.370822046727
22471,6105.776436332418
22472,5906.788919083013
22473,7585.679113540694
22474,5499.508215070441
22475,5958.790251114718
22476,9036.470132942466
22477,4932.190512384335
22478,5624.21503789109
22479,4239.646965963451
22480,3327.488628693766
22481,5054.255879862078
22482,4648.557253737811
22483,4893.904262189893
22484,8245.202569519595
22485,8277.62875190252
22486,6902.987142330634
22487,4448.083442732349
22488,3718.986457329003
22489,4259.895962543887
22490,4437.139846472439
22491,5671.196145899305
22492,3070.7498383051066
22493,6780.559429324036
22494,5379.654963919832
22495,7453.751733677451
22496,5201.861805189901
22497,4094.130007597101
22498,3330.2145914936814
22499,2724.358209420397
22500,8362.077715283081
22501,5592.890872202144
22502,6026.878855461287
22503,11847.366023287477
22504,7635.946975383398
22505,4726.433016682238
22506,4970.772655131417
22507,2680.2664427607774
22508,4424.7317325352715
22509,4188.876317616243
22510,3708.5511319363723
22511,8682.953986188304
22512,4875.240040418375
22513,8530.882694509242
22514,9770.746619347825
22515,5404.239944646137
22516,5300.661244388146
22517,4480.22724910437
22518,5041.316331000444
22519,4638.10975025405
22520,11128.77002508744
22521,6133.601446143136
22522,6603.944112520749
22523,3267.8364724964526
22524,5681.966533655701
22525,5488.763795537888
22526,8036.093206884332
22527,6348.418054831882
22528,5132.870751106076
22529,6552.763220783834
22530,4860.025504915095
22531,8325.559634838439
22532,6678.270877288946
22533,6340.656246202567
22534,8763.041994411433
22535,6886.03210956109
22536,7831.06011061056
22537,3433.609342525439
22538,5236.655594569126
22539,4686.176395215665
22540,8520.724298294008
22541,6795.264598509992
22542,7142.862047642588
22543,5936.807844785688
22544,8060.487112575781
22545,4867.096813103927
22546,6577.04702163934
22547,5880.8470839340725
22548,2992.6181040542724
22549,12902.831828817072
22550,15004.796369810516
22551,7070.192077637314
22552,6333.237957922864
22553,6809.404890027698
22554,8196.846125260818
22555,7831.785838824947
22556,2811.7155823273256
22557,4624.6654144608
22558,5474.7802385167815
22559,7701.679073722968
22560,2522.4329082950235
22561,4420.28546697484
22562,5050.83632423608
22563,4950.863825789526
22564,5113.186848844026
22565,3043.826711668351
22566,2821.069697767413
22567,6688.983581180526
22568,3669.3188327443977
22569,4715.874408379874
22570,5012.936893102063
22571,5162.268513309172
22572,8393.409685228778
22573,11066.914959249185
22574,5191.606280516274
22575,6704.69775821597
22576,6227.6008072166105
22577,9821.462105823686
22578,5024.950265984691
22579,2862.618367706129
22580,5178.481453958327
22581,11067.793656380205
22582,4095.8579535875515
22583,7234.379422304922
22584,2195.3068377125433
22585,3848.695819513788
22586,6154.891026411962
22587,6018.527749874804
22588,5192.366104214956
22589,8646.709488208833
22590,8989.170664037218
22591,7747.534204479843
22592,3937.320700117311
22593,10980.524208899567
22594,2093.4736366860757
22595,3763.9394310059956
22596,6677.825224610706
22597,4694.489739978116
22598,10082.77117033552
22599,2681.7786363945825
22600,4980.486426047675
22601,5769.744465598873
22602,7447.892141134747
22603,9060.064091336248
22604,4661.391194262028
22605,2972.7834839429543
22606,8730.407623455041
22607,9116.047347139138
22608,4548.300279651258
22609,5393.780266282986
22610,7985.069201295126
22611,5760.108805835144
22612,5022.801409594104
22613,3891.4429935607304
22614,7149.570840446223
22615,4367.072495951102
22616,12200.6288679386
22617,7276.867563679269
22618,13030.052453241118
22619,6967.915858257689
22620,4541.521666207094
22621,2164.5206591837523
22622,6169.542195349485
22623,5734.323376543091
22624,4986.726175541816
22625,9017.775284780895
22626,5568.334237110719
22627,2744.525881477276
22628,7155.951505017446
22629,3366.7512205596195
22630,9282.527090669628
22631,6871.741196703666
22632,6920.904575679758
22633,7855.471623205224
22634,4540.072698336588
22635,7147.788397810951
22636,7865.681459974505
22637,5500.679894310666
22638,6198.579148307498
22639,3902.7778413235733
22640,8402.367085218642
22641,5607.617951696361
22642,3658.1790597900444
22643,4933.608649290319
22644,7938.350947057457
22645,5752.8521187163915
22646,3745.133363345312
22647,5230.4255442789445
22648,5042.231425240217
22649,4915.320958286851
22650,5048.764934597803
22651,9610.36615479144
22652,4573.009287705722
22653,3370.2999807220494
22654,5690.655965393139
22655,5443.986541687423
22656,3213.8391417191665
22657,4836.911071490567
22658,8500.486460794173
22659,7333.389766058919
22660,10443.124467623753
22661,8135.115584099731
22662,7166.159031677644
22663,6132.777898793102
22664,4443.2681803557225
22665,10269.976478007107
22666,7837.885706174373
22667,6689.385685794691
22668,5126.69020674039
22669,5454.119034316787
22670,4656.129686744545
22671,2253.9118644106707
22672,11941.229732354934
22673,6031.328992317845
22674,5666.215844053033
22675,4980.0007595896695
22676,1314.0669343588395
22677,7796.266514057248
22678,5942.81523367111
22679,4916.365308633355
22680,4046.7961578149807
22681,5281.875583486038
22682,5221.688026489377
22683,3998.0438504933777
22684,8794.021674538768
22685,4276.994461900123
22686,4397.53161261618
22687,3536.793441461441
22688,2563.932799229465
22689,4982.502299863939
22690,13061.809102423935
22691,4514.772315792448
22692,5553.346104265872
22693,5111.90220347835
22694,4081.848096011901
22695,3369.8568035396706
22696,5604.418428613467
22697,2820.481668545385
22698,9421.080961710764
22699,5997.875234355987
22700,2662.2185272371644
22701,8081.8354428478815
22702,2509.4193588260305
22703,3678.8270303221116
22704,8508.0977211839
22705,7613.139642762371
22706,8516.750418055113
22707,2361.6195774702687
22708,4943.037063864839
22709,4240.78550639878
22710,4018.460279770837
22711,15634.263687641174
22712,10437.975017806159
22713,5223.790608032866
22714,2951.4038787530358
22715,5645.882237546351
22716,4377.792905430827
22717,2573.368831838293
22718,7649.961622378916
22719,4695.809515179688
22720,5678.291229980802
22721,7020.502271657846
22722,4680.069160815335
22723,4742.456650360896
22724,5461.6154109146
22725,6850.721171933804
22726,6507.328579144142
22727,2783.8371546808094
22728,5844.444062174764
22729,6922.513079671794
22730,7916.500728898423
22731,6084.018156843728
22732,6804.958991682901
22733,2204.9820646845133
22734,9005.501498265194
22735,4892.642004058631
22736,2907.698579652198
22737,4596.590148146185
22738,4559.514264695618
22739,4514.649954389022
22740,6165.74355226946
22741,3719.4658985695746
22742,5877.193205612888
22743,4912.711990540454
22744,7344.3890884410275
22745,8412.34877772697
22746,4502.635079194337
22747,7399.498479015608
22748,5965.126633906921
22749,2773.971552673504
22750,10600.409186354173
22751,3591.0509871834747
22752,3353.8492631010627
22753,6197.815586953857
22754,9375.743782059973
22755,9270.136533031402
22756,4060.91703970398
22757,4451.65265139257
22758,6780.572812233834
22759,7105.522334827733
22760,4591.127719731969
22761,7807.773252238061
22762,2756.5414814450082
22763,4924.275257036685
22764,3881.212323812498
22765,3274.9763717229052
22766,2813.413412412137
22767,6935.347374502762
22768,6011.082678461881
22769,5377.3110236024395
22770,4927.072178008088
22771,7266.175332682031
22772,7738.611516606747
22773,4691.515878718546
22774,5413.574530178105
22775,5435.590124977684
22776,6793.522091988671
22777,5228.459350114733
22778,2053.3918827207563
22779,5828.095472236136
22780,6297.064329918538
22781,6058.633597208495
22782,5498.725197260241
22783,2698.0844358515833
22784,9009.431172940967
22785,2811.709331343335
22786,8748.725092548371
22787,5376.748431972492
22788,4552.801084705836
22789,7715.367671038324
22790,3778.7569612668767
22791,4052.5911783625857
22792,8959.401345868313
22793,2601.2911016217395
22794,6357.035491705396
22795,9344.785294410052
22796,6573.462884077573
22797,2382.1734907876885
22798,4837.544563040914
22799,3682.0247178642976
22800,2214.8700269375904
22801,4952.465970039766
22802,5908.736439074919
22803,5065.519972537555
22804,4388.582584170468
22805,5402.817192538159
22806,4715.351631665148
22807,8695.633912004923
22808,5036.883027866103
22809,5807.300354978487
22810,4094.8836721804973
22811,5083.019552360255
22812,5585.022713617379
22813,6164.4698411202535
22814,7735.785409053746
22815,8478.536519293682
22816,7278.0037781073925
22817,5804.065744057933
22818,5213.3699121072
22819,2725.379737641269
22820,5436.406043929669
22821,8552.328994251186
22822,6700.52503263158
22823,6513.661060056026
22824,13659.099544696064
22825,3107.9590967857253
22826,4883.110331645896
22827,4117.36055703039
22828,8393.439238803401
22829,9018.15911181698
22830,6683.980618183902
22831,7050.022020430706
22832,7352.146728422578
22833,7874.713299166435
22834,5727.447489558611
22835,5117.489984742691
22836,2175.1028268162017
22837,4966.995638150558
22838,3349.7611106297845
22839,3066.263703392034
22840,7172.71240877744
22841,17553.48207230729
22842,5333.905955454536
22843,3138.802934990293
22844,4654.871198939659
22845,4203.427788412949
22846,5853.128562274493
22847,2035.1836966655746
22848,6306.734273162937
22849,6625.182145440436
22850,3426.4115079869666
22851,10524.258522095723
22852,11390.908192856972
22853,3549.498804151304
22854,5367.733338392822
22855,3741.524724114998
22856,3701.089430114343
22857,4226.294534960893
22858,8727.759568358044
22859,3832.5061553475834
22860,4291.879941001067
22861,4835.430605710059
22862,5329.128167717879
22863,4827.112159120915
22864,7012.890997152005
22865,2994.258453270207
22866,7600.337904249001
22867,5899.979921828073
22868,4771.645490226689
22869,3969.3968606816893
22870,3914.7667244373815
22871,4657.966080704708
22872,4351.863749014369
22873,9072.183704098024
22874,4216.8193609184655
22875,3862.4967901586056
22876,6280.680312618678
22877,5150.45448923474
22878,5457.922738589894
22879,4938.646776194891
22880,5864.215894027976
22881,9156.474326528223
22882,6528.769932107872
22883,5812.086275150325
22884,3507.6079658395392
22885,4518.968410767557
22886,6054.310356416334
22887,3848.6548394147303
22888,4384.457389123175
22889,4813.068103739031
22890,11800.191226788405
22891,7506.57090999735
22892,4296.924137951389
22893,5253.39074421286
22894,4842.209098707159
22895,6721.7482934296695
22896,5116.502776439674
22897,8691.637810286615
22898,6137.854898224812
22899,4750.04401562231
22900,4024.296163715631
22901,1857.793779281451
22902,4229.438265291366
22903,19604.253682414812
22904,2091.535672475254
22905,5249.598886509518
22906,6069.277307001184
22907,6814.122878946156
22908,5484.049726311638
22909,7696.653879147877
22910,5468.709278705247
22911,5840.431065907052
22912,2725.3836150514508
22913,7563.653530522822
22914,3888.5515794488965
22915,6394.785265406963
22916,8282.929808849362
22917,4196.695080042686
22918,7340.838953088657
22919,6164.083556490568
22920,3199.4360900020924
22921,6510.280028879094
22922,6326.57981624227
22923,2717.4124687041513
22924,8362.610779810488
22925,6339.214955136678
22926,4590.221304789724
22927,8643.559208954155
22928,7562.178847828685
22929,6587.16181756538
22930,4471.991930126793
22931,3630.159754058663
22932,5100.62514920014
22933,3363.225923645959
22934,6345.727530295934
22935,2348.2533778464376
22936,5795.847601785035
22937,3024.388753327487
22938,5298.758986715382
22939,5305.438632496144
22940,4686.262567148411
22941,5305.932365778475
22942,8003.671545449276
22943,5045.088397542222
22944,7194.352086231235
22945,5585.155452840481
22946,5878.841424801991
22947,8839.194876066125
22948,6835.679039335684
22949,3794.190002552168
22950,5367.491705890542
22951,5143.896632447219
22952,4386.353851013229
22953,11729.475868085236
22954,6115.907853154807
22955,5597.785120115555
22956,8218.658161371677
22957,6647.151566304749
22958,2050.985110643323
22959,8599.24230405254
22960,8003.366969485221
22961,6220.459122013251
22962,7215.3696238481
22963,7028.609867971882
22964,7992.504259187718
22965,4977.228686812692
22966,4267.974948858633
22967,3320.694259270977
22968,5915.153752265426
22969,7630.553580403899
22970,2820.6129145883624
22971,7081.894498015687
22972,7017.162695703845
22973,4731.119925682969
22974,7114.427400217289
22975,4601.354020061787
22976,6856.858802949765
22977,2863.407500270255
22978,4839.963370424819
22979,4920.2282567759285
22980,3511.4728740556984
22981,6484.386122144067
22982,6479.290633799499
22983,7550.780380096194
22984,5959.158385932579
22985,3993.5454069304537
22986,5730.533398975517
22987,6672.2263975170745
22988,5900.1081417987925
22989,2997.841638549846
22990,2665.276545287116
22991,8439.604825382265
22992,5820.5819033449925
22993,3800.522839121955
22994,7484.09672837821
22995,6645.132203473366
22996,6256.675290772245
22997,4701.954946573116
22998,1750.6377668256648
22999,5722.828647529051
23000,6040.405559222207
23001,4987.778394554748
23002,8608.80694924278
23003,6274.640751480145
23004,3620.8464009480945
23005,5895.293654479295
23006,2879.2459075255724
23007,1167.6434848220283
23008,5933.996518359755
23009,9438.347898693597
23010,5623.319447058265
23011,4352.852481860052
23012,3038.507854629745
23013,5040.734040539833
23014,7715.505535732044
23015,5562.095769050462
23016,7973.05252305643
23017,3903.303762140268
23018,4275.036970534544
23019,3578.866402463698
23020,6185.532777499965
23021,3500.3648158476244
23022,2543.6323045465197
23023,4287.490166826731
23024,3660.2122216644875
23025,7558.4792669086055
23026,4434.588620869148
23027,5108.636913624552
23028,5256.8623937916245
23029,7415.493550099759
23030,4771.241005987609
23031,3872.6489007591476
23032,8940.496908305337
23033,7170.949745393637
23034,6505.309746340883
23035,1936.775209866665
23036,4733.732985685209
23037,5259.168988419484
23038,3916.304806502724
23039,7622.794907221326
23040,8383.173205152383
23041,6299.89068756292
23042,6127.53699497535
23043,6137.410933092754
23044,7314.731041027806
23045,10682.169215120888
23046,3098.6061759490053
23047,3748.4346436550977
23048,5158.227126044732
23049,5717.903283106727
23050,5486.877199040881
23051,9843.57024852085
23052,6604.215801508974
23053,6277.420649386332
23054,2624.597307268599
23055,5476.186952359686
23056,7011.202189996266
23057,3322.5691650206754
23058,6111.639793727709
23059,3121.333880617417
23060,6535.369448897479
23061,5356.5596245010165
23062,5162.921380330968
23063,5295.324134734556
23064,3869.669624954103
23065,4774.316628906024
23066,6697.558340435343
23067,5014.617937976033
23068,7936.0682266218655
23069,5505.983138765868
23070,8065.050753358155
23071,5127.7514130781055
23072,3624.199389465828
23073,8419.13778110187
23074,2805.710669377465
23075,10086.12299547274
23076,5685.0020813405745
23077,4813.318322070978
23078,6549.876196826327
23079,4618.37478157972
23080,4074.56324364758
23081,6511.68658726151
23082,3119.923421817273
23083,2932.55197646371
23084,5698.635073148036
23085,5729.774086078853
23086,10303.239977847648
23087,5561.632210081375
23088,5162.998132997703
23089,3582.3098009164905
23090,5631.692182098773
23091,3205.375626297777
23092,9512.087780668606
23093,6711.587064705445
23094,12916.174344724779
23095,5668.205874507042
23096,5001.248265709169
23097,7597.695932276946
23098,7107.828201211628
23099,2855.6622172225466
23100,8316.486592730023
23101,6880.675927325659
23102,4913.100386268302
23103,5422.009755433511
23104,4556.72444404415
23105,2968.5776849448407
23106,4963.357146820759
23107,3684.593610127617
23108,2847.443012997177
23109,7142.210278170896
23110,5895.743670341452
23111,21920.398148733886
23112,6751.1664698243485
23113,4321.679438944867
23114,7312.198414912275
23115,9476.410116062387
23116,5634.3027095125135
23117,7360.780760990119
23118,5294.749159840538
23119,7414.194133549843
23120,7484.520087066229
23121,5166.665660861933
23122,5955.362241807878
23123,7423.734147515092
23124,7851.313721937699
23125,7405.301204164574
23126,7970.233080482837
23127,5672.084681295656
23128,4667.37325106645
23129,5725.681933855385
23130,10419.227227952175
23131,10762.049400874725
23132,9759.688539256824
23133,8461.729701772905
23134,4419.908694177462
23135,6068.478317029343
23136,4206.896376718618
23137,8606.576559086223
23138,11193.224204994161
23139,9176.82521236994
23140,6164.6943878481125
23141,5802.8212619960905
23142,4310.950950086835
23143,6037.1899870765965
23144,10449.653583445763
23145,7040.601870628144
23146,5302.030895712457
23147,5455.222887298996
23148,7090.190872801885
23149,3557.7772993923954
23150,7403.518596606593
23151,4472.666101882788
23152,7098.567007857665
23153,7165.294512023798
23154,5532.142818298479
23155,7883.731430572621
23156,6617.852415683714
23157,4571.30922509264
23158,7043.701090253052
23159,7422.146799380468
23160,11798.149796102525
23161,6272.794070284819
23162,7448.6427080932635
23163,7309.803054328867
23164,8851.685528856851
23165,6421.949765385803
23166,9583.215733250301
23167,4514.760495679244
23168,4531.323967492422
23169,6222.991661648971
23170,6475.443856963194
23171,9412.930173350833
23172,7733.349830492004
23173,5444.24713477352
23174,7581.760743248964
23175,6998.1327926941285
23176,9576.036053508938
23177,4240.200488159175
23178,13373.650674170764
23179,4921.03540376759
23180,6174.882044440142
23181,8380.456508089828
23182,4474.176439583963
23183,6762.885445295367
23184,6710.702371006558
23185,7858.582585086455
23186,5907.8350624915365
23187,5420.791089376704
23188,8108.246072263621
23189,7656.126502108845
23190,7091.469771969004
23191,5003.858486616999
23192,6867.101217748978
23193,11661.400944546827
23194,6392.913145904721
23195,4562.3966322733695
23196,6888.820206777989
23197,5724.583426366788
23198,6156.913449681149
23199,7820.409938111435
23200,4173.150862061272
23201,7972.676079555705
23202,5937.463519686399
23203,6840.187325627163
23204,7945.953764624459
23205,5075.831288643556
23206,6044.892569846798
23207,5185.306341676395
23208,7834.078102686862
23209,9101.601394508061
23210,4881.7643356322405
23211,4501.091147588342
23212,6845.669648293639
23213,6063.59899377987
23214,5665.685632440225
23215,7903.082358461449
23216,6532.797857540095
23217,7466.17648533181
23218,5272.333486364434
23219,4889.547235926466
23220,6266.440092721785
23221,7813.955944295755
23222,7430.874834262164
23223,9032.381402652396
23224,8789.908937237275
23225,5792.863603217507
23226,8671.86024601344
23227,5931.454871979945
23228,7281.287665214099
23229,8924.887516099488
23230,6895.199157628969
23231,10217.41765089082
23232,8171.2921217423345
23233,7730.06690376636
23234,5989.04853795392
23235,7672.712392803706
23236,7946.483667347639
23237,6185.221476292825
23238,3937.3542511361525
23239,5501.519812525124
23240,7605.124001337021
23241,6538.385209494512
23242,4621.170238399699
23243,8904.182077612966
23244,6417.864455384771
23245,6189.342028229632
23246,5644.191931479255
23247,5606.38926811532
23248,7544.808022617952
23249,7049.230946732122
23250,6434.403082716785
23251,5540.101300938999
23252,4825.301413893695
23253,6978.115579806436
23254,4001.229994358851
23255,6378.95715941102
23256,5084.306964403734
23257,8707.04958151092
23258,7180.332248813403
23259,6312.639972657508
23260,11887.336838192125
23261,4836.413845639756
23262,5189.849463105261
23263,11057.063961794216
23264,6755.488125073245
23265,8398.606094950304
23266,7844.744324577779
23267,5941.748972695768
23268,6200.955014762075
23269,5728.895246110024
23270,7985.79690768742
23271,10657.881018523552
23272,6272.994428767127
23273,3547.602409727858
23274,4821.413423928683
23275,8924.152929571597
23276,10034.463843460011
23277,6592.219847757867
23278,7256.090718693275
23279,4735.567102452274
23280,4947.977922181477
23281,3331.555763971132
23282,5042.429335325189
23283,6282.536544504927
23284,7140.340557610326
23285,6513.809984188075
23286,7100.61459453288
23287,8715.750025888576
23288,8666.74921491934
23289,7733.13211898028
23290,5171.717160953695
23291,9039.02806949522
23292,11310.56289551828
23293,5916.344274086903
23294,7683.270488913137
23295,5664.562816171797
23296,7151.3921485320725
23297,4333.665682183317
23298,6779.316090823143
23299,5756.091264518996
23300,8536.760362300389
23301,6832.964416448256
23302,8519.850803537183
23303,7838.086367543966
23304,5569.806309203974
23305,8596.816518833386
23306,18871.489864646097
23307,10744.12842931621
23308,5477.443084659245
23309,3308.224724324188
23310,6847.868353071189
23311,8831.405045839852
23312,5910.877475727863
23313,11686.05801349687
23314,18694.96116006749
23315,4004.6493572956624
23316,5027.138138843061
23317,8752.673820256732
23318,4857.284339474333
23319,8041.400273337253
23320,6252.352122177562
23321,7846.270545132532
23322,3849.7593366202063
23323,6837.472833229216
23324,6404.532753710393
23325,7395.148372495364
23326,9744.62262615524
23327,6654.520494708859
23328,6039.188567203007
23329,6880.844701200091
23330,5437.555996664298
23331,5112.225603235866
23332,7868.199539645842
23333,5755.016225184457
23334,6150.722876499783
23335,7347.458093521981
23336,5765.97020026088
23337,5186.259135205085
23338,6675.049972945121
23339,6719.028511478939
23340,8992.11866348445
23341,7330.65538531466
23342,7080.045128580943
23343,5568.963839953588
23344,4061.476010092031
23345,6594.750082964686
23346,6163.328753037919
23347,5793.00231503194
23348,4668.712555186975
23349,9069.999128097536
23350,7251.858863242595
23351,9499.36574425468
23352,6389.171410773083
23353,5741.9326605500755
23354,5534.351958679311
23355,4579.033690975727
23356,10158.921580255945
23357,5498.628176189429
23358,8293.62461763942
23359,13559.15372668109
23360,7532.289093494951
23361,6692.230795359059
23362,5121.271677571837
23363,4784.001800272573
23364,7630.055025666828
23365,4453.815181517626
23366,5360.59320022555
23367,9707.92916590987
23368,5974.737875844952
23369,15914.561781017144
23370,12828.711090234121
23371,5301.034223284982
23372,6713.514151467458
23373,5486.843476155365
23374,6494.55462999225
23375,5560.674165433364
23376,11412.621797444808
23377,8085.63006873628
23378,8631.929427469935
23379,4419.397493560967
23380,7643.435965303165
23381,5214.1272847779455
23382,8796.006943517761
23383,6912.596491117551
23384,6472.05149342713
23385,6711.73070303135
23386,5631.470217712483
23387,9012.61163056452
23388,9123.984228467305
23389,6061.062963714321
23390,10500.717996253345
23391,6697.5496807596355
23392,8992.297592832612
23393,5258.730091917339
23394,5356.907511815912
23395,5404.779431762631
23396,10039.656065158397
23397,6840.359480362476
23398,8373.928451836786
23399,6949.675715043347
23400,9684.352547682944
23401,4879.65549710481
23402,8247.365880856538
23403,6717.43495903433
23404,4148.0481970137
23405,14669.73360451678
23406,16326.45200295583
23407,7355.856566441338
23408,7872.6270878319465
23409,9143.675297238207
23410,10704.288446245064
23411,10280.326082478741
23412,5847.752436368594
23413,7758.685104537818
23414,6427.531144328239
23415,8410.684940426077
23416,4282.139297947821
23417,6134.988124040676
23418,5547.016557121619
23419,5692.295381223025
23420,7766.507185786281
23421,4917.228915991521
23422,4757.589714904693
23423,6804.832744860759
23424,4031.300398253664
23425,4625.668036828502
23426,5683.984385069611
23427,6740.24654980866
23428,9301.78710223942
23429,8988.424214949655
23430,6742.35943512864
23431,6591.4200589852435
23432,6577.488250512504
23433,10795.523532109204
23434,7485.595252039865
23435,6082.9687350196355
23436,5006.612212109156
23437,9587.240093297134
23438,4351.580219114716
23439,7695.244710648875
23440,3640.943718200493
23441,5091.6518030292045
23442,7382.391019036524
23443,6388.614556895481
23444,5690.3670445874
23445,9132.138651817731
23446,10426.433016862857
23447,10902.110803869817
23448,5790.928372219447
23449,10320.425942313348
23450,3375.5103149680376
23451,5518.291950064818
23452,7119.526050243565
23453,4459.28767818034
23454,8528.933523291322
23455,5335.903158495312
23456,4885.702968854139
23457,9138.291378693797
23458,9895.026701486096
23459,8224.153437568684
23460,5349.316790749293
23461,5293.550273393679
23462,9900.073070672886
23463,7800.254290951744
23464,5932.09045463054
23465,5581.241986518266
23466,7017.219096948776
23467,8848.801902390094
23468,4756.447733263505
23469,6463.546367488624
23470,8048.075552246556
23471,8664.666955185006
23472,13170.444671860147
23473,5888.703251038049
23474,13824.578144013682
23475,7028.152594109498
23476,5079.42880278291
23477,3826.482270677193
23478,6410.014783786464
23479,6240.535020077248
23480,5815.319341271568
23481,8095.691189661605
23482,5258.960641951463
23483,4640.852929163884
23484,7352.698193343825
23485,3709.1105398759564
23486,7878.140956504442
23487,7110.065417935777
23488,7785.443453499304
23489,9327.694257700552
23490,5465.15483384656
23491,8956.477059681323
23492,6358.740081822438
23493,5301.593437188665
23494,5820.877252647363
23495,5217.585484481102
23496,10001.824390888634
23497,6182.789079295306
23498,4663.0168665530255
23499,7386.04594924032
23500,9218.138479481564
23501,7683.234767606969
23502,6080.357275774529
23503,8625.369723688742
23504,5196.926102990693
23505,5717.759366871623
23506,6109.714333542388
23507,10101.711234727965
23508,6387.230849173713
23509,6052.274307846746
23510,5883.340380194412
23511,5694.056647022706
23512,4326.349553503262
23513,5627.080465840746
23514,8597.94971618041
23515,8513.46325025965
23516,11634.663988012522
23517,11272.03990162662
23518,8271.27794748998
23519,6639.128825399191
23520,4812.921579620405
23521,11329.020126664664
23522,10416.215213180853
23523,7518.1215759135
23524,8223.711680799956
23525,8933.624395810848
23526,5445.552700670777
23527,3594.056456799465
23528,10837.792168480164
23529,6548.315008517707
23530,6857.733603066313
23531,6231.168423098152
23532,2903.9486147826005
23533,11312.717171347054
23534,6145.17540455849
23535,6051.1849123081765
23536,4951.016271767035
23537,5411.623387889356
23538,6354.167722905562
23539,7889.91821533653
23540,6756.032796785238
23541,4691.507040247281
23542,4904.74916272034
23543,4110.964043966612
23544,3291.635814006264
23545,7532.3315075770415
23546,17221.681828127028
23547,4789.934833238479
23548,6242.271559821245
23549,6855.215835763915
23550,5576.785634820945
23551,5346.779454608383
23552,5244.8546277478645
23553,4322.46347260114
23554,8070.7584295965935
23555,7566.212135790481
23556,3983.7641265488965
23557,8810.76243578258
23558,5509.695779301554
23559,4641.401661881123
23560,9330.566706653757
23561,8438.862664434908
23562,9186.475726317856
23563,5260.408696134605
23564,6797.468542606728
23565,4872.401451487108
23566,5245.153716559962
23567,14699.659041395955
23568,10014.375099669836
23569,6771.209153947121
23570,5300.656092835277
23571,5182.688615837012
23572,5739.8928198987505
23573,4741.541527952508
23574,8883.404420837907
23575,4983.77424640082
23576,5588.926902310101
23577,7634.8086462200245
23578,5060.474590985955
23579,6215.072249596628
23580,6567.686844044206
23581,7843.83631416656
23582,7249.964135047246
23583,4335.887276246786
23584,5609.858704123806
23585,7097.147243476795
23586,9163.465424243868
23587,9067.014198882276
23588,7158.260622429522
23589,4461.665246485015
23590,8157.593880139572
23591,6025.261631927276
23592,4635.047855067963
23593,7618.321487257441
23594,7628.647013609255
23595,6675.514277142666
23596,6225.388642607776
23597,6090.847787603473
23598,6690.231687830791
23599,5642.970105067953
23600,6684.332687670781
23601,7501.42537769076
23602,5802.638968016331
23603,9165.36538701217
23604,6272.131305670784
23605,5156.520132154061
23606,12699.804664497693
23607,5947.019134037516
23608,3672.1858511185806
23609,7754.5231554777765
23610,8698.186634044505
23611,10034.896347579886
23612,4687.536514757838
23613,5877.796361933513
23614,6264.748807560088
23615,7663.2579001885215
23616,6443.724126024333
23617,9162.083807364475
23618,3363.1469788590375
23619,6630.955541753068
23620,6220.047377211756
23621,5323.253474191366
23622,4958.967663859403
23623,6959.260446754488
23624,8254.834374656099
23625,5331.270140210027
23626,7913.597309270802
23627,6863.479635787202
23628,8670.166515035698
23629,5174.469294442674
23630,6522.801141759017
23631,6359.897840865706
23632,7769.305279021105
23633,9087.840323884324
23634,4276.819324513131
23635,7619.3557615443915
23636,7265.47180997837
23637,7849.170590013868
23638,4535.170619230722
23639,3896.1540967407345
23640,8243.545951211685
23641,6425.384225107405
23642,9364.988071705473
23643,7205.4240249901
23644,5684.84858305624
23645,8815.140246007813
23646,6651.018599595466
23647,6658.312456701739
23648,7895.516399063683
23649,5975.784814503964
23650,8049.238097090769
23651,11529.60211324718
23652,7477.6987915028385
23653,4590.017197874709
23654,5742.433782095983
23655,4626.957687383499
23656,3537.9975579303846
23657,8399.371743643193
23658,5939.879775869167
23659,9040.600088459505
23660,4740.381527088698
23661,6912.694106211872
23662,6353.163839151039
23663,9472.501653148169
23664,5301.1880158402455
23665,5835.626811528381
23666,6054.537522545674
23667,6942.974139470313
23668,5401.503969666752
23669,7265.917096714234
23670,7800.67820476684
23671,9437.85835672323
23672,7527.20349659418
23673,7533.368360098068
23674,5986.94589181543
23675,4520.39916799504
23676,5497.912793957938
23677,11505.882049685253
23678,9424.760656203187
23679,7132.215055597516
23680,15767.625799568881
23681,6020.548572487132
23682,5049.165863703352
23683,6189.025571078851
23684,9413.253296582026
23685,9915.665856156931
23686,7047.041226830969
23687,7775.253761385794
23688,8681.000588085779
23689,7306.308678269231
23690,6640.859275451135
23691,6308.921574350665
23692,4960.931990509659
23693,5278.050028606546
23694,4091.047073910398
23695,5500.092612380692
23696,9314.169604446648
23697,17198.5908660096
23698,6498.5452075390285
23699,4853.739498500102
23700,7369.048743541061
23701,4316.515590941054
23702,6563.953731143041
23703,4348.0257413674135
23704,8635.186248942511
23705,6718.865695424458
23706,6375.043381892791
23707,12945.53967285719
23708,12854.527044683313
23709,5635.993569127328
23710,6686.452370384961
23711,3934.314402532931
23712,5125.452850981648
23713,5183.554895259629
23714,9154.746634534999
23715,5002.073856902193
23716,4623.448555788779
23717,5827.124379841766
23718,5696.070234805994
23719,7170.932363750163
23720,7563.217926498845
23721,3441.8716151528456
23722,7449.1212773236075
23723,7821.054444426406
23724,7879.481065565837
23725,5143.3582231657265
23726,4830.210169700354
23727,7931.0509740809175
23728,4545.90236482484
23729,10069.204010543071
23730,4746.528349125237
23731,5628.214286721664
23732,6726.532750422318
23733,6536.159157410457
23734,4757.6461086411755
23735,6207.350157806814
23736,6910.771087636577
23737,9250.421619106453
23738,9907.176260966675
23739,6124.241886497067
23740,3690.2212263814445
23741,5385.225072576365
23742,6274.498453932229
23743,5056.258934269171
23744,6310.561473095967
23745,5745.028323862217
23746,11425.56316622058
23747,7771.540907106891
23748,6070.862178168891
23749,6890.447237511695
23750,4724.60273647349
23751,9679.890552548666
23752,5467.735536742168
23753,12676.545982209935
23754,6522.3011369029955
23755,5469.394333659413
23756,5754.494402696488
23757,4091.095689521994
23758,6997.419030861955
23759,19427.352371869572
23760,4477.273505652251
23761,5520.079833050046
23762,10333.055512315319
23763,6700.431804005302
23764,6556.702744358044
23765,7911.239291546625
23766,6609.473892838664
23767,5574.684190606059
23768,4361.003961608445
23769,9370.784377902597
23770,6049.640169836273
23771,6782.005602330858
23772,7581.368055868419
23773,4723.3719726350655
23774,7425.965445501079
23775,6349.023033023456
23776,3963.3467162053307
23777,8428.735896405595
23778,9239.66877505341
23779,4275.629470641677
23780,8455.692502208649
23781,7099.710087510343
23782,5062.277532946187
23783,9344.686921286206
23784,6807.798043198915
23785,8495.587114192474
23786,4721.179646247885
23787,5097.687956157183
23788,6145.761236751533
23789,4292.7334035628455
23790,7716.815003140425
23791,4271.766467254115
23792,6313.883410104769
23793,5162.80457698421
23794,6098.023948521203
23795,6037.7883387107695
23796,7121.701343211759
23797,6974.074585432463
23798,8305.02494675454
23799,6087.262192805412
23800,7531.032373318899
23801,6019.662938824646
23802,8962.462628320975
23803,9265.025046261195
23804,6471.537615089428
23805,3871.5295638667794
23806,6098.371071695519
23807,7012.883173461876
23808,4035.180407639942
23809,11804.102379468879
23810,5997.276323819148
23811,7160.039539894658
23812,10298.902858540645
23813,6919.829514656038
23814,4474.58645218785
23815,10972.089644241076
23816,9597.540747102226
23817,5613.448955791372
23818,8424.93661499834
23819,9470.977763495564
23820,6674.822231000264
23821,5340.378786621377
23822,7366.5724569923605
23823,5541.5510664370195
23824,5884.294824206462
23825,7696.0864627640685
23826,5024.154562979453
23827,6704.787566798626
23828,8210.566075673452
23829,6732.265950705326
23830,8640.058564700565
23831,5672.115452564491
23832,6724.144660097151
23833,4504.803124774643
23834,7590.752419394212
23835,7482.540533230118
23836,6021.667357991068
23837,6815.717361032362
23838,7177.194066794269
23839,8872.53205209606
23840,6324.007155888113
23841,4886.373818759404
23842,6302.691946473173
23843,7612.79687294749
23844,6527.77671960605
23845,4541.738271540069
23846,4040.246750729465
23847,7396.953091021146
23848,6703.905558321576
23849,5655.790763042293
23850,8731.904878297608
23851,6593.469550393554
23852,6844.435210581313
23853,5549.608232636246
23854,3575.1087973290523
23855,6855.171276457118
23856,7092.21169367736
23857,7022.023181806045
23858,9032.852856273388
23859,8107.73796608772
23860,5008.732957580537
23861,8698.701242399644
23862,3707.7574747624813
23863,2910.7569885501916
23864,7855.097949336638
23865,11578.939372736118
23866,8319.700116350878
23867,7374.193875381592
23868,4549.8850528898065
23869,7280.648098621847
23870,8631.785783901574
23871,6361.457607655684
23872,7765.815875788492
23873,5358.853060865963
23874,4406.790390005089
23875,5226.013557385024
23876,6056.870666311333
23877,5924.198095889903
23878,5063.03042731195
23879,5405.527220062623
23880,4105.218881663698
23881,7324.488538497638
23882,7883.663702456913
23883,5593.1817261553415
23884,6373.952132851369
23885,7090.903907233556
23886,5469.513371468147
23887,4853.656250686383
23888,9180.811758453172
23889,8014.993492613496
23890,6324.711740202585
23891,3765.8204807691704
23892,12335.650667810341
23893,6450.15397749083
23894,5949.28513763216
23895,8520.641141545884
23896,7878.940259880325
23897,7717.224677328827
23898,6062.655486446946
23899,6946.696950174792
23900,10277.07267857412
23901,13060.818894456152
23902,5291.159900949731
23903,4823.526201010749
23904,5729.42198614216
23905,6554.085928099232
23906,6376.805994744627
23907,9483.824916006726
23908,9076.68721528024
23909,6055.353140800797
23910,4344.850686902585
23911,5667.053524309721
23912,9107.198384800657
23913,5334.446747743563
23914,7177.704100034133
23915,3881.0282495938395
23916,7690.861751859134
23917,7189.747297038621
23918,7687.922179270867
23919,7653.673664331225
23920,6342.9832885497
23921,4732.996960947023
23922,6549.617660834396
23923,7888.4630401853055
23924,8202.213008707016
23925,7783.113195147596
23926,7740.855992632735
23927,6213.875778162904
23928,4455.629470329407
23929,10012.54770546816
23930,4342.639806598486
23931,11149.644869587344
23932,6369.215248953146
23933,4691.819349200145
23934,6737.201304201311
23935,5831.165764817223
23936,7523.991919008468
23937,8955.982711246803
23938,4246.938137783263
23939,4904.133514124273
23940,7202.57332130384
23941,8348.731319700923
23942,9973.619124036939
23943,5593.229593605843
23944,5806.773638817962
23945,6127.690281687602
23946,6308.932700597819
23947,5618.3564557433665
23948,10513.110065408262
23949,8258.473549580198
23950,11237.083830254309
23951,4734.158144664304
23952,6428.144284725256
23953,9001.661948170626
23954,7785.890826490578
23955,5471.991726708526
23956,10003.211380123012
23957,6550.651378745308
23958,5407.403024734285
23959,5376.201277241045
23960,5281.8827429408675
23961,4907.590095629703
23962,5998.468927421551
23963,4932.7595896735675
23964,5253.475947730492
23965,9523.031452557529
23966,6517.778532447013
23967,20880.16465419744
23968,6908.799313003785
23969,4445.431675907459
23970,7508.448238018077
23971,9568.549781985403
23972,6314.989097712295
23973,7328.503643559244
23974,5295.560793907238
23975,8011.556435630714
23976,7913.387546609623
23977,5167.64073850954
23978,5844.292787697276
23979,7224.795216990665
23980,8025.181640166633
23981,7400.420192078806
23982,8716.872118899339
23983,5703.05008249271
23984,4658.682581643234
23985,5628.6829440949205
23986,10329.39866338772
23987,10931.243340889096
23988,10123.19114073965
23989,8261.658168668384
23990,4845.22265638863
23991,5884.930462737947
23992,4231.2856690179215
23993,8584.866277577605
23994,11019.039013743455
23995,9375.241676075282
23996,6047.056659141389
23997,6061.919243643459
23998,4399.773693626765
23999,6045.343796381354
24000,10804.448606822676
24001,6819.177781754772
24002,5184.407022545314
24003,5557.221103633935
24004,7614.791020359614
24005,3560.2261188607804
24006,7251.869366992234
24007,4397.545066827972
24008,6936.505124343159
24009,7136.885996017939
24010,5582.401291921403
24011,7675.595611473334
24012,6771.004603399058
24013,4834.9604185127355
24014,7114.130895968861
24015,7381.38772991717
24016,11718.937567364173
24017,6047.094505783705
24018,8100.570055763464
24019,7585.610825745735
24020,9163.471836211165
24021,6509.22759733482
24022,9600.11849997085
24023,4735.468866368231
24024,4801.322652660254
24025,6448.94352456887
24026,6228.495296415227
24027,9304.75525408533
24028,7718.891894989746
24029,5458.260123814457
24030,7405.411963508167
24031,6804.345306651467
24032,9968.160525704723
24033,4112.1139898592855
24034,13778.491383683751
24035,5006.63281305322
24036,6134.592046656276
24037,8573.876901964017
24038,4659.234182058185
24039,6687.060362492336
24040,6434.054831330131
24041,7700.708482833223
24042,5581.265519872218
24043,5498.209136608729
24044,7968.535223591058
24045,7634.72757948041
24046,7248.571408077372
24047,5103.833968018283
24048,6949.873595228438
24049,11597.398220218218
24050,6473.364233386844
24051,4776.536720515677
24052,6749.719229387589
24053,5795.21431725169
24054,5860.20242857876
24055,7422.15870310631
24056,4047.4282009489743
24057,8011.502436087475
24058,6156.984963947728
24059,6943.637784108439
24060,8251.842585367309
24061,4552.152445074673
24062,5904.837190937851
24063,5186.873960927407
24064,7854.172083060545
24065,9376.92293252939
24066,5013.1997078199565
24067,4472.019789746609
24068,6979.283716805695
24069,5885.868551346025
24070,5792.609253853971
24071,7724.4107415225
24072,6606.3959944734
24073,7824.699396184063
24074,5465.798603879945
24075,4715.93216867828
24076,6265.081292281675
24077,7951.599459012892
24078,7917.379907574242
24079,8656.017253284557
24080,8502.45757387008
24081,5753.95866665122
24082,8854.12416201993
24083,5962.404625974785
24084,7389.579761049866
24085,9064.819265348733
24086,6765.905378853922
24087,10362.211236213754
24088,7970.811093265412
24089,7680.85459777178
24090,5894.81643359905
24091,7507.225076709429
24092,7941.566933128058
24093,6463.745262612725
24094,3893.87186406583
24095,5573.669709716536
24096,7777.822020395303
24097,6246.791163837813
24098,4565.170680870114
24099,9048.93095203831
24100,6761.318551256396
24101,6000.161474446577
24102,5577.940957965888
24103,5605.603594029269
24104,7844.55436098609
24105,6980.045603578733
24106,6685.887637907883
24107,5471.87760912528
24108,4896.178654168982
24109,6791.9019962361035
24110,4046.6065796565067
24111,6345.375441513051
24112,5173.121544153303
24113,8664.713542577047
24114,7216.570026719125
24115,6298.42831077744
24116,11575.3544996068
24117,5313.257222615567
24118,4975.853833930066
24119,11337.556050988835
24120,6648.260405846222
24121,8424.614501382288
24122,7718.178202229201
24123,5541.275035591545
24124,6075.156087065232
24125,5542.241207833115
24126,8446.523216490627
24127,11317.817120385216
24128,6546.7170041340705
24129,3399.0258495440735
24130,4891.190310568173
24131,8644.429650204365
24132,9420.873437228
24133,6696.287179376077
24134,7184.778803278287
24135,4754.954385198091
24136,5328.139952323067
24137,3344.0067241510646
24138,5173.200144373919
24139,6123.663849146741
24140,7000.1633153991215
24141,6827.363480862218
24142,6904.157797756833
24143,8350.339284271127
24144,8684.581613921337
24145,7657.850847781179
24146,4974.953890470025
24147,9314.545864275035
24148,11204.653923582764
24149,6045.68113455786
24150,7776.4974001613145
24151,5414.358988159057
24152,6889.763109206805
24153,4176.701389801223
24154,7222.661624529437
24155,5547.069657702881
24156,8882.191866951669
24157,6861.938117202221
24158,8751.685234305905
24159,8404.08718840403
24160,5455.2014828272595
24161,8802.649089566836
24162,19657.33248071529
24163,10758.97028802403
24164,5713.455320653219
24165,3108.388623787525
24166,6530.172352955769
24167,9170.252983602548
24168,5808.751568178622
24169,12168.028966008558
24170,18631.27199333467
24171,3997.9116581754265
24172,5255.406502204346
24173,9658.18180217856
24174,4944.138744389228
24175,8306.345807668133
24176,6499.764900549351
24177,7894.267919821611
24178,3595.9283689592753
24179,6699.681940315657
24180,6261.328535585505
24181,7567.969054108404
24182,9837.517164141604
24183,6371.163993598829
24184,5831.161326115731
24185,6915.717994602388
24186,5399.737150985968
24187,4997.2262125867455
24188,7871.684018801792
24189,5839.177303038891
24190,6057.365267213249
24191,7405.36044956001
24192,5908.325524579453
24193,5530.39793579589
24194,6851.600204726553
24195,6883.853022153717
24196,8777.589329468427
24197,7308.258363604566
24198,7335.373950534208
24199,5493.710885215173
24200,3790.1951754792603
24201,6508.887000796574
24202,6335.006402158726
24203,5882.221266494222
24204,4619.5144737882465
24205,9231.268115807608
24206,7256.212994122861
24207,9735.619767072561
24208,6719.000866706903
24209,5721.563542266095
24210,5530.261715616297
24211,4635.778412843581
24212,10064.954458807897
24213,5150.2662907564445
24214,8198.765014908378
24215,14728.089941365179
24216,7393.9916814076905
24217,7864.591820677556
24218,4947.8981897494505
24219,4729.95311322054
24220,7460.490859147266
24221,4382.643618460148
24222,5764.314402858831
24223,10235.104211993137
24224,5575.53647681135
24225,16653.91101455661
24226,13736.31163494526
24227,4982.4787774458655
24228,6859.022576105895
24229,5654.117816010804
24230,6593.080762780242
24231,5607.941049178115
24232,11262.871967005705
24233,7820.150203259795
24234,9419.929778889296
24235,4613.063623200166
24236,7615.145221301841
24237,4939.793285782847
24238,8904.566912464945
24239,6810.838520687868
24240,6269.903530691778
24241,6470.979788320347
24242,5568.655311148002
24243,8719.224457825805
24244,9605.65797397984
24245,5782.394554055119
24246,10542.366051065457
24247,6509.878611238624
24248,9663.290190555725
24249,5272.033718837631
24250,5389.378527234439
24251,5368.90216687617
24252,10279.870319758076
24253,6610.598151916637
24254,7920.305165396156
24255,6867.849793089078
24256,9373.825282651855
24257,4600.97905980927
24258,8709.479559925412
24259,6820.827924028598
24260,4162.340832034649
24261,14800.385036878071
24262,17340.64927159137
24263,7275.3482282803225
24264,7563.404084459582
24265,9343.541959494889
24266,10918.454935391042
24267,10931.445526914933
24268,5798.988355123987
24269,7878.697366567961
24270,6121.6825975123975
24271,8296.149652608143
24272,4143.8921555762145
24273,6269.983862223714
24274,5529.2995570523335
24275,5642.056557898426
24276,7681.8480786748805
24277,5189.46774284565
24278,4843.563704640793
24279,6622.078196673441
24280,3891.184520486316
24281,4630.442619646699
24282,5789.747784968494
24283,6693.2541714958725
24284,9302.613489891792
24285,8756.862948287042
24286,7003.763209992596
24287,6394.990488367282
24288,6399.9777018547165
24289,11306.094342451212
24290,7783.459211516656
24291,5637.197180931011
24292,5000.4795374829855
24293,9475.73383563634
24294,4299.99434508654
24295,7400.621748833958
24296,3668.3182298040992
24297,5301.130003978996
24298,7866.423646390822
24299,6298.7892892425325
24300,5437.75449926053
24301,8964.876665317006
24302,10189.93425166566
24303,11644.47924338703
24304,5987.570444259602
24305,9858.541611275265
24306,3377.0900125055173
24307,5357.079701376477
24308,6657.638269921668
24309,4493.63771027611
24310,8237.999557251065
24311,5377.486725961502
24312,5030.037568285318
24313,9199.72842673993
24314,10910.170394564084
24315,9530.370630946396
24316,5310.3527376518505
24317,5481.623192696035
24318,10511.986877554591
24319,7503.3587825209
24320,6232.784676382978
24321,5304.211601305544
24322,6950.565103951133
24323,9698.246655866253
24324,4641.336568407694
24325,6525.924291203307
24326,7899.209771137232
24327,8684.246739318472
24328,13890.946787811183
24329,5828.015729617339
24330,13844.276882346037
24331,6863.369055333406
24332,5039.966332513454
24333,3966.329503084028
24334,6501.737773336195
24335,6260.264142156534
24336,5696.7164188091865
24337,7833.060928467253
24338,4978.512709494536
24339,4703.703909769817
24340,7238.13265247597
24341,3662.3968261219725
24342,7913.249927345227
24343,6956.315433999534
24344,8001.286772570918
24345,9069.372574562873
24346,5335.866388378537
24347,9215.314444006048
24348,6413.010333343059
24349,5397.916992941201
24350,5531.4550866978725
24351,5405.380921565848
24352,10577.856518418359
24353,6509.445907291706
24354,4919.652105399004
24355,7554.606104794168
24356,9033.44436045478
24357,7629.112105469757
24358,6167.053398641097
24359,8659.277374565596
24360,5257.456910487263
24361,5488.61670728675
24362,6274.408188728076
24363,9406.740848767238
24364,6807.867041038511
24365,6291.358646648384
24366,5763.925682596015
24367,5548.951102236743
24368,4290.1589425487955
24369,5394.733227512329
24370,8447.070909651024
24371,8909.071823452134
24372,11114.27074049078
24373,11457.80315511001
24374,8173.1847135940825
24375,6722.93634953236
24376,4890.547796999107
24377,11347.51741554495
24378,10810.974430381166
24379,7567.863906862355
24380,8364.772258489733
24381,8808.57234240722
24382,5655.665863509124
24383,3847.081892372383
24384,10738.44909470943
24385,6721.022469192629
24386,7088.203558546328
24387,6282.495739637105
24388,3088.4275088214185
24389,11561.847468857008
24390,5929.042273233819
24391,6171.593887843841
24392,4684.510405685521
24393,5370.90588703696
24394,6580.613447740878
24395,8422.714368259423
24396,6726.278789835677
24397,4907.806283552537
24398,4882.2225875262075
24399,4316.213704706098
24400,3294.5895629371807
24401,7279.787103146493
24402,17904.134553386863
24403,4936.6758498481195
24404,5840.812015539396
24405,6981.681622600876
24406,5555.227977753729
24407,5388.610579734681
24408,4909.851969278161
24409,4436.165318442679
24410,7726.271951864224
24411,7238.738817887802
24412,4039.823981635177
24413,8798.590002084366
24414,5811.295104913532
24415,4732.156731765709
24416,9258.12897058079
24417,8273.296566128436
24418,9936.182498392345
24419,5473.246629196505
24420,7154.504652386931
24421,4838.092320989085
24422,5297.907604661583
24423,15313.202024643877
24424,10240.028392166478
24425,6544.632427994478
24426,5667.492606490098
24427,4993.284973198671
24428,5650.947341461854
24429,4925.283727276856
24430,10601.644608905199
24431,5182.346289477733
24432,5710.534061143532
24433,7416.165516450538
24434,4807.600844871101
24435,6307.522684247404
24436,7046.667347388063
24437,7780.881362134715
24438,7065.7661995501385
24439,4390.387994333758
24440,5503.149931473249
24441,6936.319206829989
24442,9392.83236447193
24443,8995.826153068181
24444,6932.839273379451
24445,4610.162033146552
24446,7935.974016202218
24447,6180.14833363239
24448,4546.911650444504
24449,7465.104102063796
24450,7580.869456189698
24451,6661.955871541847
24452,6176.787029108673
24453,6302.083830201667
24454,6632.494859818948
24455,5637.8204679905775
24456,6790.080267661257
24457,6966.395983477777
24458,6056.299100194954
24459,9086.365435875588
24460,5928.366298940952
24461,5089.629304947177
24462,12286.386204138418
24463,6239.826708969777
24464,3770.718204589364
24465,7989.982386509876
24466,8333.528448974417
24467,10825.752451972594
24468,4866.820701206463
24469,5851.716030125763
24470,6203.055626215437
24471,7749.582046742749
24472,6077.831573320927
24473,8888.797555434261
24474,3400.21787002491
24475,6697.996755328391
24476,6196.918838132397
24477,5510.527457661484
24478,5098.995085189918
24479,6821.699611178045
24480,8504.651165407202
24481,5422.977467131722
24482,8468.724206512845
24483,6949.159366547516
24484,8765.396942409763
24485,4964.742714806383
24486,6615.018031279351
24487,6447.075200306407
24488,7705.62433525267
24489,8703.17604705156
24490,4957.536090994753
24491,7712.272661827903
24492,7333.485220759759
24493,7731.509591636791
24494,4651.89409648865
24495,4145.855763158535
24496,8281.335241332063
24497,6543.615173523026
24498,9028.850998650247
24499,7114.968826599069
24500,5843.582149107945
24501,8420.624420089785
24502,6969.256419170113
24503,6938.453281404945
24504,7985.768389706318
24505,6075.375359875893
24506,8529.873468494401
24507,11299.369618672294
24508,7758.439088408377
24509,4833.986958388186
24510,5787.286461361491
24511,4454.570388658115
24512,3536.652846516783
24513,8461.497939749768
24514,5666.128276368305
24515,9176.629140240837
24516,4685.223859734972
24517,6855.879706191969
24518,6285.584028795554
24519,9853.33312472838
24520,5044.476879867228
24521,5539.593569420456
24522,5941.183259969958
24523,7136.980175789063
24524,5231.86891884095
24525,7332.962331744409
24526,7636.315571881223
24527,9989.332225856719
24528,7317.887915001403
24529,7298.013804690917
24530,5774.833399827297
24531,4570.73454677149
24532,5169.214273762648
24533,11225.941225321827
24534,9631.851787823989
24535,7548.625099178604
24536,15131.548519459475
24537,6088.719197354261
24538,5131.92858179255
24539,6347.554065309007
24540,8953.022162980718
24541,9981.24690561213
24542,6895.525615999674
24543,7947.706031162761
24544,8392.028099159978
24545,7347.018047405822
24546,6548.287629936571
24547,5927.077877501655
24548,4929.262485196029
24549,5134.584212109586
24550,4256.889227010217
24551,5574.111097892529
24552,9051.744669596555
24553,17188.941360008386
24554,6559.902526439225
24555,5022.23457121177
24556,7394.136963629611
24557,4264.086530434667
24558,6360.7128267597445
24559,4375.005153810193
24560,9023.638145498475
24561,6516.277122721883
24562,6307.556828403685
24563,13574.894388444141
24564,11949.203365065225
24565,5768.605329017545
24566,6717.797273714613
24567,4020.3247057463022
24568,5217.334442345776
24569,5390.758106062871
24570,8951.109420431
24571,4983.3846976432615
24572,4321.069006974923
24573,6071.304246735821
24574,5606.648110284909
24575,7139.602666226175
24576,7279.983873437467
24577,3496.369209471125
24578,7187.440337818964
24579,7889.587873625062
24580,7798.240738179156
24581,4974.5683336741395
24582,4710.010831918329
24583,8002.851612184413
24584,4497.005868145742
24585,10069.622071369402
24586,4718.528131213605
24587,5599.311230684573
24588,6795.50117588625
24589,6624.310063349556
24590,4630.56414598285
24591,6125.020356382286
24592,7224.546973563128
24593,9285.504845963444
24594,9990.262459521702
24595,5909.658467197179
24596,3824.046230335735
24597,5484.27922310347
24598,6470.450917094204
24599,5092.461997555836
24600,6541.080736160586
24601,5841.317337065765
24602,11569.862117808158
24603,8023.2169013460825
24604,6064.753083832965
24605,7283.455823745469
24606,4846.176673576939
24607,9688.181045783307
24608,5737.525376762334
24609,13166.49614275661
24610,6292.627348676246
24611,5331.379667393916
24612,5608.625665598434
24613,3903.288497133469
24614,7341.9234968615665
24615,18831.23613714829
24616,4502.433264603537
24617,5000.552683580272
24618,10220.916746974097
24619,6552.038781607544
24620,6938.729479304626
24621,7905.610256084616
24622,6439.678184197154
24623,5232.099163643817
24624,4644.894936260015
24625,9501.417739416775
24626,6014.646284347113
24627,6911.463995711641
24628,7572.449844342166
24629,4743.293502087581
24630,7230.658774693381
24631,6263.573138899062
24632,4130.032752394458
24633,8822.044318021213
24634,8910.947755027459
24635,4385.481674022786
24636,7974.011977092336
24637,6941.37560779042
24638,4888.462324867416
24639,9371.954848341798
24640,6476.195848367682
24641,8200.503298329613
24642,4625.88282338064
24643,5077.037841273368
24644,6358.666728882366
24645,4205.3747520935585
24646,7754.544692985863
24647,4387.172869008847
24648,6238.329050654692
24649,5117.972813991383
24650,6012.832745132304
24651,6156.596623541423
24652,7066.008150278264
24653,6991.521518043107
24654,8087.483347645547
24655,5921.404694143411
24656,7496.287543179991
24657,6350.963664417149
24658,8693.773281429685
24659,9361.056383096327
24660,6767.174132463114
24661,3535.8636573906915
24662,5957.157285416553
24663,7144.832346082684
24664,4272.414315621856
24665,11407.926648335577
24666,5919.49468918552
24667,7290.686478323366
24668,10785.466618616298
24669,7029.618877646679
24670,4482.88208466074
24671,11354.340058920363
24672,9809.25279604775
24673,5609.037863388732
24674,8833.295282174815
24675,10109.04537986897
24676,6126.7882822835745
24677,5299.836433807428
24678,7186.487392592523
24679,5638.2248847012825
24680,5800.706521343698
24681,7251.147887857438
24682,5024.287391237552
24683,6554.412494707349
24684,7685.720978211772
24685,6864.919933041109
24686,8390.12215852706
24687,5756.919428224966
24688,6786.145530356929
24689,4944.027066604968
24690,7659.468726876147
24691,7312.899119622893
24692,6192.717161737218
24693,6877.914643494801
24694,7170.39824308528
24695,9238.124248241676
24696,5897.500005128737
24697,5185.725963072723
24698,6176.00646287964
24699,7255.4751706662855
24700,6750.615396688801
24701,4547.157193767023
24702,4171.165462644315
24703,7648.9546274888335
24704,6676.876632580163
24705,5645.106602689029
24706,8390.69159900566
24707,6310.336385166277
24708,6974.284474773338
24709,5241.852612715888
24710,3729.390260430815
24711,6750.710523844115
24712,6705.437180259584
24713,6938.103177953685
24714,9503.9842188388
24715,8627.24123391648
24716,4964.50789025246
24717,8983.773678776048
24718,4004.5374115887225
24719,3235.0104018144543
24720,7759.295951567421
24721,12012.874620728493
24722,8385.88117600846
24723,7399.056654364153
24724,4853.479120862774
24725,7120.690022116156
24726,8961.689047855509
24727,6285.587881904161
24728,7943.8466018570425
24729,5451.4852383747875
24730,4673.569055632008
24731,5328.397267048497
24732,5617.46926397768
24733,5827.195773767413
24734,5041.744760637149
24735,5303.940423272269
24736,4170.570559128881
24737,7313.763949581808
24738,7531.182383481666
24739,5489.968386207342
24740,6325.725577311738
24741,6984.798342332657
24742,5780.9182279570705
24743,5103.909529996735
24744,9112.190545555955
24745,7961.310320316882
24746,6040.133582337004
24747,3851.6694124147307
24748,11869.220554649008
24749,6390.458443972131
24750,5883.87404842016
24751,8682.698595170608
24752,8040.196018797124
24753,7782.727823800166
24754,6048.281591719976
24755,7235.383844756456
24756,9675.220074687595
24757,13790.118201474601
24758,5219.908945001676
24759,4754.4542397203295
24760,5342.562639293792
24761,6798.413170301038
24762,6120.830091168909
24763,9541.011524679683
24764,9116.524675292945
24765,5992.45932331439
24766,4314.1572550496685
24767,5899.2145179273575
24768,9871.025028019138
24769,5094.299391754719
24770,7277.726242414523
24771,4044.2666306592837
24772,7525.80135677669
24773,7612.158469537405
24774,7606.564235933722
24775,8028.756089422566
24776,6393.9192137477285
24777,4465.3241094093055
24778,6397.014816014697
24779,7690.837078954986
24780,8331.261465244255
24781,7687.15156770776
24782,7552.737814368837
24783,6394.248621698017
24784,4485.612009809756
24785,10208.433635497131
24786,4346.006470958657
24787,11005.571607451662
24788,6125.714085938983
24789,4472.162420568642
24790,7015.834905596422
24791,6114.572844955752
24792,7545.578761660727
24793,8944.568470786195
24794,4361.190125094132
24795,4730.079649864879
24796,7555.276229991302
24797,8465.973854842947
24798,9863.86830597224
24799,5315.024466929488
24800,6094.167185094238
24801,6610.271245790651
24802,6259.719575938344
24803,5595.55629739197
24804,9982.88114736947
24805,8437.091213219686
24806,11329.966783167387
24807,4529.23103284786
24808,6190.382816868915
24809,9181.932438484764
24810,8358.456935618331
24811,5460.124987965554
24812,10250.569107350435
24813,6738.000807165474
24814,5350.844316482085
24815,5359.7607681537365
24816,5167.117124413698
24817,5130.51548091048
24818,6220.995199092238
24819,5036.644584500766
24820,5219.000268011282
24821,9547.690439991846
24822,6682.1571989093345
24823,21335.152755482726
24824,6743.584511061562
24825,4589.9992649977985
24826,7755.8642943936775
24827,9765.897946956613
24828,6173.130584999033
24829,7463.135992158358
24830,5358.473419396024
24831,8412.773645493926
24832,8138.194214860532
24833,5388.563438469076
24834,5909.456087541081
24835,7316.031736549534
24836,8140.484246113044
24837,7445.595693681674
24838,8459.943466000399
24839,5817.388069700132
24840,4627.89510471304
24841,5617.3023387498415
24842,10538.565933165644
24843,11077.557009872497
24844,10410.9933733009
24845,8372.731283142239
24846,4648.740699202301
24847,5921.404308801086
24848,4391.213207615466
24849,8674.914266366295
24850,11365.703780520274
24851,9445.281223154912
24852,6149.747382579648
24853,6253.589125088851
24854,4396.545358131705
24855,6125.950268124451
24856,11275.391256041841
24857,6880.761384916376
24858,5120.753768931662
24859,5595.755431489445
24860,7851.631703706734
24861,3588.259027206638
24862,7508.983707537679
24863,4423.224097603982
24864,6794.544813052441
24865,7042.2778401669675
24866,5689.9498553979865
24867,7727.708873514545
24868,6974.25518953925
24869,5027.097866253882
24870,7219.0750908245445
24871,7493.4328300466195
24872,11469.130763945705
24873,6040.584381902566
24874,8301.306242598585
24875,7746.685096226476
24876,9387.66849953327
24877,6680.662182005492
24878,9831.181939225098
24879,4794.105915127291
24880,4876.979048828387
24881,6584.866110804659
24882,6220.904903402098
24883,9399.406296002577
24884,7842.129944129168
24885,5546.77619540824
24886,7336.886470606749
24887,6799.469737118428
24888,9924.847179621534
24889,4176.803647838205
24890,14663.865549821216
24891,5105.890291426522
24892,6217.085154723258
24893,8714.45499486944
24894,4711.814438290448
24895,6808.65037490781
24896,6449.612993535325
24897,7848.907609303927
24898,5623.1798487622955
24899,5604.506702751568
24900,8007.7421105517515
24901,7839.529428724307
24902,7442.47025367214
24903,5215.732864430658
24904,6970.002254135208
24905,11675.27023939335
24906,6555.320461129449
24907,4925.162431742879
24908,6810.997769631654
24909,5845.008186656066
24910,5991.397257931645
24911,7474.866616141212
24912,4101.946663511022
24913,8082.952704848304
24914,6315.836415830868
24915,6983.506117357431
24916,8895.59966461058
24917,4623.913801825557
24918,5868.677346540343
24919,5301.994959917927
24920,8034.792582200286
24921,9303.192886556972
24922,5128.576472752493
24923,4492.210159098728
24924,7149.910917449866
24925,5887.484662985897
24926,5920.682552500577
24927,7875.851387453269
24928,6642.377466667438
24929,7913.6795473636
24930,5612.439139672187
24931,4779.206221021363
24932,6390.180322309598
24933,7838.963164660798
24934,8103.121626339737
24935,8819.78464993065
24936,8665.494857633817
24937,5714.600228006005
24938,9012.885420495353
24939,6171.723911980567
24940,7695.119259713895
24941,9271.415407529763
24942,6838.034642449906
24943,10548.924405446072
24944,8297.809165183133
24945,7766.786387291823
24946,5878.58567840143
24947,7531.538083152489
24948,8009.170665648269
24949,6557.463286232548
24950,3993.4688201232316
24951,5568.296976670506
24952,8036.652825462777
24953,6262.559294157554
24954,4581.526372239992
24955,9232.064805978504
24956,6758.78536762548
24957,6030.173574520611
24958,5691.759999587703
24959,5676.182746657281
24960,7967.239044323428
24961,7034.290177995974
24962,6790.505617648425
24963,5586.068082254296
24964,5046.9652406161285
24965,6887.142516761646
24966,4122.057736714225
24967,6426.734498421736
24968,5279.367210080197
24969,8760.15408864256
24970,7300.863213450288
24971,6309.793301304876
24972,11649.286563429974
24973,5886.359254923729
24974,5042.6514767766
24975,11539.705373168415
24976,6865.989870305035
24977,8508.070061348446
24978,7808.279853316816
24979,5194.412368554316
24980,6151.142685333029
24981,5557.19693109541
24982,8400.004050904798
24983,11899.703727308273
24984,6593.110533659473
24985,3473.8377908525677
24986,5174.522942532747
24987,8881.108181763098
24988,9570.2400603648
24989,6846.6261292874815
24990,7355.177719662082
24991,4781.347498410313
24992,5430.3620165565135
24993,3414.5142191005903
24994,5262.539107104821
24995,6114.997862494169
24996,7184.452364581904
24997,6896.928309254221
24998,6963.501459245454
24999,8541.149505896408
25000,8683.263818219924
25001,7798.741320486865
25002,5086.142116238666
25003,9408.185811469095
25004,11567.439084135767
25005,6026.17217684145
25006,7930.784171800981
25007,5425.361531715059
25008,6961.584450949654
25009,4138.499170410172
25010,7447.818423577586
25011,5626.633311403024
25012,8975.195611200517
25013,6889.84061479736
25014,8875.877080818624
25015,8514.299519249962
25016,5384.8296262426375
25017,9090.242525726975
25018,20010.34303055209
25019,11155.682263884366
25020,5984.4896897509425
25021,3178.8167233200443
25022,6650.786455284391
25023,9352.19728057025
25024,5839.044320263253
25025,12053.86254147641
25026,18170.685409027134
25027,4057.5509381635907
25028,5293.20435480412
25029,8823.628678744368
25030,5054.510289234858
25031,8444.458118682776
25032,6636.0248198136005
25033,8047.76588004385
25034,3546.6916079821367
25035,6789.822992336469
25036,6497.577054764291
25037,7708.860689774344
25038,10118.676710458722
25039,6295.900107427414
25040,5844.6888270328345
25041,6879.298686458628
25042,5553.519999393929
25043,5041.788436049795
25044,7923.569182260291
25045,5839.691299837589
25046,6105.846731702696
25047,7505.290561833914
25048,5968.15236427261
25049,5768.533691715273
25050,7061.851952065674
25051,6964.81683928262
25052,8752.507343125915
25053,7529.5621075258105
25054,7298.792263037831
25055,5549.0878229248265
25056,3875.828554176226
25057,6641.076226337905
25058,6326.850094215321
25059,5998.886737925381
25060,4620.187019368317
25061,9380.738196289316
25062,7386.499180626694
25063,9924.299978269151
25064,6828.976188857143
25065,5701.805120753755
25066,5529.647562740867
25067,4562.128025313638
25068,10184.082555142018
25069,5129.194091990387
25070,8216.955457165865
25071,14946.379089527873
25072,7470.243455217797
25073,7076.342010098804
25074,4886.781462708634
25075,4763.1091974354595
25076,7473.1527388866525
25077,4397.170767977715
25078,5802.614140773302
25079,10288.154208691825
25080,5608.393541874919
25081,17070.523131154845
25082,14012.885028192535
25083,4981.491574619863
25084,6914.120784271555
25085,5698.574539918174
25086,6699.765762484828
25087,5686.470506981096
25088,11607.84652692572
25089,7779.692153650626
25090,9550.880461584313
25091,4639.064593225444
25092,7754.126728769256
25093,4867.832908968987
25094,8964.733612701117
25095,6773.820495926039
25096,6342.051417318681
25097,6523.201887476883
25098,5570.428336240196
25099,8788.633069573938
25100,9656.157559199015
25101,5873.688504552529
25102,10752.672878644365
25103,6415.0442313763
25104,9768.598052105772
25105,5300.154648788479
25106,5492.428890054971
25107,5414.475243656136
25108,10701.216929706668
25109,6511.622248148951
25110,7907.377237651336
25111,7080.113678990649
25112,9424.021254707537
25113,4610.5591778419885
25114,8739.263608292933
25115,6882.938125130045
25116,4221.415046078025
25117,15235.897495914594
25118,17019.505710442983
25119,7336.685214117438
25120,7630.126833517208
25121,9585.249174787548
25122,11108.268377484113
25123,11223.707378237106
25124,5856.309235870087
25125,8005.266356715835
25126,6141.690101610185
25127,8331.03208974902
25128,4176.03609222226
25129,6426.253267374635
25130,5640.561195237855
25131,5690.45203754538
25132,7739.186555117754
25133,5284.154544894893
25134,4912.564103427309
25135,6718.005489180131
25136,3912.6318532863493
25137,4771.633636791181
25138,5876.352992348236
25139,7076.5331331489
25140,9441.925147652562
25141,8803.758924575963
25142,6985.915013679787
25143,6345.972427580247
25144,6463.7000679928005
25145,11464.294457995362
25146,7950.539439616957
25147,5715.299097850176
25148,5075.661345236888
25149,9331.63927505781
25150,4299.028224578253
25151,7502.554082496055
25152,3667.165436368725
25153,5501.234509412001
25154,8035.957733916028
25155,6309.875216071098
25156,5422.771194108768
25157,9095.24329065744
25158,10103.77877532609
25159,11862.84963138436
25160,6018.3148452044
25161,9829.204906678731
25162,3496.047005260222
25163,5479.238098045843
25164,6623.658562040326
25165,4556.05869295237
25166,8336.863198322004
25167,5455.984187196322
25168,5132.72823101811
25169,9337.368116099819
25170,11113.30186529961
25171,8805.823530190375
25172,5334.3267411523975
25173,5344.42509455405
25174,11884.782744211485
25175,7704.033722696795
25176,6322.584903757966
25177,5343.329879023596
25178,7011.054091225257
25179,9861.728243894364
25180,4830.269398679826
25181,6570.451918281075
25182,8021.188597563679
25183,8750.96703839999
25184,14006.104528430538
25185,5809.862404359814
25186,14115.226255262394
25187,6900.080821063811
25188,5110.359482307214
25189,3824.5870976302167
25190,6611.783750622425
25191,6286.137729788113
25192,5817.389068626848
25193,7716.1704841784895
25194,5042.958883957569
25195,4681.561589139313
25196,7292.557723313196
25197,3736.440425587056
25198,7941.880661533486
25199,7046.078789823937
25200,8103.011767116884
25201,9211.944274191015
25202,5322.54636943321
25203,9308.756784871952
25204,6441.93288197128
25205,5559.085167047391
25206,5613.2080805706555
25207,5579.2600930747585
25208,10759.304619704866
25209,6592.002543846344
25210,5036.826507047629
25211,7683.553349369234
25212,9091.130265309117
25213,7693.780998519855
25214,6237.340515320605
25215,8910.568993557203
25216,5256.781940257598
25217,5459.57452542533
25218,6378.428899563575
25219,9488.699519203137
25220,6799.8597745090765
25221,6342.257702707698
25222,5806.523886642482
25223,5581.345551867039
25224,4495.971016573665
25225,5135.699386138027
25226,8422.713345120845
25227,9090.982593318799
25228,11238.44327301925
25229,11632.48677933431
25230,8199.94224783979
25231,6924.730874889261
25232,4923.154026491782
25233,11524.53452657568
25234,11087.152924145068
25235,7704.007552187122
25236,8482.265566546563
25237,8949.934728494336
25238,5735.613280790655
25239,3912.732512747949
25240,10961.353992369226
25241,6965.711146238122
25242,7196.241325090279
25243,6342.831577923277
25244,3263.525491314234
25245,11783.986557476865
25246,5992.877608366098
25247,6314.524655173331
25248,4676.7625701485085
25249,5369.788253436429
25250,6663.768775101215
25251,8704.176141466089
25252,6601.919332854799
25253,4991.575551412867
25254,4874.965728552024
25255,4514.200462554646
25256,3177.8949688579587
25257,7321.624761719831
25258,18112.998059186793
25259,4976.439248736086
25260,5892.15143141437
25261,7204.793802671619
25262,5553.981380785541
25263,5543.83070532874
25264,4921.6997623899015
25265,4535.091005432753
25266,7727.67861510307
25267,7289.440930926416
25268,4147.876229797236
25269,8933.94615658164
25270,5972.644831775538
25271,4803.894629847561
25272,9329.164749779884
25273,8509.686436539063
25274,9989.034645911597
25275,5584.144272260237
25276,7191.451011742781
25277,4918.303593042866
25278,5297.397509969154
25279,15859.435624277585
25280,10174.529087412944
25281,6519.274412239533
25282,5830.724856092598
25283,5016.952417197583
25284,5690.496139231034
25285,4777.685997045642
25286,9738.762654269909
25287,5260.443863538713
25288,5839.08510850134
25289,7423.056995949088
25290,4817.645320041782
25291,6389.994994133317
25292,7146.570015310902
25293,7731.572470539515
25294,7128.939901469563
25295,4512.72854962608
25296,5582.31907126394
25297,6934.546178913813
25298,9599.993963586354
25299,9031.318343313655
25300,6997.231879928237
25301,4762.7449032890545
25302,8016.76512954082
25303,6221.509973171358
25304,4526.777187971851
25305,7462.5823084302965
25306,7702.5316953634165
25307,6795.144505251174
25308,6295.937760395868
25309,6379.725384473265
25310,6589.368321310497
25311,5790.361615056389
25312,6787.4359288204305
25313,6874.9521815701355
25314,6213.297756626321
25315,9271.13371988131
25316,5881.958933316095
25317,5152.277817195876
25318,12561.308315395765
25319,6196.719964532239
25320,4048.247242379879
25321,8131.843406458338
25322,8294.990929114825
25323,11090.479045305623
25324,4891.047148042073
25325,5925.830787320264
25326,6257.126036440479
25327,7847.308854959244
25328,6233.138270074436
25329,9070.196309221765
25330,3413.4677634754726
25331,6890.380542742461
25332,6237.446217256412
25333,5658.555280439065
25334,5090.086321422035
25335,6878.936174640539
25336,8798.688319881674
25337,5536.96449960607
25338,8713.526464438426
25339,7066.669473260769
25340,8881.290714923935
25341,4865.228781032167
25342,6695.475899182751
25343,6553.59032656779
25344,7831.394257594056
25345,9047.056138905293
25346,4208.267791244901
25347,7694.225370229618
25348,7390.496803943527
25349,7781.153243609616
25350,4707.691946771894
25351,4197.300866991311
25352,8512.8454210673
25353,6665.6034644063775
25354,9109.9479270094
25355,7027.73053686888
25356,5886.863958589158
25357,8352.49220432571
25358,7070.126941742984
25359,7152.086054903995
25360,8140.7912629547845
25361,6115.928256993264
25362,8726.001166234115
25363,11449.517387175812
25364,7922.90835780775
25365,4897.5034872586075
25366,5850.6620106389155
25367,4537.3974541126745
25368,3577.1719788039454
25369,8632.11363301934
25370,5607.289722146007
25371,9256.793618966847
25372,4665.538534601859
25373,6828.136629045422
25374,6262.900619055338
25375,10234.284375957786
25376,5049.991195359467
25377,5567.79934779105
25378,6077.260813705453
25379,7198.64578529761
25380,5244.127649034583
25381,7488.590612455872
25382,7569.766118584166
25383,10081.772556223219
25384,7431.446490953139
25385,7350.30336654005
25386,5680.682933815592
25387,4592.756633655144
25388,5008.28927112746
25389,11511.729804920738
25390,9882.20830953728
25391,7792.189616657027
25392,15222.382925146052
25393,6124.721818633251
25394,5214.413029922307
25395,6461.906437828286
25396,9077.579791828934
25397,10140.330878796984
25398,6925.265871664187
25399,8117.903676372647
25400,8452.811574262969
25401,7421.402709537409
25402,6590.609323724326
25403,5915.565957704105
25404,4942.180755845623
25405,5179.631562809952
25406,4384.267709686892
25407,5655.379718516322
25408,9163.02324603354
25409,17560.274364117773
25410,6679.468252042132
25411,5098.490388234661
25412,7670.61212300387
25413,4330.985836811853
25414,6419.569425594291
25415,4292.552405267539
25416,9109.566673276511
25417,6594.993767298013
25418,6416.856057199721
25419,13828.878687433684
25420,12113.652725913358
25421,5768.671512344936
25422,6733.2771839234965
25423,4065.870698094576
25424,5269.86794041628
25425,5502.516514518069
25426,9013.670849715709
25427,5086.089825391133
25428,4360.528675624203
25429,6193.415604952684
25430,5654.610992646145
25431,7220.966561319318
25432,7392.354398853251
25433,3510.233292365345
25434,7210.068636709998
25435,8025.367469191126
25436,7940.003968465322
25437,5074.897510365958
25438,4858.350608393325
25439,8113.759380101863
25440,4546.460868390187
25441,10152.691465372174
25442,4607.283508907101
25443,5545.23265412758
25444,6881.321019256828
25445,6766.228879764825
25446,4681.447933974481
25447,6127.53808974511
25448,7425.508814486203
25449,9411.648130927899
25450,10332.029727836187
25451,5922.780632052064
25452,3817.0209934138675
25453,5569.71269397276
25454,6517.958500626032
25455,5136.178535791779
25456,6645.1887110032485
25457,5895.128265833393
25458,11822.535179990882
25459,8287.619092539027
25460,6126.59815509315
25461,7437.915239077756
25462,4902.470940681109
25463,9807.49926743853
25464,5797.114554805171
25465,13518.026841739707
25466,6364.956832427948
25467,5427.428320559141
25468,5650.257415561081
25469,3846.688048189325
25470,7417.20856790773
25471,19102.960933526836
25472,4664.896690978581
25473,4959.197106524754
25474,10282.359187324288
25475,6713.759034976966
25476,7034.5435631476785
25477,8050.810676814866
25478,6553.6647239177155
25479,5305.339423349146
25480,4711.802868536342
25481,9708.310219370285
25482,6110.075764089813
25483,6909.310091126961
25484,7712.361187329997
25485,4822.470014402763
25486,7307.977355398736
25487,6406.138721591191
25488,4245.010603057767
25489,8882.86150257539
25490,8860.080311835758
25491,4456.232475714262
25492,7968.643118380637
25493,6984.552369312472
25494,4845.928866621234
25495,9482.759294323963
25496,6515.680262873682
25497,8105.746205672252
25498,4568.6180233838395
25499,5081.607512198826
25500,7046.506321673559
25501,4186.882898433887
25502,7825.7264512053625
25503,4671.7056170810365
25504,6295.870119595636
25505,5136.0174309112435
25506,6111.132336082202
25507,6348.084169689975
25508,7234.965012274132
25509,7007.178872625716
25510,8059.65822767003
25511,5881.454786177559
25512,7673.820600675313
25513,6437.069747609049
25514,8997.85019550797
25515,9474.773030494029
25516,6745.878959686595
25517,3663.3329906785084
25518,6014.527836268387
25519,7225.945586603073
25520,4432.269627804762
25521,11493.353700952006
25522,5985.077830353789
25523,7354.965782917322
25524,10880.299429433733
25525,6926.177092160673
25526,4515.19038541627
25527,11652.120738274343
25528,10005.257490605998
25529,5707.79306369447
25530,9014.363594704482
25531,10108.869760305462
25532,6113.941096882756
25533,5424.85033037879
25534,7305.02968252034
25535,5763.459506777786
25536,5808.9134710781345
25537,7256.071000889847
25538,5073.169135581724
25539,6683.469229749179
25540,7691.568713027823
25541,6972.572112475206
25542,8632.079050010529
25543,5814.1223126474515
25544,6845.175979216971
25545,4753.330035082517
25546,7640.039802812713
25547,7364.765540126524
25548,6106.767327572277
25549,6978.628230820326
25550,7315.588959783372
25551,9328.214529253237
25552,5899.630791588317
25553,5292.191227171833
25554,6192.159793633363
25555,7319.100013180154
25556,6804.431901272545
25557,4606.26059665949
25558,4238.935041726428
25559,7906.275514239963
25560,6679.90554813771
25561,5724.4915721878015
25562,8455.152027083152
25563,6283.874691646533
25564,7346.020854566463
25565,5281.677302933442
25566,3774.821444750913
25567,6928.733136879123
25568,6803.8030169193735
25569,7087.833395337793
25570,9748.4188139676
25571,8955.632103184354
25572,5055.742339071811
25573,8742.665482515038
25574,4160.276318826552
25575,3292.884027351792
25576,7892.1207870121825
25577,12483.755328717163
25578,8262.710093152149
25579,7462.679291347177
25580,4973.528198553
25581,7179.496437736405
25582,9162.084126281623
25583,6443.7029536122145
25584,7973.519956900325
25585,5506.643394665609
25586,4706.63954135651
25587,5413.953221168078
25588,5579.398237495583
25589,5870.167464987979
25590,5083.55164398354
25591,5324.998824682712
25592,4288.3697818450255
25593,7338.999694894107
25594,7731.42506144307
25595,5595.136587446195
25596,6387.910107910823
25597,7058.195208081461
25598,5915.312339091911
25599,5208.1566605235585
25600,9211.132037788233
25601,8072.064592619511
25602,5983.81433969304
25603,3970.4967653575254
25604,12129.160719952964
25605,6316.852870900598
25606,6002.369097298241
25607,8808.903915043724
25608,8444.88404256848
25609,7843.777431516839
25610,6104.381285130054
25611,7244.516730461855
25612,10058.73845485038
25613,14350.539814910411
25614,5297.346421663953
25615,4872.511679620261
25616,5351.968290665944
25617,6755.3238126946135
25618,6011.0541903855
25619,9927.21225519875
25620,9144.226923755758
25621,6063.921135615622
25622,4368.420037036664
25623,5928.828027948983
25624,9681.858067039184
25625,5166.965097554756
25626,7410.428498241083
25627,3990.5501147931413
25628,7470.877665800634
25629,7784.55719013033
25630,7671.332887175378
25631,8235.176125994463
25632,6617.211637647577
25633,4541.810297353004
25634,6335.349200763428
25635,7825.140301537889
25636,8422.273049535948
25637,7780.119258130973
25638,7653.173103039228
25639,6477.401547282315
25640,4552.061825482879
25641,10320.593814815787
25642,4347.391474035692
25643,11186.199940393128
25644,6163.644628424586
25645,4570.246321261802
25646,7149.198140104108
25647,6139.944688134675
25648,7746.91695559812
25649,9095.282291548285
25650,4371.9427651261585
25651,4711.908216640203
25652,7913.437339427156
25653,8824.281361448468
25654,10033.49871142107
25655,5572.411264044895
25656,6135.706529951189
25657,6832.683355206309
25658,6292.096786230391
25659,5598.232894825546
25660,10107.340408934686
25661,8672.214386546437
25662,11694.056923388716
25663,4560.992128287006
25664,6324.157920642072
25665,9196.557956537632
25666,8400.69729786705
25667,5543.5037661020415
25668,10301.634056479093
25669,6790.69015994717
25670,5500.199570510502
25671,5335.862424573023
25672,5361.969087573177
25673,5162.474040492174
25674,6293.4236668477415
25675,5154.638692907985
25676,5223.622088653326
25677,9724.158954216568
25678,6681.636642456892
25679,21598.240050713153
25680,6838.58647246374
25681,4879.134841181772
25682,8660.50751156186
25683,11126.23603665444
25684,7132.341547217116
25685,8218.221777357507
25686,5840.725901505773
25687,8583.784980003915
25688,8876.82323395492
25689,6089.97104923263
25690,6591.005097736854
25691,7932.8043003891535
25692,8845.945805817553
25693,8280.968977339939
25694,9096.8577247189
25695,6616.693490069991
25696,5009.6039095148535
25697,6332.583853705332
25698,11704.441074982
25699,12200.330976827076
25700,11993.894455749083
25701,9452.664282121501
25702,5616.436366103445
25703,6161.336345214149
25704,4863.43403934623
25705,9303.578119900223
25706,12708.432788682403
25707,10023.72354395005
25708,6973.4439025284455
25709,7224.762876500797
25710,4772.324582663253
25711,6557.577290604343
25712,12223.240208579662
25713,7674.926629251513
25714,5444.995159717483
25715,6380.242694251157
25716,8288.939608732926
25717,3884.823501746095
25718,7981.248551526968
25719,4753.238926853396
25720,7027.800760462133
25721,7620.707915090481
25722,6231.0518775529
25723,8186.869961278339
25724,7689.48771155435
25725,5300.350541114465
25726,8119.765814528599
25727,7881.082478396669
25728,12234.584326660413
25729,6352.425240458893
25730,9107.28495351602
25731,7930.997774949854
25732,10283.690485017036
25733,7300.810331789917
25734,10985.643943665846
25735,5643.126489477801
25736,5417.617997276224
25737,7420.17251266636
25738,6499.497489125446
25739,10063.319114375707
25740,8530.97871196087
25741,6327.688606095241
25742,7873.2610809452535
25743,7338.606684678065
25744,11121.24959606589
25745,4583.929503866405
25746,15696.011671047949
25747,5775.518817537335
25748,6842.417746453725
25749,9571.741214423253
25750,5364.025091800057
25751,7536.183261196075
25752,7324.622839616632
25753,8612.944255636241
25754,5954.462864875331
25755,6116.924324520616
25756,8329.997753971598
25757,8435.82733077832
25758,8568.999352480156
25759,5748.468029152484
25760,7521.967919191243
25761,12447.834417425236
25762,7074.141703474469
25763,5177.118823612963
25764,7273.754342334033
25765,6176.780845085864
25766,6370.447929035979
25767,8016.30874552966
25768,4610.838044964288
25769,8930.950284038896
25770,6905.178936684232
25771,7671.895122734991
25772,9450.49165805104
25773,5218.219274835337
25774,6660.967742185475
25775,6006.884503791308
25776,8989.092125212477
25777,10054.610520074317
25778,5529.70599354847
25779,4822.233020440358
25780,7701.974348917417
25781,6359.263136761902
25782,6629.976271834359
25783,8353.593467165449
25784,7323.482205861369
25785,8406.25216456703
25786,6227.061346051171
25787,5210.498976628376
25788,7322.610861941944
25789,8141.584147322196
25790,8680.148085313134
25791,9337.445758478927
25792,9106.316602868732
25793,6341.616041852208
25794,9659.867304940415
25795,7153.630416513126
25796,8781.836839980768
25797,10053.704813906439
25798,7407.682582599044
25799,11869.80855967084
25800,8455.2815713729
25801,8615.544511774013
25802,6219.481539524742
25803,8237.97150964225
25804,8756.677581298509
25805,7599.0467427281965
25806,4326.93780913726
25807,6229.102850877878
25808,8891.469769166773
25809,6869.795835673423
25810,5069.205884719745
25811,10514.71810911811
25812,7261.058275168215
25813,6367.718581340233
25814,6093.675994566646
25815,6689.103136864288
25816,9043.051997503839
25817,7634.037167096849
25818,7729.062815503247
25819,6034.633707373962
25820,5734.269798434672
25821,7450.468323013609
25822,4584.853777837124
25823,7339.580903090325
25824,5964.329521452323
25825,9415.898898018188
25826,8074.574462151698
25827,6777.285456080685
25828,13190.160310984933
25829,6474.322237214682
25830,5186.011079509491
25831,12605.401384768486
25832,7356.273124330266
25833,9095.635902297176
25834,8445.62623504489
25835,5422.659963043771
25836,6564.580916914598
25837,6119.219763028851
25838,9517.838823820146
25839,13268.312597283166
25840,7355.207477055062
25841,3778.514971539898
25842,5315.355388296823
25843,9579.629026847311
25844,10154.554423822563
25845,7480.464811863723
25846,8030.194366690208
25847,5106.9662406399275
25848,6107.535586968532
25849,3761.779497308373
25850,5860.609277258008
25851,6483.59711863224
25852,7703.729953661314
25853,7525.477036887438
25854,8005.586660442678
25855,8889.015603231135
25856,9224.659031967842
25857,8264.06341241269
25858,5449.306574533363
25859,10183.051400870496
25860,13389.859253144019
25861,6988.050126350406
25862,8721.555668228946
25863,5884.964239931172
25864,7462.1665462755955
25865,4645.13621211153
25866,8360.574515345466
25867,6429.309078590059
25868,9580.231546186234
25869,7529.919328032696
25870,9713.012379081314
25871,9120.537936215484
25872,5658.139521858763
25873,10249.550943424063
25874,21739.22297210613
25875,12365.992033936514
25876,6965.180334539205
25877,3516.8949298887087
25878,7030.972398509121
25879,10821.552830071794
25880,6219.754319602953
25881,12445.860416650543
25882,19549.17582467717
25883,4369.608476663381
25884,6247.091483231861
25885,9561.597194961128
25886,5631.216327952236
25887,9810.385938000964
25888,7671.51759332021
25889,8907.74865978519
25890,3487.3690226133267
25891,7420.115270302471
25892,7006.74973050778
25893,8228.70997780353
25894,11526.894732316934
25895,6515.526898538693
25896,6111.686756208717
25897,7510.638423516162
25898,6266.320128442481
25899,5388.5799526321825
25900,8494.34655139367
25901,6576.169390051309
25902,6598.848190437579
25903,8703.500910044539
25904,6982.763080412591
25905,6278.054855306784
25906,7831.196948037534
25907,7823.283570269695
25908,9210.336545487295
25909,8274.331512069502
25910,7941.318005914659
25911,5837.5746006601275
25912,4235.8601344617855
25913,7313.888752734833
25914,6916.48721499278
25915,6788.247942820622
25916,5123.454962043134
25917,10586.510349366443
25918,8020.270161738477
25919,11121.970040424814
25920,7362.93514634091
25921,6371.322605369628
25922,6239.645556186124
25923,4815.982811956948
25924,11363.641128865633
25925,5475.781492346014
25926,8632.864136424078
25927,16707.217838338525
25928,7909.402799095374
25929,7835.333122775177
25930,5082.306700265274
25931,5245.0388672413155
25932,8441.811353742853
25933,4766.665057136813
25934,6500.807867895558
25935,11112.1717295183
25936,5887.583957448299
25937,19578.495530655127
25938,15456.248226681271
25939,5164.580886768359
25940,7514.826881384079
25941,6106.829778536318
25942,7268.212776575668
25943,6261.665673704772
25944,12408.921038896284
25945,8428.278575112246
25946,10791.588856449847
25947,5104.360601283112
25948,8357.62616198459
25949,5048.461128072013
25950,9626.101258876819
25951,7393.959013139407
25952,6934.360644961687
25953,6851.131692369006
25954,5605.062868445362
25955,9313.312515505166
25956,10340.736620044676
25957,6123.600996839109
25958,11981.29975308776
25959,6791.99704439878
25960,10895.143339247174
25961,5856.25276038244
25962,5887.568673256759
25963,6064.051174588418
25964,12213.822372950237
25965,6959.323499051997
25966,8302.303438309349
25967,7681.474730769606
25968,10212.043319631624
25969,4842.855212518658
25970,9466.60687898797
25971,7823.696501218224
25972,4590.07636302978
25973,16993.388192254824
25974,18214.989870286117
25975,8239.231961829728
25976,8462.848040997886
25977,10991.509068612762
25978,12435.425971358552
25979,12048.436868950927
25980,6810.731683580099
25981,9260.022253678131
25982,6627.709837352467
25983,8952.7908038775
25984,4575.372847122432
25985,7380.783486088004
25986,6226.993107258885
25987,6108.627910179449
25988,8405.698126866924
25989,5978.622435932456
25990,5713.682260469266
25991,7256.488493731621
25992,4178.879210555103
25993,5172.999940267511
25994,6413.944762060961
25995,7870.940625227274
25996,10139.035446044765
25997,9419.914635101992
25998,7561.969177746471
25999,6678.18232885511
26000,6820.3672489946275
26001,12258.577678886528
26002,8844.19296195804
26003,6641.209265555265
26004,5412.758802899025
26005,10291.233086497245
26006,4521.191741535664
26007,8054.96369538149
26008,4015.5712180073806
26009,6331.516641525123
26010,9140.326249995203
26011,6696.920144863808
26012,5690.306130867985
26013,9567.405963964875
26014,10806.224489577651
26015,12705.781365415958
26016,6785.060977161594
26017,10582.289790003018
26018,3851.132761357186
26019,5892.8134713439085
26020,7075.603136131144
26021,4986.775368643988
26022,8951.32087511673
26023,6296.033484878124
26024,5464.282333795459
26025,10188.599892826813
26026,12311.159774609572
26027,9323.984960090007
26028,5726.236318197058
26029,6045.407226003009
26030,12190.517839040702
26031,8020.3130016780215
26032,7194.961573628608
26033,5701.249439171556
26034,7595.45631642903
26035,11515.407029289268
26036,5048.790487486186
26037,7581.808595291434
26038,8701.970699554786
26039,9884.632591698677
26040,15575.506738853483
26041,6200.490840313485
26042,15465.467874387688
26043,7484.997337159181
26044,5455.3397751789635
26045,4433.485157871141
26046,7329.458320143787
26047,6790.686055749372
26048,6495.4219163394955
26049,7975.489989145428
26050,5392.163569774723
26051,5277.713425136289
26052,7893.626285576063
26053,4062.135874969932
26054,8397.325615242064
26055,7724.164264252065
26056,8912.596604977733
26057,10013.35876769277
26058,6011.7348278390355
26059,10052.649258006584
26060,6886.50769010146
26061,5903.050337569153
26062,5913.274429131606
26063,5964.020399641294
26064,11934.547679091831
26065,7165.117621305031
26066,5452.853390469141
26067,8492.122840016787
26068,9769.380939819346
26069,8645.900002039087
26070,7154.597440325724
26071,9618.644146679322
26072,5639.763899545771
26073,5583.176512644119
26074,7008.642721783461
26075,9739.221726868282
26076,7908.22417451601
26077,7271.937242142333
26078,6521.615304817634
26079,6177.914468902937
26080,4834.227071910375
26081,5441.837563336888
26082,8764.471210688547
26083,10113.367730724733
26084,12025.88691883246
26085,13102.303236844999
26086,8693.901262586242
26087,7649.942066486406
26088,5216.494307038046
26089,12408.591542802144
26090,12343.017539678998
26091,8571.49936197217
26092,9482.54846011543
26093,9950.737978414414
26094,6228.341524669418
26095,4451.599440784192
26096,11632.440188735078
26097,8038.854568657617
26098,8093.246092025657
26099,6877.155075802794
26100,3729.3657449542116
26101,13161.549297874277
26102,6305.694732432005
26103,7293.956592806203
26104,4924.51868974822
26105,5716.727800203792
26106,7275.782777258519
26107,10155.97518148042
26108,7144.147699649765
26109,5393.740267372959
26110,5262.935264082518
26111,4954.031486507113
26112,3433.5780240861645
26113,7926.973279532043
26114,19045.4777926114
26115,5391.464555761126
26116,6210.182242632365
26117,7995.784937673731
26118,6122.33564956764
26119,6257.131813854213
26120,5208.914632260723
26121,5202.713906242327
26122,8328.835995732476
26123,7678.307510361568
26124,4620.45308596215
26125,9813.526427729803
26126,7395.818234047494
26127,5200.767324777261
26128,10082.25481792365
26129,9164.436057179086
26130,10870.02367502371
26131,6592.913757510104
26132,8094.587573024921
26133,5334.724941904337
26134,5870.6807118163015
26135,17505.748209913618
26136,11115.448883077475
26137,6933.032730343895
26138,6682.407355306045
26139,5276.519331210685
26140,6124.523963251231
26141,5314.788240885276
26142,10563.940233798661
26143,5734.381949313431
26144,6382.840473462493
26145,7719.888581898143
26146,5088.079427367477
26147,7064.173667142439
26148,8052.628446936392
26149,8271.7561766944
26150,7695.877392278852
26151,5168.265000796628
26152,6067.126098678748
26153,7468.503993345137
26154,10681.53358583521
26155,9894.86249712103
26156,7462.26430580556
26157,5383.51834306411
26158,8516.164699733352
26159,6972.279130966844
26160,4832.17313381555
26161,8427.0768623763
26162,8695.154610867745
26163,7582.876558584092
26164,6923.2718807523215
26165,7280.00599155447
26166,7122.487736433445
26167,6375.757409309605
26168,7316.890104799154
26169,7285.245705151513
26170,7454.440032165393
26171,9907.574817875324
26172,6218.292019273838
26173,5810.602748243154
26174,13239.456077932862
26175,7089.00176082191
26176,4401.933150971757
26177,8928.573471322921
26178,9226.56686407847
26179,12437.286755530566
26180,5187.103750214069
26181,6434.044057220202
26182,6783.435963261666
26183,8570.416124780739
26184,6755.857678399767
26185,9977.512207158718
26186,3765.4940535021738
26187,7781.051892968121
26188,7002.828451789873
26189,6595.924706835252
26190,5892.688281960498
26191,7407.780532019502
26192,10022.5686079989
26193,6115.474985418659
26194,9690.673912300766
26195,7938.470508987697
26196,9814.803355355152
26197,5035.289569150294
26198,7269.544109195517
26199,7166.551437787928
26200,8519.134686134366
26201,9841.239691094845
26202,4729.171827621838
26203,7797.009013906494
26204,7965.35502561306
26205,8683.945236879286
26206,5112.023066207888
26207,4710.133543562523
26208,9445.80004263063
26209,7854.862290602479
26210,9677.327843425253
26211,7801.042949355099
26212,6578.706878289521
26213,8863.71361546283
26214,8361.163172004579
26215,8662.894220889584
26216,8691.738707557268
26217,7224.448726381697
26218,9506.714052217636
26219,12595.898867722604
26220,8599.045213823534
26221,5536.235124283514
26222,6704.894363455084
26223,4834.160321950841
26224,4114.357697364532
26225,9710.994182119912
26226,5948.740291765878
26227,10390.032268643885
26228,5125.007225426325
26229,7409.811947867321
26230,6930.936126788282
26231,11250.148751677416
26232,5335.854982285917
26233,5996.981137945974
26234,6985.004445394925
26235,7667.678667109587
26236,5461.838973716678
26237,7806.602868874596
26238,7906.188131121493
26239,10974.53551557381
26240,7974.775928306925
26241,7783.2452650228715
26242,5914.113414499593
26243,5124.183987231751
26244,5342.486098425335
26245,12890.27181957614
26246,10969.56469432994
26247,8627.301568765362
26248,15764.130983650766
26249,7156.8317093433425
26250,5676.083640016129
26251,7509.982141703579
26252,9477.994440645243
26253,11441.216465790105
26254,7452.247124078199
26255,8813.045356938945
26256,9081.947326191323
26257,8036.375755116131
26258,7359.31491371057
26259,6463.794211882456
26260,5833.558159395693
26261,5533.302573682161
26262,4839.803462040531
26263,6542.166342922387
26264,10043.649632328532
26265,19020.00211603638
26266,7475.660594883922
26267,5483.075102913159
26268,8637.210581516993
26269,4675.621035523198
26270,6747.401204453301
26271,4654.679860036446
26272,9814.935033185238
26273,6994.565748517563
26274,7218.152819203833
26275,15409.902934527818
26276,12519.748098672624
26277,6629.812327671128
26278,7320.365701028982
26279,4358.9809486079985
26280,5679.460687393519
26281,5878.522310351793
26282,9573.36503150414
26283,5640.829681372189
26284,4569.055882808355
26285,6949.818008041698
26286,6002.602498106272
26287,8072.793150367354
26288,8023.439278899715
26289,3699.153062650193
26290,7667.6399279120715
26291,8943.480689573302
26292,8846.030941684894
26293,5850.068268366433
26294,5514.49657325587
26295,9208.667833493866
26296,4944.056551041421
26297,11087.712780915446
26298,4932.257102415312
26299,6187.200746257418
26300,7356.818051767967
26301,7814.245380395388
26302,5004.110177190776
26303,6797.145723428287
26304,8275.904558441229
26305,10209.598096859001
26306,11849.56690213105
26307,6245.324766951775
26308,4094.9250330882737
26309,6027.872478374825
26310,7128.088511661348
26311,5638.538543015175
26312,7757.733783719414
26313,6292.591516410736
26314,12685.560102345431
26315,8995.09199449157
26316,6651.721941542528
26317,8140.513903296269
26318,5331.130707991416
26319,10563.672720375407
26320,6512.348336601735
26321,15592.752425509942
26322,6897.531592471068
26323,6015.385411972654
26324,6457.2062266366775
26325,4324.760139016161
26326,8219.571640094413
26327,20678.411848321648
26328,5169.209572701932
26329,5132.005999939498
26330,11653.447276499523
26331,7263.5198540452675
26332,7782.91585943807
26333,8633.639878608146
26334,7273.7584667629135
26335,5638.317893862166
26336,5344.544253163817
26337,10464.014515743227
26338,6937.460173179049
26339,7551.333370608132
26340,8276.497820433877
26341,5331.293363659485
26342,7660.468995133166
26343,6846.581951987608
26344,4617.564616166914
26345,9620.568046981674
26346,9972.969353080374
26347,4726.847626929679
26348,8481.34953346296
26349,7549.752774958813
26350,5142.964354685865
26351,10173.232472964828
26352,6843.974119881392
26353,8704.717938884678
26354,4897.163131856821
26355,5778.25654615823
26356,7172.408327026748
26357,4612.598399465587
26358,8430.775295034735
26359,5261.987106184702
26360,6888.590405267168
26361,5737.786464461768
26362,6685.286340706317
26363,6961.069861091535
26364,7917.401845753222
26365,7800.152292128732
26366,8613.562846104303
26367,6549.57546094307
26368,8240.677350380593
26369,6849.757619486414
26370,10158.06350177891
26371,10157.942017267738
26372,7192.002725730857
26373,3855.8157666206075
26374,6582.556919806857
26375,8009.474212724595
26376,4715.481295455218
26377,12074.18887724414
26378,6431.6325049712505
26379,8261.49280091248
26380,12012.240535997245
26381,7578.86229826019
26382,5190.441724951623
26383,13062.118614704572
26384,10775.407666580672
26385,6007.111530439886
26386,10148.745629072297
26387,11416.82601567559
26388,6501.928695979827
26389,5976.664273344414
26390,8215.714024522136
26391,6578.999060103347
26392,6269.057106704866
26393,7751.495581512147
26394,5733.296637670859
26395,7379.081894064711
26396,8561.638717363165
26397,8010.814099522905
26398,9485.704955732077
26399,6280.443211611971
26400,7634.266410227165
26401,5124.969020414605
26402,8305.874625314225
26403,8100.984859603358
26404,6757.579589827385
26405,7697.757362912901
26406,8173.673350424032
26407,10220.315564143826
26408,6458.456042156591
26409,5857.611422164994
26410,6737.777238573859
26411,7666.57523161354
26412,7467.693308318686
26413,4847.4931593981
26414,4701.963317016201
26415,8162.766272482514
26416,6672.9976103361005
26417,6375.7192286245345
26418,9192.587563611274
26419,6597.052623189535
26420,8108.586725803775
26421,5794.617796723242
26422,4246.180688843665
26423,7527.8270406127385
26424,7259.664618288434
26425,8342.79976682711
26426,10511.582297637819
26427,9954.552486628283
26428,5524.478510620755
26429,9547.436258103167
26430,4377.888353218909
26431,3788.2862386217607
26432,8913.873995170408
26433,13432.66636454645
26434,8951.873542743677
26435,8607.405487509712
26436,5876.088958822161
26437,8207.807255745096
26438,10357.302268348001
26439,7340.291861550253
26440,8677.04348559366
26441,6185.618503687791
26442,5081.566622993083
26443,6024.832629298449
26444,6029.875710841813
26445,6586.173727855142
26446,5897.800483058828
26447,5965.785623110183
26448,4574.604098772416
26449,7981.441923700607
26450,9184.68623562962
26451,6218.79692990005
26452,7065.7883466580715
26453,7698.187005249082
26454,6489.425987445283
26455,5712.636300495862
26456,9737.760781682091
26457,8676.349164827203
26458,6280.098995981931
26459,4518.435103222761
26460,14643.603250984532
26461,6739.1130624465
26462,7105.074315905966
26463,9927.241483733213
26464,8978.266507442017
26465,8925.307814298441
26466,6533.837225774264
26467,7825.747097290232
26468,11733.107451309754
26469,16430.462173518194
26470,6237.439706636177
26471,5608.409046304872
26472,5539.933516849183
26473,7458.357346802275
26474,6381.700819606718
26475,10461.943664630877
26476,10326.895669801612
26477,6552.027082091511
26478,4769.613704721686
26479,6485.612642494621
26480,10768.536590405389
26481,5849.21223596743
26482,8229.466824101672
26483,4297.952654189094
26484,8039.0329475192275
26485,8715.163771711124
26486,8516.893431006514
26487,9337.364798053462
26488,7430.834425491058
26489,4962.647366463341
26490,6730.112271030367
26491,8929.911924953922
26492,9069.909538807024
26493,8517.07600092092
26494,8111.684406710624
26495,7188.205165802874
26496,4917.639502255761
26497,11262.990358392926
26498,4745.604944025506
26499,12088.59847514146
26500,6471.425933589674
26501,4947.500618871999
26502,7929.542967671448
26503,6815.806609188599
26504,8646.833661771496
26505,10011.830093721783
26506,4889.601152646024
26507,5294.232085142643
26508,9053.808016150073
26509,9914.481543836151
26510,10911.31171853549
26511,5895.847120487436
26512,6642.106062777569
26513,7814.257268435808
26514,6697.550608711333
26515,6479.9293821506835
26516,11013.20736466211
26517,9299.124740244712
26518,12639.789371007844
26519,4933.0672116583255
26520,7073.953417644262
26521,9469.74032866868
26522,9158.404062750886
26523,6604.837146553889
26524,11638.251183762624
26525,7443.572242070113
26526,6096.543332761831
26527,5771.7444921333345
26528,6003.531332972523
26529,5764.527868232894
26530,7293.755344547485
26531,5824.766853699338
26532,6078.071467309354
26533,11127.669876712798
26534,6911.054699583673
26535,23263.847019212906
26536,7418.624570655205
26537,5392.947574678441
26538,10572.323824791578
26539,13368.222602700303
26540,8667.242625169276
26541,10316.100723877189
26542,6859.907780015375
26543,10120.195280386437
26544,10536.947500287772
26545,7423.233673367482
26546,8119.815474127827
26547,9801.145394075897
26548,10493.384897153303
26549,10139.647034123373
26550,10727.741102619142
26551,8459.905866016237
26552,5763.088617298276
26553,8015.398770477119
26554,14357.160709966998
26555,14616.612810893344
26556,14610.797128775164
26557,12568.37941403096
26558,6512.480210769466
26559,7532.88959382786
26560,5694.178439750899
26561,10900.053517726941
26562,16813.486019640666
26563,11410.643517850544
26564,9101.834949431872
26565,9276.495053972298
26566,5342.035225828413
26567,8100.064571463633
26568,14626.659838404828
26569,9657.651637395242
26570,6855.701296044164
26571,7954.422942072398
26572,9703.168245127137
26573,4643.672112803562
26574,9861.915101992043
26575,6127.522960709745
26576,8494.592853693672
26577,9608.725514811566
26578,7548.312217672844
26579,9989.45645948231
26580,9595.427701822126
26581,6110.1629498621005
26582,9827.011242361692
26583,9746.574235911115
26584,15297.66441662889
26585,7530.365752075925
26586,11029.192579042032
26587,8876.814804333666
26588,12190.147719601486
26589,9133.460231248968
26590,13654.223474771008
26591,7440.717170745223
26592,6438.100066064424
26593,9051.995320018663
26594,7990.798643344676
26595,12658.446454021465
26596,10856.619973984043
26597,7628.323623044541
26598,9810.359914647224
26599,8746.568374413026
26600,13587.308836931148
26601,5421.650539897024
26602,18749.05377899696
26603,6849.456396930777
26604,7988.856099566832
26605,11469.869911440066
26606,6417.525162208767
26607,9565.025031422845
26608,8801.178382229398
26609,11142.254164934664
26610,7383.131205755745
26611,7415.322947648386
26612,9960.895863883317
26613,9889.98026401194
26614,10798.948906498586
26615,7263.613075832016
26616,8750.90215901987
26617,15551.052867605154
26618,8437.886980150875
26619,6197.136374651144
26620,8982.763198273975
26621,6969.270072350536
26622,7887.57879257238
26623,9610.951102607927
26624,5629.989671590843
26625,11919.594392672194
26626,8143.311164860187
26627,9601.850302612103
26628,10964.357773334275
26629,5935.869085218929
26630,8256.268444521409
26631,7714.2946958931825
26632,11435.172794694863
26633,11349.228616204706
26634,6448.124529638386
26635,5996.2213992142415
26636,9361.859435639326
26637,7615.386389448803
26638,8338.100606060189
26639,9583.560395523433
26640,8729.382020701574
26641,9772.321948746523
26642,7672.586285456297
26643,6127.985064210567
26644,9461.810776280643
26645,9246.8018867613
26646,10183.922074325172
26647,11887.267379463025
26648,11602.075891509006
26649,7841.622844186943
26650,12215.081985667257
26651,8776.100923644506
26652,11001.482775725131
26653,12679.611614736725
26654,9133.93696761461
26655,14403.5615154435
26656,9321.23849758985
26657,11241.275082596241
26658,7563.088007453864
26659,9869.263985520847
26660,11303.644221811111
26661,9265.939314936082
26662,5039.828542582573
26663,7450.23449344642
26664,10734.682150354896
26665,8789.19402758885
26666,6056.442236963154
26667,13199.323004237884
26668,8493.296194012422
26669,7112.640366592873
26670,7148.094760633729
26671,8563.172906798223
26672,11311.810833106387
26673,9338.126138092963
26674,9424.298324781977
26675,7561.679837407338
26676,6848.13270533533
26677,9409.540363248703
26678,5496.943932721764
26679,8497.103439239248
26680,7460.493905140592
26681,11225.87736232867
26682,9661.95494400602
26683,8077.46387566125
26684,16040.196892088255
26685,7927.573631688603
26686,6011.511807907061
26687,14690.077342011013
26688,8988.38500695992
26689,11889.98254361814
26690,9963.216153483827
26691,6652.523889582169
26692,8106.980235536292
26693,7298.518817412736
26694,11529.554457947668
26695,16327.291285338377
26696,8691.01363143574
26697,4388.915830169786
26698,6117.05965192148
26699,12260.311003701374
26700,12907.277292318036
26701,9160.577582181233
26702,10078.566938566975
26703,5904.470986272441
26704,7270.626273209569
26705,4458.55145997291
26706,6936.566689076339
26707,8056.511360008273
26708,9729.555866352252
26709,8839.61587210141
26710,9684.010073207743
26711,10569.0744054739
26712,11548.555147010717
26713,10015.885327022781
26714,6781.895500639757
26715,11765.484506741164
26716,17367.856453272267
26717,8558.272129722955
26718,10392.469418653907
26719,7375.060436324008
26720,9167.123759299247
26721,6493.573890477531
26722,10015.558063404635
26723,8349.81528622708
26724,10861.11497043379
26725,9115.971604890326
26726,12620.284580121213
26727,10836.374217454366
26728,6977.003329541334
26729,13117.294212286004
26730,24013.58101642316
26731,15646.981882896724
26732,8748.026529722201
26733,4127.989604016187
26734,8634.126394658564
26735,13271.279621598282
26736,7223.847344813701
26737,13314.702860908454
26738,20718.464385126314
26739,5045.329295103218
26740,7771.922763325535
26741,11416.140269355736
26742,6612.180442977442
26743,12113.696901134403
26744,9263.844125830776
26745,11214.132392103016
26746,3930.867053463468
26747,9035.115677175185
26748,8578.627028124401
26749,9961.469174202619
26750,15356.90802924434
26751,7925.492781754721
26752,7538.884659735927
26753,8889.558363608327
26754,7641.880207158042
26755,6249.270599628131
26756,10098.209432314366
26757,8080.455753659249
26758,8358.832716086987
26759,11095.770181295917
26760,8364.541422104357
26761,7378.288369318829
26762,9419.25582324189
26763,9736.525583324546
26764,11318.080225765054
26765,10483.890911449189
26766,9013.663053837234
26767,6823.706529462214
26768,5293.962587391148
26769,8990.3164894378
26770,8339.460023375568
26771,8641.667265164328
26772,5960.352618219419
26773,13067.157809264008
26774,10354.774613075171
26775,13726.87591085683
26776,8671.48076196707
26777,8041.721519944075
26778,7750.618910525883
26779,5941.408547342577
26780,14847.294676723908
26781,6668.97997973801
26782,10062.706540754301
26783,19248.99631310316
26784,9695.646394889243
26785,9374.841207353036
26786,6376.195772564351
26787,6294.233843235311
26788,10325.579195494787
26789,5706.273706165
26790,7854.736566776527
26791,13181.385074362284
26792,7251.847364546274
26793,22337.54311846703
26794,17715.5511775322
26795,6211.935185557606
26796,9041.207124032606
26797,7154.70613042859
26798,8867.36815181752
26799,7460.673551069618
26800,14627.807463050545
26801,10883.00644540777
26802,13056.986232785619
26803,6022.046117473667
26804,10096.748836591558
26805,6033.9732443576795
26806,11050.839463214088
26807,9243.60912985187
26808,8627.247991759708
26809,8380.176360490157
26810,6173.717275010874
26811,11832.113743028518
26812,12276.375435257332
26813,7383.306987020873
26814,14998.757214748675
26815,8260.998651519742
26816,13118.793729194678
26817,6560.294549057398
26818,7019.278330486068
26819,7924.008326994118
26820,15940.515255988454
26821,8648.458710548812
26822,10419.311270444607
26823,9909.959139535746
26824,13019.430048399756
26825,5793.5613669298755
26826,10818.301815341812
26827,9611.973501329145
26828,5683.6741919677
26829,19447.985144608032
26830,20247.91335941813
26831,10593.91248762566
26832,11068.097992948791
26833,13415.623368290735
26834,15318.279219206725
26835,14227.66077254424
26836,8528.82947847859
26837,11774.180626701665
26838,8397.188856128609
26839,11058.48732732625
26840,5486.636723129353
26841,8824.001313325403
26842,7674.003911565567
26843,7091.71962624864
26844,10024.000642246312
26845,7009.008741462571
26846,7472.082528441992
26847,9142.32039211984
26848,5023.236751283646
26849,5994.545766443173
26850,7465.444304340217
26851,9912.500529601111
26852,13147.530227987592
26853,11291.716821215676
26854,9101.288016189601
26855,8088.05083910912
26856,8297.128181989767
26857,14453.720652188287
26858,10716.052738240953
26859,8456.167023895207
26860,6486.482260627902
26861,12555.59878572256
26862,5376.878964544945
26863,10054.445554426871
26864,4857.746380489964
26865,7623.557398623385
26866,11410.833314727952
26867,8170.675210546778
26868,7018.849304905368
26869,11646.210240457129
26870,13128.863297645761
26871,14508.36489034709
26872,8209.21469665026
26873,12419.083152442297
26874,4546.282182717844
26875,7096.863626239541
26876,8629.578518536771
26877,5984.7302663893115
26878,10339.98777132952
26879,7776.395787225974
26880,6635.371326100192
26881,12449.325426354204
26882,14649.74550787699
26883,11286.228994360728
26884,6598.554958640018
26885,7393.920158105518
26886,14598.286229734362
26887,9471.204430847829
26888,8627.801940228606
26889,6947.232770223152
26890,9220.840819984698
26891,13432.194328813175
26892,6033.800309061119
26893,9312.509551242532
26894,11113.569948543474
26895,12208.263496079378
26896,17879.98827045256
26897,7901.381633307918
26898,17856.945977483865
26899,9049.22976601431
26900,6624.199436049854
26901,5173.805136455772
26902,8743.527621855137
26903,8391.747894024962
26904,8148.776928262961
26905,9325.931202256173
26906,6425.518389299074
26907,6651.351818091866
26908,9665.49363699759
26909,4851.9592372216375
26910,9515.489094213463
26911,9662.097805649633
26912,10596.943562785069
26913,12818.492152771749
26914,7590.9960062368655
26915,11553.111527869227
26916,8106.033227083792
26917,7055.327916561489
26918,6980.455451510002
26919,7080.2092358387345
26920,14015.607832391024
26921,8695.752525541648
26922,6241.379124783336
26923,10695.98430271295
26924,12056.42072931965
26925,10840.884363745854
26926,8911.523063161903
26927,11882.756832222814
26928,6452.226878803677
26929,6182.457742770944
26930,8680.671420821776
26931,11563.17838724967
26932,9667.04801826927
26933,8742.419516028533
26934,8391.37019908562
26935,7689.747501426591
26936,5767.922730677861
26937,6621.153038964188
26938,10750.462463819578
26939,12281.347133593537
26940,14300.77393367366
26941,15978.936217452298
26942,10910.72727147125
26943,8786.140458698337
26944,6124.004616647119
26945,14472.127665174245
26946,15246.237753524636
26947,11077.303986573741
26948,11796.302344779693
26949,12246.617751276519
26950,7183.689205995758
26951,5412.704449142807
26952,13260.32119338705
26953,10211.21931413987
26954,10147.766735770158
26955,7970.641799633574
26956,4618.08761475987
26957,16181.954956922445
26958,7650.557975645958
26959,8948.498964103128
26960,5717.194682354518
26961,7032.062755648529
26962,8749.405470678848
26963,12816.861019081598
26964,8634.545045112547
26965,6284.742977191177
26966,6449.203777166223
26967,6136.241758390363
26968,3831.7391668078003
26969,9993.682377420035
26970,20607.49943900191
26971,6432.916151490863
26972,7528.549843723476
26973,9869.436664532643
26974,7083.340168238908
26975,7874.147813121939
26976,6263.880277706464
26977,6366.9427372240325
26978,10522.518973645316
26979,9829.190859888082
26980,5490.0330379523075
26981,12313.981959719766
26982,9504.73986674322
26983,6271.697035343804
26984,12747.583057886955
26985,11716.930092533747
26986,12823.300187856195
26987,8463.774460280989
26988,9863.740626523466
26989,6207.739379743707
26990,7252.342115094321
26991,19796.501463328987
26992,13894.272478237852
26993,8430.250623171509
26994,8311.978992812989
26995,6576.904244614149
26996,7243.597374074645
26997,6327.518232207216
26998,12470.664251943363
26999,6477.501368600804
27000,7503.769586520059
27001,9665.90838742712
27002,6157.195628525928
27003,8380.509502084475
27004,9562.279670062871
27005,10557.12726234316
27006,9704.300703622737
27007,6661.726934005765
27008,7251.489400455511
27009,9531.589495656875
27010,13262.289720925575
27011,11952.954371466076
27012,9241.484177121307
27013,6520.829393090296
27014,10076.371841226652
27015,8046.514530231333
27016,5785.73941154864
27017,10364.70912607895
27018,10992.645498251697
27019,9277.546189910177
27020,8650.082781937792
27021,8876.617086506983
27022,8853.481838147132
27023,7645.161424846148
27024,8641.087309734625
27025,8506.420890400317
27026,9733.842151844283
27027,11739.42538848522
27028,7439.97108439466
27029,6988.037117676242
27030,16435.527851325034
27031,8691.283939894629
27032,4782.046335884044
27033,10345.475851103769
27034,11498.547538070832
27035,14356.66883082957
27036,5973.984603739344
27037,7929.0416209247105
27038,7823.372906603882
27039,10080.441139723474
27040,8384.743536575996
27041,13277.525048985894
27042,4043.648656526369
27043,9933.284879615567
27044,8817.482735643998
27045,8039.534130399139
27046,7412.709936911767
27047,8997.150550749056
27048,12887.921227399356
27049,7389.59721287678
27050,11606.28318371499
27051,10042.65785186236
27052,12775.42699644063
27053,5956.750690808834
27054,8820.429862904208
27055,8390.6845812078
27056,10419.092630213701
27057,12349.440945971866
27058,5986.307472444241
27059,8617.661866029448
27060,10085.861308596574
27061,11025.59028612831
27062,5922.3677001604865
27063,5329.095823457556
27064,12160.237573032737
27065,9827.875143391078
27066,11752.455462674036
27067,9827.275592376538
27068,7692.429822544131
27069,11287.597636296488
27070,10509.70340042321
27071,11535.940153210295
27072,10119.641949807345
27073,9224.315670928854
27074,11270.646565167592
27075,15609.673740088194
27076,9743.557848479493
27077,6778.808325667098
27078,8548.92943688484
27079,5631.672555660839
27080,4843.267044615573
27081,12294.083254995823
27082,7381.654216101351
27083,12861.6448191093
27084,6534.538090122202
27085,9349.59929980494
27086,8388.88801692447
27087,13278.686736689022
27088,6490.387446978707
27089,7252.177037530718
27090,8874.45478101559
27091,9160.984818796664
27092,6615.842926619951
27093,9358.19310610561
27094,9125.815477747703
27095,12752.718593417361
27096,10006.26738459807
27097,9645.611435633427
27098,7163.418668326292
27099,5890.041009935884
27100,6382.940786005935
27101,16082.70972640174
27102,13249.628275877052
27103,10425.777444885705
27104,17434.88084427639
27105,8632.47480825588
27106,6941.596020862478
27107,9302.713324539247
27108,11497.683292012807
27109,14738.952942244103
27110,9376.524760016453
27111,10699.781918430546
27112,11787.197737158387
27113,9347.913968494262
27114,9398.672119429284
27115,8300.133811906173
27116,7394.28270028998
27117,6833.409785585992
27118,5957.601963685383
27119,8490.450489836754
27120,12609.451835686947
27121,21450.90062307819
27122,9098.86083454343
27123,6411.02546001494
27124,10890.578855496802
27125,5952.237055734382
27126,8418.871954301712
27127,5172.866593083171
27128,11489.351155550454
27129,8518.113948490967
27130,8647.427852846582
27131,18890.255531559105
27132,14101.800009841932
27133,8287.44716622204
27134,8674.631915326238
27135,4933.69984254418
27136,6439.662140710682
27137,6981.989617745285
27138,11690.335636472515
27139,6927.339768696644
27140,5875.514742149323
27141,8026.074269441598
27142,7352.077145959117
27143,10049.609245392088
27144,10372.70897445337
27145,4061.2317713405578
27146,9583.994744552063
27147,11321.483849378266
27148,11596.890543586247
27149,8039.248279857744
27150,6977.184755272634
27151,11678.484674319197
27152,6034.008167719443
27153,13314.360539844618
27154,6285.300406512989
27155,8074.740061935228
27156,8902.513021384639
27157,9799.798509471035
27158,5942.538207447868
27159,8853.456158573208
27160,10410.307246079361
27161,12169.433096162174
27162,14583.53964461828
27163,7601.708662854747
27164,4856.4222884401825
27165,6964.10957784077
27166,8546.791475557286
27167,6735.388639877105
27168,10022.215996400591
27169,7334.698841902511
27170,14561.760641556866
27171,11247.541299218861
27172,7957.9882380321205
27173,9663.245462565692
27174,6228.1352747884375
27175,12821.73566410565
27176,7618.227121161089
27177,17601.621742106927
27178,8476.162201133937
27179,7654.586167627157
27180,8074.287530598506
27181,5075.576916211417
27182,9858.118220120396
27183,23540.885848775622
27184,6569.273080964974
27185,6200.223999088957
27186,14094.268249256187
27187,8795.62722548778
27188,9369.782927177777
27189,10538.018165721902
27190,9412.28036422383
27191,6838.842329717174
27192,6369.500097328538
27193,12181.526121829476
27194,8474.310807007556
27195,8883.065313642413
27196,10048.409980710096
27197,6436.172475272957
27198,9085.019827407625
27199,8287.369538378276
27200,5068.999808000451
27201,11414.265312820891
27202,12106.176587215412
27203,5567.852912695619
27204,10189.981592397662
27205,9521.310246318362
27206,6516.489342047611
27207,12585.46357407474
27208,8278.4492970438
27209,10387.36216706745
27210,5815.263923442549
27211,7322.214007719492
27212,8298.527507731289
27213,5624.411573390669
27214,9905.661389056415
27215,6715.3471165608935
27216,8391.977938910155
27217,6904.678233327928
27218,8448.276130607617
27219,8237.266098012977
27220,9590.463598515782
27221,10058.542368309785
27222,10601.30244011257
27223,8133.726580059522
27224,9911.015994869224
27225,7677.779553589266
27226,12512.847778344405
27227,11989.465276671383
27228,8472.546597056698
27229,4500.533813859958
27230,7814.479044501505
27231,9969.587113031068
27232,5566.708101787544
27233,14840.702285802263
27234,7919.069960616658
27235,10041.58433081141
27236,14000.055003264823
27237,8284.48222726273
27238,6583.767515750985
27239,15605.236461606906
27240,12748.593519141812
27241,7150.230026459832
27242,11846.59320524409
27243,13548.7154947683
27244,7990.325834052414
27245,7064.52893774604
27246,10221.904595095115
27247,7920.0009016915865
27248,7296.1469652783435
27249,9557.201302079822
27250,6882.448951728318
27251,8134.809199998075
27252,11014.044945631153
27253,9996.479756019544
27254,12628.425399779435
27255,7442.61956859127
27256,9198.877236187602
27257,5697.026452432078
27258,9736.956236703973
27259,9981.32113337629
27260,8123.99780384799
27261,9096.923250375488
27262,10097.897209069613
27263,12092.228612092866
27264,8128.073700058512
27265,7093.247223030188
27266,8541.726140399272
27267,9499.040966813243
27268,9222.988753638667
27269,5656.437799282254
27270,5696.834891549953
27271,9206.520827967965
27272,7291.254628473075
27273,7971.502617033416
27274,11370.26492775212
27275,7937.83788555721
27276,10116.64005791535
27277,7173.754175389969
27278,5171.097302496154
27279,9515.313494158634
27280,8854.949883629986
27281,10530.663567966101
27282,12530.216471891088
27283,12026.047239967487
27284,6436.56292875421
27285,11701.055851384031
27286,4826.045036072113
27287,4387.090921844619
27288,10849.113813063537
27289,15023.033413621344
27290,10713.135000589
27291,10935.049856936948
27292,7735.447874706599
27293,10425.618361875093
27294,12955.597833632219
27295,9092.988917785651
27296,10523.278345156743
27297,7595.409028949284
27298,5851.903316324409
27299,7046.99032628061
27300,7140.417133283674
27301,8078.9933201962
27302,7620.320047619342
27303,7714.044287556883
27304,5282.076488280511
27305,9366.007012306209
27306,11593.757954116689
27307,7820.302805567028
27308,8352.048842584038
27309,9611.69803478777
27310,7864.2058839695965
27311,6470.821677043116
27312,12413.804827051736
27313,10428.712793950552
27314,7688.968607647931
27315,5775.002384768246
27316,17069.37825938887
27317,8618.602848417037
27318,9133.626183047787
27319,13088.059603124528
27320,10484.538592809804
27321,11307.699728611571
27322,7933.961320611031
27323,8954.218200621293
27324,14088.442305181521
27325,19740.761300282535
27326,8057.0859929639655
27327,7403.995431885926
27328,6838.96387341718
27329,8995.56959481145
27330,8022.215659512033
27331,12185.225148930655
27332,13005.559215416242
27333,7529.674616015944
27334,5875.247193019076
27335,8015.266673066249
27336,12881.152969732331
27337,7202.540103234288
27338,10542.574353661803
27339,4966.074133477138
27340,10136.487838007422
27341,10144.977844956316
27342,10662.032548942036
27343,11478.750774340308
27344,9151.702820228404
27345,6272.434223037431
27346,8181.8321843481235
27347,10935.422122925072
27348,10838.554583467194
27349,10421.976635342886
27350,10149.516622218405
27351,8868.255936776672
27352,6192.766551394045
27353,13140.681717047933
27354,5545.420141629188
27355,14161.511199684574
27356,7910.360267638732
27357,6147.891368351812
27358,9690.57879033168
27359,7909.147247166352
27360,10569.459974641444
27361,11988.15773616199
27362,5822.979017552584
27363,6666.837048277133
27364,11390.352657077221
27365,12150.925761547851
27366,13106.375496405568
27367,7005.5298326091
27368,7395.499838832596
27369,9797.961589928294
27370,8245.074466821512
27371,7885.129884597155
27372,13570.84822220993
27373,11538.264339497176
27374,14446.683198509918
27375,5897.21822959097
27376,8720.66711677948
27377,10528.360273329741
27378,11337.299677258801
27379,8260.766201976257
27380,15230.476021803664
27381,8978.634266153436
27382,7522.026279986114
27383,6937.347504721296
27384,7892.502368759335
27385,6915.7879786972935
27386,9158.452878359669
27387,7163.075235337193
27388,7843.8631858675635
27389,14515.847506055992
27390,8114.402830634762
27391,25575.55752108003
27392,9162.752455986692
27393,5154.331669242726
27394,5877.939787365758
27395,3895.937455946693
27396,2780.3178486929837
27397,6403.885252446092
27398,5445.881587068419
27399,5065.315545234517
27400,6268.826998053527
27401,4706.024402719298
27402,3605.142726791944
27403,7967.909937190698
27404,5330.724252443665
27405,4033.640777552534
27406,6474.857349213938
27407,4798.922904187783
27408,4087.0122323161713
27409,4910.257314085596
27410,5613.88922799789
27411,11268.383444661224
27412,5082.001993044064
27413,10447.438872802548
27414,3560.02773681105
27415,5991.958445315288
27416,3110.438600709572
27417,5430.49369573955
27418,7681.844181748931
27419,8068.974624482267
27420,6805.766800420224
27421,3582.226192506149
27422,5372.243204052077
27423,6773.415898975684
27424,9204.501379522548
27425,6649.873510919238
27426,5526.655931218354
27427,5068.569900722561
27428,6188.0807298144855
27429,3145.8658495742043
27430,8299.258309927449
27431,3889.6665194700777
27432,7201.730028492864
27433,7989.378572394211
27434,2609.9095662692616
27435,9264.398118961011
27436,5033.064922511234
27437,4605.79526084074
27438,4654.310850922337
27439,9930.904379465806
27440,10425.942401158558
27441,6482.8830645292155
27442,5553.930946667536
27443,7969.347440228624
27444,7451.2557605898355
27445,6794.461660598571
27446,4303.621580902946
27447,2590.606560481794
27448,2892.120418428716
27449,4741.96918178077
27450,5454.029861941239
27451,6797.57731257843
27452,9347.323769480437
27453,4309.323000901999
27454,9012.964001633733
27455,9324.937391289375
27456,3446.9662855545284
27457,3709.90339934766
27458,11943.439804560003
27459,4132.494141895646
27460,5264.71122853777
27461,5388.013939415932
27462,4261.673816028526
27463,6245.809169992934
27464,3203.968381923828
27465,7950.042343020497
27466,4673.222453930091
27467,5688.134648567614
27468,7744.346026120779
27469,8470.138581286557
27470,7638.694447308685
27471,3861.3962824132327
27472,7732.984809242564
27473,13418.055283486572
27474,5424.322866359023
27475,3114.8258232756552
27476,7580.427400686199
27477,6123.086501438033
27478,7571.400086387661
27479,10133.302212730723
27480,2770.74344594792
27481,9361.163003766875
27482,5124.284851299499
27483,7997.193518968085
27484,4185.82393076977
27485,3134.7599016505096
27486,4848.773385227549
27487,4874.021179001569
27488,9491.812621536168
27489,5819.429250396937
27490,5377.466533453062
27491,4454.8234087809615
27492,7472.107590448351
27493,7142.808040220861
27494,3705.577717108927
27495,5242.3511036901145
27496,5027.988073331214
27497,6525.618306267284
27498,5432.0570478695945
27499,3816.279404692662
27500,5882.5943849267915
27501,5018.95217569859
27502,4603.052068378392
27503,8469.066278083043
27504,6383.235183203014
27505,4860.480047075829
27506,6215.807866473414
27507,3434.5028321276263
27508,4817.9218616160315
27509,5817.196755571931
27510,9174.09188644853
27511,7240.661426938466
27512,6968.894365950081
27513,8617.506039972013
27514,4928.62850058413
27515,7080.433993030996
27516,8534.342709387167
27517,4269.597411152288
27518,3349.681352397862
27519,4617.876139134997
27520,5677.169308602714
27521,7891.620449722975
27522,4010.6175454607232
27523,4126.435802515489
27524,7821.886381700239
27525,6166.040730364352
27526,7092.82763953871
27527,3266.306051502521
27528,7760.554650123663
27529,8907.135624373075
27530,3472.4104828179425
27531,6205.996297838956
27532,3677.478049927694
27533,6420.7885821460895
27534,3898.0818922551625
27535,3707.163108245058
27536,4915.644545469833
27537,7137.194329461176
27538,7502.563449435078
27539,8525.969134609753
27540,7345.079708507385
27541,4184.3646635116775
27542,5318.203034137019
27543,12738.992734220752
27544,8162.093509823812
27545,7632.534473992194
27546,6907.429500842015
27547,5867.153798125337
27548,6706.144420917227
27549,5245.3570765520635
27550,6060.742345615765
27551,9180.626871110122
27552,2676.3346809273817
27553,3218.0837694327906
27554,3336.435877840356
27555,6984.240996698553
27556,8775.188426565448
27557,6405.527115440841
27558,8483.877861261348
27559,4782.995411245796
27560,2714.707813268498
27561,2131.182072535116
27562,3880.0244090361143
27563,5580.152060616709
27564,7647.994778665711
27565,6430.8905017076395
27566,4432.637045345074
27567,7091.862394810967
27568,5254.518567971701
27569,7907.893357702473
27570,4552.08786557742
27571,7841.310934649614
27572,10360.302976066132
27573,3648.8185505761558
27574,5468.65739872255
27575,5120.040347939258
27576,7445.653284321174
27577,3556.2081632017344
27578,7230.233217249124
27579,4993.894422916336
27580,5962.969519964827
27581,7915.208089755693
27582,6096.757454016704
27583,4722.726305949938
27584,4347.507679444562
27585,6643.789239456368
27586,23997.65867251303
27587,8619.666439903713
27588,3289.1055617506595
27589,3982.131751498992
27590,6913.9535689874365
27591,7469.602251218939
27592,4687.3558164140695
27593,16690.662208182745
27594,30002.72873474361
27595,4788.258686651231
27596,3197.2765305719663
27597,8876.708735559696
27598,3360.2133667868648
27599,3948.350215601866
27600,3737.4300795259082
27601,7041.2881271588685
27602,7469.889191663243
27603,8152.235753370422
27604,5077.211376946904
27605,5947.358798913994
27606,5872.242081101386
27607,5777.900079486332
27608,6284.539937366046
27609,8131.553445526652
27610,6442.367155657449
27611,7226.64389014026
27612,7661.786519587349
27613,5738.858384552278
27614,6527.102050800514
27615,6548.07356116645
27616,3504.942637527796
27617,4977.5564015117525
27618,6054.074113366471
27619,6955.915950903258
27620,7110.008247741987
27621,5081.166839920558
27622,7304.050710560149
27623,4813.411646969057
27624,4216.802708035377
27625,3806.30737467195
27626,6266.567403945253
27627,5938.95095628641
27628,3463.647834273784
27629,5502.779193650226
27630,7676.692087747335
27631,2902.193050933963
27632,6008.821042522336
27633,4463.9012946701205
27634,3449.6617225944005
27635,2610.1404573478776
27636,9221.69144512845
27637,6264.043077042438
27638,4971.37150418426
27639,13340.003907013906
27640,8374.048668159796
27641,4392.67209076699
27642,5171.463559800195
27643,3152.2437740333094
27644,6130.915983021996
27645,4742.815263402512
27646,3768.5385008512194
27647,9457.556861364266
27648,5863.19933052772
27649,8136.477626543204
27650,12267.668231622987
27651,6259.549333582299
27652,5861.072561220533
27653,5152.115103217443
27654,4715.248973515707
27655,4807.870757045308
27656,11082.26694924785
27657,8860.632056599672
27658,3815.1027053890325
27659,3650.023332835939
27660,6182.440134828859
27661,5587.5503391265065
27662,4976.059685561986
27663,8202.092948826685
27664,4833.591285875016
27665,7758.041159232947
27666,8467.248916601773
27667,7000.623508373408
27668,4798.945657113069
27669,6664.623141595338
27670,10072.202112621506
27671,8133.975114679414
27672,8507.042892592346
27673,3883.5725016047018
27674,6251.6626496786575
27675,4073.817625877899
27676,6804.246096299202
27677,8393.08410418736
27678,8475.194345178115
27679,8312.415504569643
27680,6473.585194342534
27681,5092.619345767485
27682,6074.575272001992
27683,5080.600088569466
27684,3410.397344429535
27685,13630.354040884828
27686,19072.965467029815
27687,9558.034463756008
27688,6904.147757062879
27689,5926.8656665514145
27690,9637.576307700376
27691,9257.608793784344
27692,2800.763681378239
27693,6672.050740333612
27694,5580.052424378137
27695,6695.941694363901
27696,3002.133143061965
27697,3977.505757696929
27698,5995.91460054811
27699,5532.783627389658
27700,5745.580268984828
27701,3600.4067926216585
27702,3110.7117497963013
27703,6760.566234010618
27704,4143.294237826155
27705,5326.338980426607
27706,6360.455989297862
27707,5611.3051613481075
27708,7029.41391180178
27709,8881.564084898788
27710,6037.467732475968
27711,7326.129459853086
27712,6376.66252283448
27713,11239.098747121896
27714,5311.012065491547
27715,2743.3067774635183
27716,5535.737162666156
27717,8736.474814669687
27718,4592.947310406616
27719,8769.334477702258
27720,2584.420736435945
27721,4477.5008401716395
27722,7125.489655223119
27723,6835.647768276921
27724,5230.0885259816905
27725,6978.600269236518
27726,9112.772750574515
27727,10337.246286430574
27728,1800.365096289759
27729,11715.998555046237
27730,2526.4800769108274
27731,3856.5025400891604
27732,7143.512494241836
27733,4375.262303054749
27734,7094.062539325282
27735,2834.4753993534246
27736,4956.614234069939
27737,4014.9380880242225
27738,8410.53949660256
27739,8018.846437966644
27740,5365.94251161737
27741,2715.871910049165
27742,5332.777422866469
27743,10105.073432929008
27744,4254.823108286016
27745,5338.539596011766
27746,10531.629872959898
27747,3497.015348125036
27748,5281.553553348406
27749,4257.056177493938
27750,8272.653695190427
27751,3929.967445230725
27752,12385.842710133908
27753,8137.9572045579125
27754,12418.696595152549
27755,7856.4637992058415
27756,4917.429236140718
27757,2546.451786516593
27758,6122.446091668586
27759,6625.354544267773
27760,5205.524261853384
27761,6820.72798205163
27762,6264.5455644866015
27763,3566.35666112374
27764,8213.231078764758
27765,3607.0320811553597
27766,6207.416199738883
27767,8387.89136325337
27768,6579.176650505166
27769,6684.159275067359
27770,4462.874527272805
27771,5616.801470843893
27772,8046.2520180077345
27773,6948.319342117233
27774,6871.712476972347
27775,3723.989116120628
27776,10174.183114155447
27777,7546.156997193507
27778,4346.316480268558
27779,6263.01002062482
27780,4637.225774213627
27781,6261.18877307739
27782,3680.9683258090713
27783,3704.290481804366
27784,5832.731299740575
27785,7686.464007603756
27786,5686.665358710968
27787,7986.761443579604
27788,4008.388649855838
27789,2989.984409790729
27790,5803.014666986491
27791,5589.019251263074
27792,3528.290868719474
27793,4433.977438633134
27794,6627.33342597497
27795,2414.1907228315404
27796,11838.82880814739
27797,7910.596643231211
27798,7490.489078362983
27799,5946.235042500338
27800,4911.356850389287
27801,11326.746882093274
27802,7322.154017521862
27803,8858.757556907245
27804,4270.193527751187
27805,3795.555810645165
27806,4936.535997099494
27807,2701.9410494568447
27808,13080.43921463816
27809,6077.215716859164
27810,6108.92023201196
27811,5482.69248209696
27812,1685.6022208985864
27813,7536.093930854888
27814,6097.1272245298005
27815,4518.518504032383
27816,4542.567658059469
27817,5986.463197385699
27818,5405.655182341636
27819,4808.892383712906
27820,13241.191476075843
27821,4281.181181287776
27822,4645.900685372436
27823,4367.198264478984
27824,2929.6594053860126
27825,6917.187248128115
27826,19222.81261222706
27827,4973.453733332762
27828,6395.749749969202
27829,4906.110205133593
27830,4667.905156210106
27831,3702.436256184146
27832,6557.772357794638
27833,2800.712338194278
27834,10828.579631441131
27835,6900.152813356674
27836,2943.595388218443
27837,7204.773149217586
27838,3035.11041495091
27839,4133.843984361812
27840,5958.305424897266
27841,6174.038112043724
27842,9409.422305950686
27843,2394.6793465494143
27844,6961.366579398207
27845,4694.0551898877075
27846,4043.6716793380083
27847,16346.74847997578
27848,9745.186279214788
27849,5288.584100231515
27850,3523.760194737058
27851,6217.298665625283
27852,5061.75669392038
27853,2942.1034112093994
27854,6282.322603996461
27855,5052.569423141907
27856,6499.2589538013735
27857,8319.76230218649
27858,5022.168103749442
27859,5218.289613616662
27860,6913.303648660959
27861,7019.911151305667
27862,8614.841185901154
27863,3455.391335175637
27864,5656.5391295058735
27865,8378.507074214174
27866,9145.782181117394
27867,4185.738723969112
27868,8380.9421866143
27869,2574.7288558614855
27870,8391.326364208342
27871,5324.83421087461
27872,3449.17439899122
27873,6475.33337056372
27874,5337.117180582602
27875,4507.785173713715
27876,7210.453523693788
27877,4120.346086749982
27878,7480.224298649696
27879,5715.7011142520605
27880,8089.278892082928
27881,9285.530316690325
27882,5430.514622055181
27883,5760.416976345768
27884,6217.577216339812
27885,2825.601464774424
27886,11360.0185623245
27887,2899.812086958926
27888,4250.388257494253
27889,5192.16663673645
27890,8641.50743888303
27891,10287.988498480348
27892,4641.34429469043
27893,3651.4859570145663
27894,7174.2500769931075
27895,6833.676358925713
27896,4647.124216961532
27897,7972.781379382388
27898,3520.9893400158694
27899,5270.909967509408
27900,4047.8776898516658
27901,3639.4909013854704
27902,2966.072863929053
27903,8420.418241370237
27904,5420.651284028875
27905,4675.542780063479
27906,4045.890264663247
27907,9629.445631339146
27908,6281.655060943202
27909,4774.731273435384
27910,5933.5617221195125
27911,5412.977837900047
27912,8796.983038095701
27913,3540.8074159154157
27914,2438.1236419821466
27915,12987.746483503419
27916,6779.272628283043
27917,9645.052855346747
27918,5935.189785930979
27919,3064.202760350471
27920,9957.379787540403
27921,3804.0406923092837
27922,6767.906156786004
27923,8047.815046123752
27924,5121.310077719627
27925,6029.814613611193
27926,4543.649234245769
27927,5062.63427982193
27928,5471.60138929543
27929,2982.8040119882244
27930,5743.749384012042
27931,10085.166214265626
27932,4694.680832390541
27933,3051.687492789628
27934,5159.804193754843
27935,3884.501571616644
27936,2469.3230694964714
27937,5111.429749800104
27938,6469.057809850245
27939,3207.0855147059474
27940,3830.2411062508463
27941,7335.946491194223
27942,4866.597422687523
27943,9804.701629630781
27944,4572.923048371702
27945,6575.9197949752115
27946,3972.9934374764402
27947,4995.339715254125
27948,6337.094071571176
27949,5955.488433191203
27950,6608.128030502175
27951,10178.7199169316
27952,9356.83500652143
27953,6877.9679180727635
27954,5246.806572685917
27955,3269.988747546155
27956,5874.987972993001
27957,9351.322197448733
27958,4302.286283220819
27959,3979.7115127306683
27960,16411.923262191158
27961,3663.3738571246436
27962,5439.415358250242
27963,3804.823751563092
27964,6704.184253832642
27965,8383.048423821061
27966,8247.257914588392
27967,7958.636218541904
27968,6994.206407575343
27969,8073.26192075979
27970,6247.296988855471
27971,5675.583518405357
27972,2411.8590217892884
27973,4997.753240755306
27974,3752.1840472578547
27975,3124.179861819595
27976,5900.364338039543
27977,18727.220684464774
27978,5202.910755381046
27979,3073.220491211179
27980,6665.859565537351
27981,5139.610214402073
27982,5462.316275629393
27983,2241.641736328313
27984,3756.724677051648
27985,6573.664176112735
27986,3267.661773928237
27987,11336.0763767922
27988,12187.806629953087
27989,3352.253574185175
27990,5985.653838256785
27991,4206.6315011265115
27992,4642.366074039333
27993,4647.613158022388
27994,6927.894315901751
27995,3662.716892070062
27996,4801.450144230357
27997,4619.434494871244
27998,6072.079594811845
27999,6094.3289247999555
28000,7094.862681463139
28001,3236.578559665728
28002,8770.038688039283
28003,6721.656186423383
28004,6991.072526612809
28005,3357.9318773085647
28006,3560.7498247177678
28007,5669.028352225982
28008,4761.251296357727
28009,9958.057522471776
28010,4656.676743138307
28011,2786.0610451251514
28012,6887.511196958607
28013,6308.945952379743
28014,6530.466714418302
28015,5076.933228609066
28016,8000.63776327112
28017,10918.83450129328
28018,4287.331262229642
28019,5642.853093023475
28020,4060.0013240303942
28021,5225.926237001582
28022,3647.0903523684538
28023,3987.9033704847075
28024,5003.634482546803
28025,5068.292410436568
28026,11875.373454771427
28027,6206.005142059539
28028,3395.567300266233
28029,6433.684981713931
28030,4954.555905072351
28031,4941.502969693191
28032,6540.138326252221
28033,9488.14292556419
28034,7515.923590968846
28035,4444.194467846562
28036,3759.4827406794275
28037,1947.424418845972
28038,5238.573304150158
28039,24214.14729180134
28040,2496.8547872997206
28041,5271.714065683045
28042,3452.9556229401555
28043,8329.132424691015
28044,5144.284297874422
28045,6764.965232306275
28046,5798.83571719297
28047,6522.7641291080145
28048,2785.360631781824
28049,5448.95319083051
28050,3812.3406313161904
28051,7325.519452753621
28052,10775.18056868243
28053,4400.392516011809
28054,7936.6431674473815
28055,6337.070093160015
28056,4276.263684057435
28057,4326.902586928988
28058,2708.267255590141
28059,3146.9439807490826
28060,8715.599922206036
28061,8269.99068648082
28062,2452.3878268845297
28063,9202.159751278967
28064,7410.431640274037
28065,4509.532341246512
28066,5434.883234524591
28067,3490.6522230910077
28068,4076.225227352524
28069,4073.7480351166996
28070,6392.858129748941
28071,2582.612015452234
28072,6226.002024846233
28073,3470.2960853147724
28074,4917.873622321203
28075,5101.771185149258
28076,4217.449740826559
28077,7657.483762402561
28078,7735.489575492544
28079,5033.769292615925
28080,5003.499181841545
28081,5699.462372533704
28082,3928.2716203037894
28083,7527.701149910674
28084,7398.024382003385
28085,5265.2394272452775
28086,5621.510142215074
28087,5949.50192213325
28088,4743.555538483945
28089,11904.188047140717
28090,6658.835047274758
28091,3395.4555336197927
28092,10078.779126295763
28093,6354.4815616022115
28094,2487.0261286505233
28095,8341.336674839951
28096,8141.123318183376
28097,6943.330849242552
28098,5144.759738095216
28099,6960.211404496276
28100,7731.749328931229
28101,4970.546300510406
28102,5174.825096376521
28103,3315.086714983518
28104,6228.40501584001
28105,8836.944939952491
28106,2966.1660601831513
28107,9580.624457222983
28108,8511.822209842356
28109,5468.548266511304
28110,7165.920168957293
28111,4800.185120842264
28112,7640.3104005976775
28113,2599.6838388803853
28114,5087.478933036059
28115,5475.961869613194
28116,2680.735486669934
28117,7595.951960073282
28118,8152.761250210971
28119,7103.38927586229
28120,6529.039484866342
28121,4206.349256928799
28122,6135.947761499949
28123,7279.602025827583
28124,7906.262322625822
28125,3018.194717530781
28126,3018.7285159911557
28127,6018.705755326782
28128,11134.618290324792
28129,3412.6362791517013
28130,7852.705569307279
28131,7207.1925348678515
28132,7792.0026333595415
28133,4127.76509808279
28134,2109.530204193903
28135,7407.110486213522
28136,5786.916174844239
28137,7395.346744417371
28138,8783.671180109037
28139,4700.973863458319
28140,4065.8431196473866
28141,3787.2014537435994
28142,2818.595125013924
28143,1417.2004533701045
28144,6197.8377127375625
28145,10209.81182146693
28146,4922.8960697173925
28147,6263.082275910595
28148,3141.1070126563586
28149,6656.355397177659
28150,7809.792766291603
28151,6313.192261818552
28152,6679.999595090221
28153,3834.676142064654
28154,4381.231241584122
28155,3907.731626904542
28156,6616.407887516374
28157,3806.4206344130735
28158,2886.7966295859223
28159,3726.556887605552
28160,3926.217772368954
28161,6858.936450068365
28162,5376.2218031748
28163,4942.485916358727
28164,5437.341944545247
28165,9119.155338841558
28166,4102.5643696247525
28167,4247.407386320378
28168,7080.3730702573175
28169,5826.386570709972
28170,6638.984737031828
28171,2325.0576917588
28172,5189.236266603904
28173,5216.866484348276
28174,3941.1693470745035
28175,6039.937105506449
28176,6928.87689213182
28177,7407.666677604746
28178,6667.32437866895
28179,6659.920134804763
28180,6242.221975186089
28181,10506.037103694007
28182,3591.3896810216006
28183,3101.873429231814
28184,5618.9631246301815
28185,6101.2743012314495
28186,5757.17941382329
28187,6154.056667331071
28188,4180.721869781094
28189,7232.143817551728
28190,3220.104725128076
28191,7614.896750346143
28192,4354.799777487742
28193,3782.0575420856117
28194,8452.186285370353
28195,3518.189447612824
28196,6926.135334637246
28197,7813.640100061155
28198,5863.835080964775
28199,4041.6791319658746
28200,3285.1646328235224
28201,5654.500365647727
28202,6762.7830912727395
28203,5448.685387834369
28204,6885.532177120052
28205,5935.253780681779
28206,8565.421812629296
28207,5535.273288143681
28208,4023.681522479546
28209,7541.787977027328
28210,3347.3389046949314
28211,11672.643848509299
28212,5845.9463924615775
28213,4898.0604404531905
28214,9124.958231788678
28215,5254.469220329066
28216,5246.612785551995
28217,6783.227041739327
28218,3364.8980463922126
28219,3035.221348802447
28220,7481.089702801833
28221,3617.2805773153764
28222,10788.86111109862
28223,6807.1494425862975
28224,5590.089747111022
28225,3562.677075586227
28226,6159.511179967568
28227,3173.037520775343
28228,10643.649782828035
28229,4578.477604301574
28230,13292.536237703302
28231,5637.052998556196
28232,4755.054630061076
28233,13041.379077321948
28234,5413.041778128056
28235,3271.4861975424524
28236,8563.608706305586
28237,7878.986364142395
28238,4916.4338696454015
28239,5967.027292192808
28240,4432.603309508602
28241,2879.42956596965
28242,4786.718566295467
28243,3593.2834400882966
28244,2873.1886349108313
28245,7892.41539471645
28246,6046.235719532509
28247,28734.75206231517
28248,6963.426166599165
28249,4421.291193021134
28250,4355.141347566553
28251,6905.791826103319
28252,3185.105851338983
28253,6475.447756302893
28254,4711.268315427587
28255,6061.405120994085
28256,6305.751768982111
28257,4018.463510387095
28258,3531.6604905653003
28259,6340.081627350921
28260,5658.187489498834
28261,4500.8490473212505
28262,4559.831708430545
28263,5109.786572193438
28264,3203.302310440102
28265,4604.254342445684
28266,7698.981982339153
28267,8581.284924025478
28268,7428.129045585761
28269,7630.324246171767
28270,3860.7628850336137
28271,5849.070374827209
28272,2361.2755747833507
28273,8301.811856044606
28274,8556.753491169291
28275,5679.122185388525
28276,6024.823603251513
28277,3491.604799842906
28278,4833.938469480874
28279,5309.321024363427
28280,8681.675469440639
28281,4431.178336729564
28282,5380.537913943165
28283,3711.131027314459
28284,5988.927095709907
28285,2665.1949753769823
28286,7751.874080653884
28287,4309.422361677397
28288,4118.225486293656
28289,6298.69983494943
28290,3820.2355800597493
28291,8305.041512678612
28292,3396.2004626576836
28293,4789.846146993074
28294,4133.310794676349
28295,7757.2056780728435
28296,10703.613329904214
28297,6097.167873582666
28298,5816.60345056261
28299,8672.714221680308
28300,7635.908957740697
28301,5811.614059176328
28302,6795.22105695808
28303,2275.3041182878464
28304,2692.605396092837
28305,4839.426209173105
28306,6366.910242954026
28307,5441.401355670514
28308,7476.599173102023
28309,4196.933619418836
28310,8268.599664694537
28311,7106.708580916814
28312,5848.122845395371
28313,3143.937792964489
28314,11180.002846289617
28315,3745.2121781402943
28316,3843.0020302384723
28317,7355.170116236972
28318,3789.260379432744
28319,5849.702855844669
28320,3087.627228926698
28321,5901.419624256921
28322,5379.001723349266
28323,4255.154767021097
28324,5635.878534659138
28325,7425.942185356016
28326,5797.98095054294
28327,3518.52307770426
28328,7018.05541785253
28329,10118.719295944065
28330,5563.512612250904
28331,3355.3257319974146
28332,6476.566193607689
28333,5741.307496681225
28334,4328.860508796336
28335,6400.342396219385
28336,2312.3371058709704
28337,7767.653690382908
28338,5086.191933638123
28339,5469.741549693397
28340,8589.70006481074
28341,2790.0956233138163
28342,4535.7626675451
28343,3927.917091234536
28344,7434.504472054756
28345,5493.958661503804
28346,4046.36129991659
28347,3883.507338984542
28348,5887.5729018576785
28349,6223.224698339148
28350,2601.7991044720884
28351,5015.094930878124
28352,3968.918130439871
28353,6479.51486534164
28354,4553.046874885756
28355,3324.9590467669323
28356,5416.3645299072905
28357,2741.422152668487
28358,4410.8583019118505
28359,7472.428524540838
28360,8096.2450832914
28361,3169.4882815162077
28362,8193.249002008006
28363,3194.7376860028116
28364,3839.2563240627337
28365,8015.956817464203
28366,6477.9762485124165
28367,7696.697572281572
28368,9547.902036394476
28369,5197.33212232264
28370,5124.093553674414
28371,7113.235494478686
28372,7493.482532994418
28373,3502.912883532485
28374,2955.026625551562
28375,5337.699665030598
28376,4893.6812165481215
28377,5922.299465900034
28378,3457.2360366432563
28379,6012.079428200711
28380,5160.031666743433
28381,4428.44035812117
28382,5884.148289289141
28383,2978.6483385960473
28384,6516.403261489937
28385,7208.571483350983
28386,2641.0097745779135
28387,5365.286751620541
28388,2299.337790631711
28389,5768.813677221462
28390,3014.441646939352
28391,4473.0495200732585
28392,4834.093791348292
28393,7595.5985129462115
28394,5991.132240055504
28395,6578.489614793385
28396,7426.650159426422
28397,4131.63546657699
28398,5082.662128673792
28399,10376.055139506143
28400,5725.560579289834
28401,7997.908376681206
28402,6834.460962571177
28403,5394.918754068935
28404,6120.588338564783
28405,3873.787179586516
28406,5247.892113708622
28407,8131.816997808528
28408,5099.069843925864
28409,2835.817700987998
28410,3598.8495624061975
28411,7814.224295061751
28412,9749.01487425883
28413,5134.365816567554
28414,6629.911246121594
28415,4464.221078489942
28416,1540.630002751341
28417,1839.3742654689902
28418,3637.838776689144
28419,5731.84788611227
28420,7151.483506149378
28421,5245.712347794626
28422,4551.028651776065
28423,8577.483926040528
28424,7787.441896600886
28425,7686.0400447425745
28426,3667.8227654807233
28427,7961.484023781071
28428,9142.742312180213
28429,3696.1331669818655
28430,5861.364760556832
28431,5288.94208508516
28432,6638.7320581497115
28433,3084.1833637911977
28434,4894.19652884208
28435,4811.91487413304
28436,8301.776035262974
28437,6180.728461878433
28438,7543.350123858116
28439,7114.16680098647
28440,4932.397999706045
28441,7997.706844212752
28442,18170.48917779118
28443,9054.088002635586
28444,3754.7689282741626
28445,3316.5280881279396
28446,6692.959227098057
28447,8191.243664029194
28448,2972.374799580749
28449,9379.104000673698
28450,17509.536639719423
28451,3568.303600693664
28452,2735.9711409398674
28453,10059.03348031655
28454,3255.050040610973
28455,5746.187108239076
28456,3496.814138570829
28457,6091.056269035655
28458,3634.229761763552
28459,6510.655089509711
28460,3872.1879336807024
28461,5714.024666870131
28462,6143.226469220821
28463,6288.864462052834
28464,6104.427161955358
28465,5903.363442233588
28466,4585.106319040582
28467,6199.652008729703
28468,7011.149975727859
28469,4237.460963173935
28470,5909.8301933910425
28471,4415.252930138524
28472,3460.456854222054
28473,5161.432922793336
28474,4872.395931534211
28475,5053.342292507687
28476,5273.741923092927
28477,9007.889912347311
28478,7206.109983446318
28479,4520.355080407118
28480,3976.792341348332
28481,4604.475444298004
28482,4583.155182524733
28483,5982.176022158179
28484,2808.932928619625
28485,7168.688202768583
28486,5686.111741042115
28487,7713.478848623377
28488,5433.642384372835
28489,4293.928927094853
28490,3466.592704250145
28491,2860.3737148393234
28492,8874.009380189214
28493,4404.063611855778
28494,6135.646174221257
28495,12446.342902766206
28496,8028.483482533706
28497,4883.487370445463
28498,5221.494096148456
28499,2769.676094128942
28500,4543.916521896281
28501,4331.4511886207965
28502,3851.645826099924
28503,8814.779071143048
28504,5039.087032701314
28505,8929.495738416625
28506,10191.065409768575
28507,5692.576388971521
28508,5593.339984505039
28509,4580.142939567352
28510,5258.635779146217
28511,4752.411961729841
28512,8012.699484073065
28513,6347.450937462781
28514,6785.554343837593
28515,2738.9017443020266
28516,5881.618720196063
28517,5628.715709453872
28518,4620.06432795111
28519,6704.68380777278
28520,5317.91060551487
28521,6737.261941748512
28522,4983.288136205203
28523,8665.366679776273
28524,6977.130956245775
28525,6689.262551127069
28526,9260.361922199116
28527,7123.298128393532
28528,8265.335559666097
28529,3551.1014518853435
28530,4932.8558861956135
28531,4852.125779284675
28532,9167.306173745294
28533,7120.769615643361
28534,7415.731784145357
28535,6321.587176164317
28536,8444.228428433651
28537,5008.1363061880165
28538,6831.74127247202
28539,6057.293233832625
28540,3142.4282215228004
28541,13200.64629406847
28542,15953.617310785126
28543,7046.206156219848
28544,6576.442211039815
28545,7161.040822628566
28546,8647.637185473362
28547,8217.33629872874
28548,2894.367992281062
28549,4763.964307639714
28550,5696.453418359154
28551,8106.032534211918
28552,2620.67673721001
28553,4605.240825007201
28554,5243.6148006459425
28555,3881.8624249435666
28556,5231.992725677635
28557,3125.303932720892
28558,2933.748227802916
28559,7086.793368463434
28560,2847.1227143936594
28561,4868.335529136404
28562,5253.334163999051
28563,5318.679696328786
28564,9024.513299628077
28565,8129.834740770462
28566,4321.677474251064
28567,7054.481654822489
28568,6516.578320149256
28569,10107.989977141178
28570,5186.611059045616
28571,2973.328465962263
28572,5221.400493143518
28573,11503.48790150473
28574,4163.658704586194
28575,7423.235363885419
28576,2262.668359085629
28577,3911.0528163744007
28578,4171.492243545415
28579,5850.000473149843
28580,3036.6439908830694
28581,4900.507253991456
28582,9316.364870287442
28583,8005.143328338654
28584,4116.748360744487
28585,7260.095359078896
28586,2140.364388863711
28587,3954.095632737628
28588,6866.697596255258
28589,4900.149119588715
28590,10358.779936722804
28591,2789.809716661761
28592,5057.678092105672
28593,5991.65940617451
28594,7715.906737997116
28595,9516.43923221174
28596,4849.07783984222
28597,3038.767110163929
28598,9536.997203663803
28599,9443.199922488446
28600,4735.405354572509
28601,4474.385508635876
28602,8326.801258563775
28603,6043.507328710306
28604,5203.460965396852
28605,4044.1161194921974
28606,7554.811282568824
28607,4601.8739905649145
28608,12932.004436939162
28609,7620.921516009291
28610,12491.02671143325
28611,5891.511820304907
28612,4638.622549317992
28613,2218.486442770246
28614,6283.077367161482
28615,4683.929608358385
28616,5288.625698654297
28617,9301.07957382292
28618,5176.7678395227895
28619,2805.5770251725544
28620,7410.428974210001
28621,3404.0899894943527
28622,6576.235544057718
28623,7192.229715396382
28624,6463.541010575756
28625,8191.016217232198
28626,4651.547078927786
28627,7564.310575870518
28628,6056.122478433424
28629,5763.5643571395585
28630,3903.6914569292403
28631,2613.17762682915
28632,8804.050403384677
28633,5957.845701254968
28634,3784.868375971003
28635,5098.528985697208
28636,8135.977012444768
28637,6000.151117146405
28638,3921.5938754952713
28639,5510.995181822014
28640,5139.527830134362
28641,6694.1003113609795
28642,3239.625528628199
28643,10178.884402676798
28644,4707.2954200802915
28645,3688.177855471417
28646,4103.981756644386
28647,5579.344451484466
28648,3277.1628825225407
28649,4965.743482248143
28650,4998.584392291969
28651,7867.056830645446
28652,10913.404589184483
28653,8647.244191047716
28654,7443.533786635152
28655,6380.799049552605
28656,4534.465994219947
28657,10544.618793209858
28658,8265.64686264923
28659,6059.400640251739
28660,5356.74639443913
28661,5766.478556857311
28662,4770.116561919558
28663,2349.7852632339445
28664,10883.506693108804
28665,4812.742392782119
28666,5938.781149610996
28667,3644.864147767622
28668,1402.6716385862087
28669,8237.989013471508
28670,3773.2194981338653
28671,5516.2791794818
28672,4102.306730831486
28673,5407.206613266359
28674,5372.122500604154
28675,4205.235418421462
28676,9075.644288918591
28677,4351.684841412053
28678,3675.321306913284
28679,3639.682243837861
28680,2654.48170616438
28681,5224.668236490091
28682,13721.306261697806
28683,4570.138747157938
28684,5741.559766250252
28685,5301.836616946836
28686,4192.051672128281
28687,3528.248566018658
28688,5870.4827494337005
28689,2930.302820122142
28690,8518.930080326969
28691,6288.204608115278
28692,2206.2258740509133
28693,8391.851662652272
28694,2251.000327484244
28695,3792.2474026832997
28696,8947.315607421016
28697,8082.954547204134
28698,8888.190461212578
28699,2454.3324278547902
28700,5168.854780194953
28701,4357.135966388448
28702,4071.147785546835
28703,16398.346695647233
28704,7093.413683649132
28705,5480.663779848991
28706,3172.0203912124425
28707,5714.262890852962
28708,4527.098081752042
28709,2659.234623928286
28710,8014.041911118547
28711,4800.121289658575
28712,5063.326730888097
28713,7411.579808212294
28714,4882.519084217471
28715,4922.673028457309
28716,5698.075419823542
28717,5086.357423893278
28718,6758.437108464995
28719,2903.1790820382475
28720,4170.874527118376
28721,5435.1301380823825
28722,8429.510978289532
28723,6237.946270696111
28724,7162.702427860991
28725,2165.1901942493732
28726,5781.651246285387
28727,4999.853632853471
28728,3016.5407081994213
28729,4729.512342530112
28730,4693.89287281373
28731,4679.926297605247
28732,6546.327737658125
28733,3994.4413143603147
28734,5935.594637227823
28735,5010.002254024394
28736,7481.761890896055
28737,6171.594952326
28738,3640.757328727759
28739,5228.409924085195
28740,4289.294009443661
28741,2862.368754918219
28742,11077.928768671614
28743,3781.8557033421566
28744,3465.8954944999905
28745,6374.022975253603
28746,7309.269746507384
28747,9630.972540339511
28748,3263.715667551344
28749,4601.687733380025
28750,6096.40706114222
28751,7221.142199200974
28752,4843.390017443812
28753,8261.344568523906
28754,2908.9094217361458
28755,5151.732993861204
28756,4021.4012157447123
28757,3394.701602143139
28758,2545.48409065071
28759,7252.466312024466
28760,6402.663487411524
28761,5668.99330749796
28762,5219.408294531467
28763,7570.054408798322
28764,8104.7143526567515
28765,2767.0842044541123
28766,4595.06147406936
28767,3778.4698480619163
28768,7194.356896350268
28769,5495.042207806785
28770,2128.770645446443
28771,6162.677119765303
28772,5762.421788979604
28773,6260.806195965597
28774,5676.614013855639
28775,2799.6721624170636
28776,7350.806115062327
28777,2921.7513593571675
28778,9068.10610520699
28779,5639.572275933704
28780,4640.5078062928005
28781,8085.60852714311
28782,3914.375783828613
28783,4235.548710500203
28784,5191.904918905608
28785,2673.7634948181862
28786,6570.9577238399315
28787,9784.878717754615
28788,6893.033664858651
28789,2532.0878833275824
28790,3829.7535784579695
28791,2999.1623886528914
28792,2302.936555174696
28793,5236.319270805052
28794,3857.8782292832007
28795,5353.2084250961725
28796,3318.1870966389624
28797,4278.2118433982005
28798,4266.907986160129
28799,9124.103754361971
28800,5247.414536465452
28801,4910.827162276841
28802,4165.940820528274
28803,5259.573321883017
28804,4540.826141239132
28805,6430.237008564496
28806,7820.419138816301
28807,8873.308947258298
28808,7763.370188164531
28809,6041.400425092229
28810,5402.658796030287
28811,2844.278492234376
28812,5619.017574421784
28813,9016.71380850381
28814,7054.129831865733
28815,6988.906223842128
28816,14236.088363265784
28817,3200.304113742905
28818,4504.176509196791
28819,4234.545427091651
28820,8715.27827587025
28821,6206.897486057611
28822,7058.398722201825
28823,7430.326317727037
28824,7633.758864684715
28825,6860.814369946401
28826,6143.207351133444
28827,5254.793183503552
28828,2280.8183416574298
28829,3570.9755384601813
28830,3490.2089433779724
28831,3193.3080857850678
28832,7470.697486305187
28833,18407.326689840786
28834,5532.1632406981425
28835,3299.9143916900994
28836,4857.617806405935
28837,4313.324035590509
28838,6182.930087679928
28839,2091.3041329787575
28840,6602.806655745243
28841,4757.955747111045
28842,3575.310533196628
28843,11111.671373453653
28844,11524.124702628804
28845,3584.069360236787
28846,3723.039354259609
28847,3853.5657690211638
28848,3868.0579296123856
28849,4307.869479842262
28850,6072.431923210912
28851,3914.364299787947
28852,4510.227208303092
28853,3953.9870013070113
28854,5512.46214585064
28855,4965.0950199798
28856,7422.157829163014
28857,3105.9453146411206
28858,8132.641048970382
28859,6256.8780289879305
28860,5031.528232883085
28861,4101.080501606283
28862,4003.6999416222498
28863,4818.388846905768
28864,3503.3369117301772
28865,9411.02001360605
28866,4300.1389931647045
28867,4024.7335635405675
28868,6623.891285441314
28869,6007.470580452219
28870,5318.875772589744
28871,3107.9400355719267
28872,5481.403934433438
28873,9570.576607307268
28874,6845.9970151926045
28875,6029.682147187033
28876,3599.5291735215324
28877,4617.875931832406
28878,4074.4242062957005
28879,3952.253506489407
28880,4588.6857075459775
28881,4840.631028798971
28882,8588.674678249276
28883,7606.1922055373525
28884,4452.414731808875
28885,5513.695073658197
28886,3966.707638062046
28887,6948.904526961549
28888,5392.206167361116
28889,9075.104858661138
28890,6499.830871675372
28891,4935.746537666193
28892,4090.1725614876214
28893,1977.8666579902617
28894,4378.333572935738
28895,20356.98635867508
28896,2204.3158323506073
28897,5348.354733007826
28898,6430.686168214899
28899,7195.762439836212
28900,5608.565129157853
28901,8065.329888018959
28902,5684.05569685859
28903,4618.426494685679
28904,2843.2430625036213
28905,7825.69493010696
28906,4020.864073266238
28907,6510.028606051595
28908,8722.19693583577
28909,3593.9433473894073
28910,5708.22274836207
28911,6388.385470564801
28912,3264.828754896111
28913,6632.425466078838
28914,6754.688257731516
28915,2801.0590298449456
28916,8625.022869263665
28917,6802.312897149417
28918,4832.648969179507
28919,9161.137183595436
28920,8012.377139892352
28921,6766.5647928997305
28922,4656.269177913094
28923,3791.4070336225172
28924,5345.877167022409
28925,3199.616094990475
28926,6514.367624041366
28927,2481.8960518203485
28928,5895.726069238365
28929,3114.438937807451
28930,3754.6307755688954
28931,5438.999102931412
28932,4910.428331367464
28933,5633.5465568103045
28934,8235.44922095955
28935,3953.1567983070013
28936,7553.492239200366
28937,4280.922409273693
28938,6137.575322287357
28939,9175.382765597638
28940,6919.055326476522
28941,4173.297980168574
28942,4471.489664699253
28943,5235.024661820126
28944,3675.6063199768605
28945,9119.680261867816
28946,4268.843281719045
28947,5759.206739390892
28948,8597.490380574665
28949,6814.047628758581
28950,2193.1926975517417
28951,5578.5224018289755
28952,8444.771171971981
28953,6363.051302093908
28954,7534.05898084045
28955,7228.569022926152
28956,5827.548910257637
28957,5084.995611505123
28958,4379.252521575142
28959,2634.7651104413544
28960,4899.92753376418
28961,7845.503771250777
28962,2917.36870546168
28963,7326.2174821539575
28964,7208.044705040118
28965,4924.126501972794
28966,7535.96100082303
28967,4694.9969918336
28968,7058.982886424024
28969,3016.1025878694004
28970,3570.1140030576257
28971,5100.111043791586
28972,3693.08308238817
28973,6617.312705520489
28974,6794.9801184258
28975,7851.472423491556
28976,6141.542999290494
28977,3250.2644890300194
28978,6077.498008894985
28979,6928.833833378197
28980,6193.445994293
28981,3103.8238618049463
28982,2791.445270254798
28983,8676.14504051496
28984,6023.854443887854
28985,3931.8410772630023
28986,7733.013295044945
28987,4049.255403984782
28988,6412.514159930122
28989,4849.905270786445
28990,1855.2870508143985
28991,6161.273046844663
28992,6341.0003240711685
28993,5191.406972082604
28994,8961.453223181165
28995,6702.134511845658
28996,3694.7289102844234
28997,6124.2792112116995
28998,2953.153217303614
28999,1197.1779995410516
29000,6190.270476339434
29001,7866.153503739387
29002,5867.781820243753
29003,4555.490546965524
29004,2904.184558846809
29005,5184.031119474182
29006,8038.787552676764
29007,5715.075156616181
29008,8388.074081016319
29009,4000.4617200832236
29010,4336.133843112124
29011,3008.181402174888
29012,6313.7761663378205
29013,3595.245488404983
29014,2624.676886609324
29015,4543.8635512912115
29016,3791.2205397658445
29017,5014.587044115977
29018,4537.594950117144
29019,4442.1927174963785
29020,5424.361143470957
29021,7635.368601794799
29022,4795.845431165972
29023,3185.9195616474904
29024,9490.493797265504
29025,7457.687751960536
29026,4081.001550545861
29027,2032.2833494922797
29028,5070.723119084896
29029,5464.233692527685
29030,4070.934813331677
29031,5753.852176875226
29032,8711.984117405636
29033,6551.564230779923
29034,6280.579519339883
29035,6223.08070547137
29036,7583.24205148672
29037,8299.41464784576
29038,3197.2512941619257
29039,3865.906416247018
29040,5352.347335061114
29041,5951.568426127314
29042,3189.4297004376826
29043,10156.567725078869
29044,6836.103966850823
29045,5802.018563261262
29046,2742.96085248113
29047,5568.66248215463
29048,7556.720293214661
29049,3416.882113161592
29050,6361.53682292096
29051,2420.8171715571134
29052,6853.784820833246
29053,5545.3227390199
29054,5448.0734075860255
29055,5554.624544506964
29056,4039.0932914703235
29057,4219.328601307487
29058,6888.451953249335
29059,5124.143156864955
29060,8176.401891933874
29061,5807.358571669877
29062,8396.022235800683
29063,5379.46801852205
29064,3747.151497195377
29065,8717.939066556224
29066,2723.923552199764
29067,10422.430253803335
29068,3336.636683045321
29069,4929.40585852035
29070,6873.016207283195
29071,4704.186052215123
29072,4292.206354795818
29073,6662.557991991769
29074,3189.334602839518
29075,3002.5744787564677
29076,5987.999978798081
29077,6089.898487212175
29078,8202.632623048172
29079,5945.1547240336085
29080,5372.356744228411
29081,3826.6018430075405
29082,5929.075860120969
29083,3275.5341683712963
29084,9998.755900619393
29085,7046.138778290173
29086,11667.857170109337
29087,4391.1589973959535
29088,5162.237215005286
29089,7856.793971938711
29090,7291.340071639109
29091,3011.346724476293
29092,8724.444243613025
29093,6215.580713704777
29094,5267.799541671952
29095,4544.535720498136
29096,4888.510846985997
29097,3015.544659903798
29098,4224.018486453354
29099,3261.706486033579
29100,2896.3159136359614
29101,7575.301118976086
29102,6099.43940899025
29103,23018.579772830097
29104,7160.413014899537
29105,4411.075853278365
29106,6472.888565980768
29107,9538.15879342683
29108,4946.532054186744
29109,6934.009497906313
29110,5123.075676570921
29111,7169.460764289849
29112,6666.647723554211
29113,4580.563676564036
29114,5303.241344142736
29115,7378.618011094207
29116,7218.569408432906
29117,6683.700142670155
29118,7802.31043181272
29119,4802.483297813912
29120,4316.436511075755
29121,5159.972844189928
29122,9234.008382882674
29123,10082.210448631193
29124,8171.673622031121
29125,7919.60689527456
29126,3806.189386658421
29127,6224.090550061006
29128,3702.2468399083205
29129,8014.711016486107
29130,10096.952754629203
29131,8952.431179551435
29132,5535.092198957061
29133,4930.57203161111
29134,4090.3397767759166
29135,6364.18277557986
29136,9509.185355445263
29137,6344.578770606463
29138,5198.6431943017105
29139,4914.916302765924
29140,6725.121222125449
29141,3231.8239572136495
29142,7590.598037349668
29143,4067.416825468806
29144,6917.549906885421
29145,6699.896114232797
29146,5340.250426832226
29147,8010.992594660798
29148,6109.053078855987
29149,4320.865284979606
29150,6470.725959814913
29151,7205.651561377509
29152,11241.070273978781
29153,6298.686644386101
29154,6742.858214386938
29155,7491.87508318524
29156,8933.950433639005
29157,6402.777469399049
29158,8440.304679701338
29159,3742.4364064149195
29160,4421.301294090974
29161,5484.013903580311
29162,7013.341817192674
29163,9390.719693117651
29164,7578.978758866695
29165,4796.481360303044
29166,7481.609310781445
29167,6825.863827834861
29168,8364.970304814244
29169,3778.1221852216927
29170,11751.947502796313
29171,4249.6371793498465
29172,5813.635173556709
29173,7538.309632529899
29174,4196.801880191847
29175,5648.446319267528
29176,5824.281247427839
29177,7443.62088638004
29178,5821.630945406281
29179,5442.334038465114
29180,8166.122036794354
29181,7488.874137158425
29182,5937.587296688282
29183,4711.40129613355
29184,6829.360419997335
29185,12085.757068273428
29186,6058.848025401217
29187,4731.12861963543
29188,6736.465079710192
29189,5930.939872229031
29190,6583.3632207305845
29191,8175.242309836272
29192,3695.7789121993405
29193,7660.185157911512
29194,5677.81233459137
29195,6473.5061883623475
29196,9070.22049572453
29197,4822.718143311923
29198,5267.475931317179
29199,4674.549574330809
29200,7686.0838750273215
29201,8433.837185396145
29202,4851.380357250479
29203,4252.681355345818
29204,7053.762288609812
29205,6019.515632397052
29206,5050.311608996082
29207,7864.382378091872
29208,6073.717272675141
29209,7147.076446404523
29210,5107.124124039623
29211,4623.027392637836
29212,5809.240389713772
29213,7655.193793288054
29214,6792.898150065777
29215,8278.476874845577
29216,8451.072983429613
29217,5378.863124412049
29218,8926.660186448895
29219,5021.133278959093
29220,5962.620050440411
29221,8932.29652600922
29222,6633.1680804456455
29223,9439.504226557345
29224,8527.221637887244
29225,7183.9371565149195
29226,5941.262196145952
29227,7294.936481982908
29228,7610.591108545939
29229,5479.68662635796
29230,3659.4582644593615
29231,5047.774127307567
29232,6992.374230625346
29233,6012.733698764548
29234,4152.762105965065
29235,7775.006994923381
29236,6376.958771978152
29237,5934.0237516904535
29238,5513.41635500249
29239,4842.236427614314
29240,6619.739071847032
29241,6964.123767940001
29242,5704.416586127503
29243,5498.960798766455
29244,4783.880622665758
29245,6752.3181694131345
29246,3420.300070516942
29247,6190.153219514297
29248,4604.075932611553
29249,8406.162401490383
29250,6813.474995642078
29251,6277.238259615255
29252,11785.771022691875
29253,4158.395964939418
29254,5358.715434097158
29255,9741.580726074171
29256,6393.381331753325
29257,8259.404270053335
29258,7389.259410326118
29259,5790.739486401915
29260,6303.441431279048
29261,5540.485228741159
29262,7305.376670641696
29263,9145.517774457483
29264,6220.250650608836
29265,2990.581472661419
29266,4578.564524569507
29267,8280.981815246392
29268,9517.556965627533
29269,6094.739770639967
29270,6607.063959588556
29271,4752.6786256556625
29272,4591.231846104574
29273,2976.8023432253563
29274,4620.034224857755
29275,6431.198720564137
29276,7202.643476983879
29277,6012.509595746481
29278,5993.583774557807
29279,8501.929247052603
29280,8648.215685444991
29281,7777.955668582869
29282,5068.102308834964
29283,8558.603094290998
29284,9763.196470736966
29285,5039.750865517792
29286,6872.064277477524
29287,5301.838071432827
29288,7104.090841345049
29289,3866.8085198327935
29290,5925.505561082891
29291,4958.4479917420795
29292,8395.221335699125
29293,6860.421772685811
29294,8239.454415696227
29295,7457.080521812259
29296,5637.58172112824
29297,8067.103237939796
29298,17864.062656418144
29299,9652.458127514381
29300,4623.861708802412
29301,2938.173494743889
29302,6632.222030293269
29303,7582.0878250779
29304,5814.977529839045
29305,11988.743018445952
29306,19463.50312322007
29307,3749.9286376804475
29308,4555.384002284753
29309,8878.68096726023
29310,4326.902700060073
29311,6657.341816179331
29312,5486.567462228883
29313,7093.070548131134
29314,4061.718741326284
29315,6478.35249553372
29316,6297.318675848999
29317,7213.611334484977
29318,9220.81708150622
29319,6877.675410088705
29320,6166.150291528325
29321,6714.658161102737
29322,5067.89297579196
29323,4898.5306072078865
29324,8232.41740794331
29325,5240.291698375336
29326,6200.385332579438
29327,6526.489500508558
29328,5222.128280511457
29329,4947.52069504843
29330,6345.15327186732
29331,6226.270394701488
29332,9055.272887857313
29333,8668.500320704616
29334,7038.697757521251
29335,5185.508821737872
29336,3729.1251834994896
29337,5873.832899013818
29338,5756.861191914895
29339,5650.186315337913
29340,4428.61097108513
29341,8045.44578172528
29342,6384.531371526233
29343,9023.605128947445
29344,6032.688294400254
29345,5290.174243361078
29346,4895.738557614961
29347,4554.930414360027
29348,9703.027672543192
29349,5414.399769584265
29350,7905.917969017881
29351,12876.703532210076
29352,7621.214579580101
29353,6067.648170338471
29354,5130.409118243237
29355,4361.91223311804
29356,6801.576518617456
29357,3923.349081182812
29358,5157.116704255539
29359,9193.7192985348
29360,5802.3611411137545
29361,13210.135473439263
29362,10866.362623141573
29363,5568.101961313041
29364,6236.790014050072
29365,5429.822870236533
29366,6216.227762833372
29367,5057.134242614673
29368,11435.08033256148
29369,7479.051114327962
29370,7686.687545780772
29371,4062.5165502031045
29372,7325.61313875478
29373,5602.582190760933
29374,8557.64547322343
29375,6734.402626626151
29376,5685.828891751727
29377,6934.44003428328
29378,6040.558043054401
29379,8846.398323636142
29380,8763.340344125767
29381,6435.2089133332065
29382,9416.127262070302
29383,6932.616839685261
29384,8803.315348917897
29385,5262.455870335599
29386,4971.525743328434
29387,5012.351590555057
29388,8957.493636155621
29389,6952.780232027602
29390,7723.492014332808
29391,6638.648699743693
29392,9208.45636276917
29393,5103.695641425981
29394,7693.039599750683
29395,6255.259610267696
29396,3891.2551370280544
29397,12612.104793838053
29398,15488.966334553852
29399,6801.552992715619
29400,7124.220423296477
29401,8222.88159806359
29402,9604.604201579234
29403,9808.74401918285
29404,5072.053276930709
29405,6949.229695705639
29406,6037.0908743125165
29407,8424.871074961802
29408,3883.864305184029
29409,5379.871263022743
29410,5305.6805259408575
29411,5363.496246084651
29412,6945.9986125206915
29413,4754.442458062787
29414,3797.7622731295637
29415,6877.783579107246
29416,3872.9199648338076
29417,4396.0872483458015
29418,5573.008150060215
29419,5860.94603864264
29420,9272.656607042978
29421,9154.499907922616
29422,6356.147184242813
29423,6894.362632464412
29424,6742.690859886707
29425,9924.5409097972
29426,6566.506520773681
29427,5211.783650077038
29428,5042.750782319278
29429,10078.606687524727
29430,4204.8942808158345
29431,7632.512131689102
29432,3532.362214735177
29433,4472.1144986038225
29434,6526.27719883289
29435,6480.104438869878
29436,5954.8980815820205
29437,9397.422000645554
29438,10188.92698375834
29439,10009.900672672886
29440,5561.22191146781
29441,10051.390699688742
29442,3001.9401760553765
29443,5377.455090403422
29444,6923.536761146787
29445,3995.0765393708893
29446,8223.069611893849
29447,4644.743673407463
29448,4961.365791422386
29449,8456.330031253125
29450,8804.139586994626
29451,8349.608971283036
29452,5058.525958521108
29453,4682.289378622759
29454,11007.841546916294
29455,8102.196736722306
29456,5375.299824615141
29457,5814.378278368276
29458,7010.521585843711
29459,7737.956060781768
29460,5060.971871355969
29461,5730.94093430038
29462,7841.644391200691
29463,7612.191915502585
29464,12415.972791969842
29465,6121.1217064697275
29466,11218.027290936447
29467,6963.287614961281
29468,5175.662407156462
29469,3170.8358465416118
29470,5811.9531453490445
29471,6114.9191632911325
29472,5490.731880339948
29473,7864.043721339539
29474,5502.4241205365115
29475,4091.1428986402857
29476,7478.871986311809
29477,3293.466776213387
29478,7698.069905795694
29479,7027.01816236149
29480,7285.82571169744
29481,8697.35921359188
29482,4936.792077432502
29483,8741.55824537597
29484,6414.487532545391
29485,5594.380640180558
29486,6196.536413631245
29487,4926.220151304886
29488,9017.432211085938
29489,6469.962912728042
29490,4351.628485626521
29491,6565.452340382697
29492,8274.624291490043
29493,7027.409951696591
29494,5283.44623007665
29495,8191.090655676848
29496,5356.866214738616
29497,6159.173178516717
29498,5887.803845114031
29499,9831.86749765899
29500,5395.363658253887
29501,5575.583195866909
29502,5574.279992624847
29503,5556.019506746457
29504,4197.166254884711
29505,5442.5789112489165
29506,8819.114875948806
29507,8761.081448523528
29508,11465.552361537382
29509,9707.724890405227
29510,8151.491006834988
29511,7381.153337104713
29512,4795.109836807764
29513,10688.67670404882
29514,9835.315143540363
29515,6813.787011137078
29516,7510.415438944307
29517,8239.657780391384
29518,5102.87474856047
29519,3379.9214965904944
29520,10650.199235683345
29521,6200.077445325982
29522,6257.812920531538
29523,5807.225935592179
29524,2063.2400970756007
29525,9449.205563969419
29526,6499.133074229338
29527,6399.969199197129
29528,4662.559509789432
29529,5173.6463794925185
29530,6190.238835915115
29531,6223.391186055554
29532,6949.934833114105
29533,4829.343823137391
29534,4668.252225060498
29535,3627.4817285439453
29536,2855.1775567939494
29537,7188.032239257698
29538,17270.65353051185
29539,4408.769315795647
29540,6179.701513839147
29541,6257.47251876868
29542,5236.809589987838
29543,4851.898820380632
29544,5554.616581893598
29545,3722.674484602622
29546,8065.68306915632
29547,7177.803894604625
29548,3606.2656520486607
29549,8553.332594251462
29550,4440.403524088094
29551,4457.263521605107
29552,9686.035446314936
29553,8109.619187870354
29554,9159.487321113915
29555,4649.119395574694
29556,6167.582127670383
29557,4707.504829587282
29558,4863.546404465948
29559,14134.818611293487
29560,10064.715218121832
29561,7102.986362674037
29562,4689.717625604121
29563,5338.91341491674
29564,5726.151029347011
29565,4417.521573320138
29566,9089.787570136716
29567,4863.271532042593
29568,5508.632442114608
29569,7627.536246572476
29570,5067.25701277215
29571,5772.583650134252
29572,5993.929653179458
29573,7536.784962735979
29574,7020.099126186085
29575,3728.375108048823
29576,5619.5440573354
29577,6921.894628737425
29578,9050.616189360631
29579,8321.680652640636
29580,7388.839573780148
29581,3949.033584624176
29582,8395.08263278563
29583,5245.986827895742
29584,4297.220562893457
29585,6837.778642996464
29586,7137.119991039631
29587,5936.960557693458
29588,6357.673436305642
29589,5765.675635878097
29590,6512.598221532004
29591,5620.773801589028
29592,6462.514380717823
29593,7675.781093462662
29594,4876.277148264679
29595,8943.186023466284
29596,6349.297732262528
29597,4594.440305303705
29598,11759.261070793093
29599,5152.637310029736
29600,3428.3380154246156
29601,7174.9812190087305
29602,9096.442424924371
29603,8918.044788021187
29604,4459.51557284298
29605,5471.656373752719
29606,6003.859322178854
29607,7049.41184613393
29608,5939.972248268232
29609,8492.639865579558
29610,3022.5292673904905
29611,6030.68606579762
29612,5682.926421636076
29613,4954.497856502312
29614,4449.491391026253
29615,7127.38603252239
29616,7450.9922106307
29617,5582.373878924123
29618,7147.748811733559
29619,6581.4866804031735
29620,8457.183160781715
29621,5448.830250498337
29622,6208.261002218643
29623,6062.76039430919
29624,7732.604142951937
29625,8077.5609189956485
29626,3610.4559823997083
29627,7979.1158813330685
29628,7014.792902425434
29629,7237.296477576316
29630,5156.845398958884
29631,3721.2433064164106
29632,7990.702182847243
29633,5266.514298402703
29634,9260.834782903205
29635,6947.719375144634
29636,5118.535220753303
29637,8454.366688437918
29638,5702.590085971931
29639,5282.233396765082
29640,7588.67721407093
29641,4808.268599203567
29642,7376.9322070089565
29643,10717.289134291756
29644,7004.176210141568
29645,4179.197063052822
29646,5185.715062936681
29647,4205.371019515297
29648,2996.957965931816
29649,7458.266414275853
29650,6077.590052862217
29651,8405.885931755289
29652,4476.9621578978085
29653,6730.552468437452
29654,5851.080185568287
29655,8312.51676335651
29656,5368.794987201074
29657,5772.830505858882
29658,4985.06062639499
29659,6430.915155031768
29660,5472.858644489693
29661,7004.189465080074
29662,7444.417716149018
29663,9118.676048109897
29664,7624.253017567633
29665,7586.80064528802
29666,6204.796662877549
29667,4310.284690479519
29668,5675.574078965495
29669,10853.897265099547
29670,8334.849507653511
29671,8471.27371458791
29672,16859.822356533004
29673,4896.308097088103
29674,5043.032185281808
29675,5277.063697612319
29676,9096.365700645998
29677,9748.540063246028
29678,6812.06437613945
29679,7780.657805410344
29680,8230.49062541323
29681,6789.05892508179
29682,6435.331091363877
29683,5779.40333486864
29684,4606.195408122146
29685,5418.368193992521
29686,3641.5245349734014
29687,4658.827935412524
29688,8583.20540964853
29689,16086.868507115427
29690,6075.002682198487
29691,4793.454181264639
29692,6451.622085650844
29693,4023.093651702152
29694,6891.705268997524
29695,4157.656463988812
29696,8520.814139640926
29697,6929.165182500744
29698,5961.349221560767
29699,11339.44599180541
29700,13235.615680722418
29701,4933.992262586737
29702,6540.767153382183
29703,3878.951704210711
29704,4847.305590940554
29705,4999.379546171565
29706,9288.32466900535
29707,4692.776670741388
29708,4680.6367780667315
29709,5118.8956089441035
29710,5933.363264324331
29711,6072.796311688882
29712,7007.385082145958
29713,3843.2374388847998
29714,7771.467898495293
29715,7134.890711074593
29716,6836.063911555053
29717,4566.745021059426
29718,4065.901150547097
29719,7199.178466166534
29720,4328.260195097659
29721,9577.426421312759
29722,4571.808267081928
29723,5511.338021389571
29724,6426.018720985946
29725,6679.147265901412
29726,4923.741419115249
29727,6029.566811410356
29728,6208.674061478786
29729,8943.043123595515
29730,8480.775661506033
29731,6248.323769098299
29732,3574.39041899649
29733,5219.087365597562
29734,6041.281850334667
29735,5025.232449316056
29736,5515.7274221185635
29737,5241.054035462531
29738,11098.713247366275
29739,6834.197615931309
29740,5781.168647080284
29741,6636.868480933912
29742,4408.69191303455
29743,9034.896709422923
29744,5240.93662405851
29745,10833.69954095221
29746,6268.387783102538
29747,5248.143059872247
29748,5040.07729462601
29749,3824.3177882768573
29750,6669.968596960629
29751,20346.126204962755
29752,3821.2171912313856
29753,5768.45122135404
29754,9066.311964966684
29755,6632.923003773605
29756,6157.154657953239
29757,8112.9743847217715
29758,6070.298247249106
29759,5640.502945674069
29760,4317.782908762961
29761,8715.84403169388
29762,5420.4711723668715
29763,6409.04755635399
29764,7799.935218227107
29765,4594.185483512947
29766,7654.1803832976875
29767,6579.55664228371
29768,3954.5405206102814
29769,8138.17163133933
29770,9073.791822542262
29771,3903.801944024918
29772,8262.568105589498
29773,6885.049760510766
29774,5303.371000930209
29775,9481.618038827948
29776,7038.662912577961
29777,7713.799157320799
29778,4530.9962807950005
29779,4872.06388275245
29780,6326.376313308675
29781,3884.513905330435
29782,7292.829998595724
29783,3635.2788368878632
29784,5893.382607202
29785,4792.994500567049
29786,5936.27090565045
29787,5638.378993984488
29788,6674.375465238556
29789,6742.670435864533
29790,8206.625189681798
29791,5398.521773233485
29792,7103.124349372973
29793,5765.86507388813
29794,7609.385170757188
29795,8795.477487249418
29796,6385.835502611495
29797,3842.577291991938
29798,5845.890751422361
29799,6418.661476065593
29800,4017.7977570082753
29801,12281.634277848523
29802,5995.141698376503
29803,6364.008454122134
29804,9150.878099124082
29805,6589.323016500275
29806,3752.152767531963
29807,9391.907216841455
29808,9313.687493228479
29809,5913.2792627309755
29810,7465.646530681101
29811,9370.003640589073
29812,6990.960958577978
29813,4871.645795995421
29814,6631.888422981652
29815,4942.6000208600435
29816,5534.166099519559
29817,7613.122204246083
29818,4510.5946455477
29819,6822.740141813819
29820,7617.108729286752
29821,5905.972636480408
29822,7646.490919091561
29823,5490.109051496234
29824,6037.230066017966
29825,4525.1696859728
29826,7149.391711375097
29827,6831.314052890394
29828,5815.017554639705
29829,6349.897508226725
29830,6765.207372611693
29831,8393.56002152773
29832,5999.473830736078
29833,4587.465452604492
29834,6299.068501474323
29835,7779.375405126063
29836,6596.326439183331
29837,4412.424474674604
29838,3722.626859183959
29839,6990.038087029873
29840,7218.115639343695
29841,5115.683193951802
29842,8109.022798266224
29843,6971.51715316198
29844,5948.970677974999
29845,5336.081373129024
29846,3229.6547414125744
29847,6401.491398716034
29848,7048.452184172663
29849,6339.816181322991
29850,8337.020502279762
29851,7173.762800467086
29852,4637.371299067981
29853,8102.905873138316
29854,3435.425739440419
29855,2500.4494087736834
29856,7343.321882203822
29857,10452.19724597168
29858,7463.408480748304
29859,6517.691526882552
29860,3675.5449208538685
29861,6510.309362957219
29862,7136.307132843435
29863,5559.049323196204
29864,8069.438667195113
29865,4423.387050595264
29866,4254.490008296582
29867,4914.176646119745
29868,5698.67676872238
29869,5360.323160376892
29870,4235.634522242993
29871,5009.568631623568
29872,3929.1050082046363
29873,7082.40323060342
29874,6274.662581958554
29875,5251.098573785788
29876,5975.3841130517885
29877,7019.832082377034
29878,4755.967012122019
29879,4623.399382629933
29880,9001.889729959124
29881,7106.7154756507325
29882,6712.481522918834
29883,3375.5221555172816
29884,10402.309295468373
29885,6413.971740445667
29886,5026.139510268533
29887,8091.325279917446
29888,7248.79301223724
29889,6923.414196674537
29890,6282.8868141273115
29891,6729.810405634621
29892,9040.176999223326
29893,11060.934799347368
29894,4282.869148978421
29895,4337.604352836479
29896,5752.720047140197
29897,6117.660457010375
29898,6191.36387925329
29899,8590.741760156856
29900,8127.767935898338
29901,6061.077745003595
29902,3899.179763463187
29903,5451.225377173633
29904,10149.77186994587
29905,4725.834423113561
29906,7136.436014704055
29907,3595.6468327202906
29908,7496.096324288216
29909,6798.322709758173
29910,7014.400625875915
29911,6980.628475726473
29912,5799.170982921068
29913,4478.488645819044
29914,6624.512824195902
29915,7088.982297242847
29916,8046.225831233466
29917,7172.908083342808
29918,7839.198524223481
29919,5732.5186231841
29920,4087.8082288331375
29921,9040.626847941856
29922,4032.3459235331948
29923,10443.341685611887
29924,6567.434949969413
29925,4580.7692259902615
29926,6718.580861654107
29927,5440.320100818591
29928,6884.355184020975
29929,8261.401087412742
29930,3923.582657145458
29931,4381.861621439931
29932,6648.069102809518
29933,7416.936381184421
29934,9556.019439350443
29935,5834.281713506527
29936,5541.887758393953
29937,4964.180421235839
29938,6476.636038988256
29939,4890.923741380496
29940,10289.383582669536
29941,7617.946898804723
29942,11160.181239429325
29943,4922.97227472176
29944,5806.371881848784
29945,9521.808690197826
29946,7709.691818828606
29947,4430.153588646689
29948,9853.804442436018
29949,6358.695833071113
29950,5258.1015955752355
29951,5254.172504526688
29952,4762.558574604881
29953,4687.733167280213
29954,5068.641387777936
29955,4547.793540136132
29956,4454.904646598795
29957,8447.251442190396
29958,6381.751260531807
29959,21122.404487745374
29960,6915.555883511715
29961,4142.630847877752
29962,6230.11115661086
29963,8968.227220553166
29964,5309.1700143345415
29965,6514.675102698425
29966,4820.408965329354
29967,7156.210084864934
29968,6558.807449931854
29969,4044.11180278208
29970,5142.206130859767
29971,6583.389837447849
29972,7178.118959494534
29973,6375.2719580106605
29974,8776.135022656917
29975,4305.256977622321
29976,4030.463084510782
29977,4724.68008537719
29978,8577.681201124888
29979,9631.715953476667
29980,7948.864464065192
29981,7287.992584578107
29982,3930.4813529343915
29983,5479.6679008168385
29984,3541.0548409103717
29985,7517.336710421384
29986,9389.807209935689
29987,8431.146429053451
29988,4937.032647258214
29989,4852.578570095718
29990,3851.260207285027
29991,5743.794412011885
29992,9168.120202579084
29993,5871.430473413968
29994,4648.687871159371
29995,4567.8131104510385
29996,6744.69996134184
29997,3077.8446656787637
29998,6754.849776084398
29999,3725.243141066443
30000,6229.363311972097
30001,6111.974662138578
30002,5179.150845986862
30003,7017.526808436698
30004,5895.9726924394545
30005,4255.940184555054
30006,6277.750018546799
30007,6414.5220878576065
30008,10320.584043078865
30009,5685.346919455596
30010,6850.634363217484
30011,7128.791178307185
30012,8243.304697059373
30013,5827.763875802592
30014,7930.961949589252
30015,3671.8185512829727
30016,4417.232222087504
30017,5469.585064213302
30018,6212.38468391796
30019,8343.165365476167
30020,6812.576347872852
30021,4606.134561837081
30022,6660.4290595585935
30023,6234.754766695421
30024,8146.332760745263
30025,3536.1131203246227
30026,11590.386493749591
30027,4074.9293190205794
30028,5556.702773368505
30029,7177.151928339407
30030,4013.736727606295
30031,5187.708955674269
30032,5456.333299858764
30033,6920.918848347121
30034,4991.49198791642
30035,4899.209807503951
30036,7424.912445079517
30037,6771.478241435773
30038,5762.016284986341
30039,4489.047360452582
30040,6506.716809794371
30041,11014.315388001352
30042,5825.971286714254
30043,4668.997652757768
30044,6096.5398051195725
30045,5619.280877149517
30046,5816.421300439439
30047,7024.197994417564
30048,3499.5290109612292
30049,6997.509863210677
30050,5495.729192838806
30051,6074.1216718245205
30052,8673.934605991326
30053,4230.801822375822
30054,4807.841090465554
30055,4329.552542819762
30056,7083.154835702946
30057,7923.49954657422
30058,4672.973234076577
30059,3941.923415258346
30060,6418.0070563584595
30061,5292.45954200695
30062,4797.471160412478
30063,6994.846492156769
30064,5862.772989328959
30065,6911.037523696809
30066,4795.827335433528
30067,4358.169182795995
30068,5485.744496620078
30069,7246.18907191655
30070,6629.595359153248
30071,7460.733820879818
30072,7537.159085451852
30073,5012.495855643509
30074,8093.521576386733
30075,4867.356372813006
30076,5842.836200076596
30077,8264.313194971428
30078,6026.130886697447
30079,8874.853439686973
30080,7421.767231086494
30081,6592.87312480885
30082,5405.336316820173
30083,6847.4350650892475
30084,6751.8987979429385
30085,5358.39580804434
30086,3430.432879894148
30087,4852.395575880437
30088,6816.85692679377
30089,5450.245447132171
30090,3863.574959375735
30091,7374.995714064435
30092,6220.368073272837
30093,5546.211770602637
30094,5002.836891077441
30095,4721.063052908703
30096,6539.146451516688
30097,6452.254254663818
30098,5598.796233599981
30099,4940.725130381475
30100,4650.940369708653
30101,6170.80134778774
30102,3185.6053791899985
30103,5893.684606642976
30104,4234.731822639578
30105,7564.598214692819
30106,6458.93430827676
30107,5899.314455030594
30108,10186.272989162528
30109,4276.587642495225
30110,4675.284656082097
30111,9245.51033664207
30112,5781.382702815542
30113,7416.467107734835
30114,6928.128153563645
30115,5081.453615164279
30116,5599.240956308647
30117,5080.029356582089
30118,7325.011775180737
30119,9253.662484408216
30120,6079.617554773258
30121,2727.3186746939955
30122,4440.748245612898
30123,7465.435624110928
30124,8312.635851711279
30125,5486.656306551327
30126,6093.725298814932
30127,4500.0808333763525
30128,4701.319736352956
30129,2931.4808000786297
30130,4477.234182524592
30131,5768.735979521546
30132,6421.332260846523
30133,5998.645177865458
30134,5642.392592972875
30135,7534.438104719066
30136,7872.944722257443
30137,7015.4372853988325
30138,4327.482942959408
30139,8176.304990279403
30140,9148.581743293104
30141,4804.276476307975
30142,6589.976320285091
30143,4755.23680887274
30144,6378.915942128405
30145,3383.3367317820525
30146,5903.021506811672
30147,4472.319270179009
30148,8064.499194856254
30149,6383.723652362497
30150,7451.988322336066
30151,7354.6038210545
30152,5177.607911947709
30153,7247.508361934174
30154,17726.703501264357
30155,9102.82480562503
30156,4607.3808278099905
30157,2530.2428876063746
30158,5723.825528039159
30159,7415.9944969902135
30160,5391.6715618147155
30161,11948.049307127792
30162,18486.622862391345
30163,3484.8660020008992
30164,4474.423184712358
30165,8755.078549099908
30166,4125.693397931916
30167,6516.662798553989
30168,5390.946892455479
30169,6835.249847368854
30170,3687.705011791137
30171,5874.76113614877
30172,5628.634403166694
30173,6916.997664741899
30174,8213.579128245161
30175,6010.591764770189
30176,5463.9167033769545
30177,6417.071957060378
30178,4538.078589349067
30179,4463.87465515678
30180,7379.457385346302
30181,4867.183930972661
30182,5583.225280207219
30183,6256.724727275428
30184,5160.0265966700545
30185,4789.745796402079
30186,6119.991419517015
30187,5965.175587727265
30188,7966.020862390194
30189,8288.83249699926
30190,6599.030086416131
30191,4912.660609330625
30192,3179.4292989488204
30193,5575.525819063802
30194,5614.816855123105
30195,5151.221648444406
30196,4185.261933967322
30197,7669.540146895059
30198,6078.357291804816
30199,8381.025566885384
30200,5965.972188195474
30201,4904.050255737221
30202,4721.426855801101
30203,4436.702148127242
30204,8869.783641908578
30205,4700.329742427937
30206,7197.3330383386665
30207,13177.96720041537
30208,6825.672540806005
30209,6854.597260304278
30210,4469.85951098949
30211,4203.970304018587
30212,6331.863088181515
30213,3649.7077861783728
30214,5294.076217379595
30215,8758.023314451757
30216,5101.369164963762
30217,13309.391027057076
30218,11175.06481402726
30219,4676.972891604018
30220,6031.769884550509
30221,5156.958954197292
30222,6018.671848985729
30223,4825.328518764786
30224,10396.908761437719
30225,6900.315332159418
30226,7484.974553190923
30227,4030.4726248098527
30228,6958.736923969672
30229,4772.229284952896
30230,8014.0556827023465
30231,6101.935214278002
30232,5337.936414876307
30233,6157.471467056245
30234,5727.755430129318
30235,7777.51309541721
30236,8484.730395087141
30237,5585.786939104446
30238,8867.990185896737
30239,6253.639404799901
30240,8495.830404491275
30241,5000.3227992650245
30242,4566.317916378373
30243,4592.064029589327
30244,8307.780573401047
30245,6175.440680503934
30246,6884.5355963630645
30247,5957.743551882394
30248,8202.2877494118
30249,4486.287171916473
30250,7518.818161116281
30251,6087.869715817209
30252,3689.3376471415013
30253,11968.187211224116
30254,15351.4439198115
30255,6229.144525051921
30256,6394.160316590767
30257,7772.663030082134
30258,9218.436365783196
30259,9665.075244588288
30260,4854.364672898949
30261,6791.154245266803
30262,5333.196736825382
30263,7494.260332680702
30264,3689.904784534431
30265,5147.6020353551685
30266,4775.928953866419
30267,4983.909278048831
30268,6648.827764862978
30269,4696.256216655738
30270,3654.2250764500027
30271,5921.419220076875
30272,3481.121634929129
30273,4038.631526767538
30274,5215.811196791132
30275,5506.756422419658
30276,8313.265848463741
30277,7972.635093954401
30278,6281.791555106686
30279,6150.520771048966
30280,5987.057650184389
30281,9689.683835735052
30282,6570.657973883271
30283,4634.794218152226
30284,4670.209505020631
30285,8892.866194456661
30286,4015.878018005926
30287,6915.19647276496
30288,3503.7713753344538
30289,4441.606523349728
30290,6421.2666753937165
30291,5934.6879503997125
30292,5080.625091404617
30293,8318.247771746946
30294,9173.09292101888
30295,10294.87068656815
30296,5535.222529988233
30297,8854.410882938058
30298,2946.4506386319654
30299,4844.884308395041
30300,5981.36182830677
30301,3678.198505133847
30302,7283.014026524271
30303,4457.634373176697
30304,4771.942030458111
30305,8064.865370504912
30306,9202.363011455802
30307,8529.414323261417
30308,4698.7338702087245
30309,4504.037859875966
30310,10857.75747080953
30311,7154.817981410731
30312,5410.667070801959
30313,5016.17216992774
30314,6273.7186905337785
30315,7855.738469474708
30316,4252.610614694649
30317,5721.366672587984
30318,6983.771021510896
30319,7231.707228946951
30320,12259.784790843483
30321,5411.14621139794
30322,10484.746057580829
30323,6297.452541999547
30324,4719.018446807151
30325,3172.54239338782
30326,5590.020368682942
30327,5542.057347301585
30328,4914.708478602187
30329,6883.025355370278
30330,4680.518162793577
30331,3987.1163195018967
30332,6631.092108558849
30333,3096.9117837723065
30334,7268.922594334852
30335,6224.9283636039145
30336,6867.296644626941
30337,7908.430500825885
30338,4520.235967677864
30339,8234.170193444219
30340,6162.017735964823
30341,5089.910449412611
30342,5403.209646982691
30343,4796.941459037292
30344,8740.839094575085
30345,6182.121639909989
30346,4349.131797728342
30347,6366.0190758867275
30348,7621.088956400458
30349,6506.2021448530495
30350,5121.934645454831
30351,7726.763827733928
30352,5069.008933763269
30353,5607.319936331797
30354,5500.5890304536415
30355,8359.755232570611
30356,5426.686289061873
30357,5481.71534013392
30358,4867.180462322219
30359,4920.391633201006
30360,3936.177976745583
30361,4801.403003130055
30362,7696.0948838604545
30363,8571.511085062828
30364,10168.239237994865
30365,9312.428755225588
30366,7273.638363068006
30367,7145.010099281485
30368,4636.460587652384
30369,10225.341816762082
30370,9455.378718460193
30371,6257.68411230186
30372,7262.689632708206
30373,7493.959060144098
30374,4949.913574919708
30375,3400.728218614483
30376,10144.710056858645
30377,5758.085353105166
30378,6054.129890900604
30379,5584.251032288579
30380,2116.3826615928288
30381,9387.049267141558
30382,5811.6228886742265
30383,5564.475438779446
30384,4340.939986980549
30385,4645.75617014414
30386,6006.791797010371
30387,6211.359118699
30388,6154.346815646858
30389,4950.48953867933
30390,4210.807991193493
30391,3632.787363337854
30392,2688.949363311099
30393,6678.194333487839
30394,17044.91259727806
30395,4273.554070245986
30396,5479.952920014932
30397,6008.704437906951
30398,4865.812468577871
30399,4658.893818801055
30400,4708.038869861255
30401,3652.5474046072236
30402,6927.929049045717
30403,6539.344185752996
30404,3436.041628490776
30405,7660.873531478561
30406,4325.328546311438
30407,4254.172869129393
30408,8882.57716098136
30409,7265.379278500261
30410,9084.571415409713
30411,4541.459661606897
30412,6087.242432687336
30413,4356.093199253288
30414,4608.388922221003
30415,13731.954553692789
30416,9140.273295699277
30417,6254.567025361896
30418,4643.986627775589
30419,4479.9699216567915
30420,5263.71287215449
30421,4433.088409235814
30422,9997.443342126557
30423,4626.228735878316
30424,5042.921804116826
30425,6755.761394189987
30426,4366.763858673898
30427,5571.0023757598165
30428,5982.184188217987
30429,6879.454494222935
30430,6335.058363862402
30431,3579.1551791564816
30432,5188.303804101361
30433,6108.018830353972
30434,8438.96200227111
30435,7817.135990196882
30436,6579.832543658913
30437,3782.380309727116
30438,7477.442674947458
30439,5134.353186226706
30440,4075.988381931194
30441,6451.798868728788
30442,6831.812702805633
30443,5758.741540445561
30444,5505.5344174875545
30445,5670.376647729684
30446,5907.338749266861
30447,5161.398789274889
30448,6126.19085489312
30449,6723.57775504447
30450,4607.074169341901
30451,8170.6876688257325
30452,5546.1755459105925
30453,4335.066139514063
30454,10622.178219540523
30455,5211.776825982288
30456,3370.710227544106
30457,6831.231366828781
30458,8080.419727904458
30459,8670.746073242213
30460,4366.408163419739
30461,5202.686763886134
30462,5677.866858075639
30463,6756.155520312286
30464,5293.67265539714
30465,7479.238128912359
30466,2955.3803506252557
30467,5600.770158360972
30468,5325.355097539474
30469,4804.168139511384
30470,4233.506119384163
30471,6564.306900617466
30472,6940.852544601919
30473,5231.768359581486
30474,6939.219179806444
30475,5934.242132291774
30476,7716.623147083435
30477,4732.721191128215
30478,5905.706363475452
30479,5685.7900289838
30480,7070.1705789458965
30481,7261.038101399389
30482,4139.937956155825
30483,7700.45042167001
30484,6359.54645239186
30485,6723.286664631203
30486,4760.912366221119
30487,3752.6232865998954
30488,7166.686010618037
30489,5176.459954117091
30490,8186.3853766007105
30491,6426.687050540722
30492,5009.3941561233305
30493,7370.1063841890045
30494,5628.277352874954
30495,5100.209706080299
30496,6995.715683892802
30497,4712.550938811435
30498,7381.094688941625
30499,9683.804782082363
30500,6662.190633564755
30501,4087.9864294362505
30502,4802.6969109590555
30503,3753.0833907721894
30504,2902.025880004214
30505,7009.735142683871
30506,5291.486527045857
30507,7860.6883185686265
30508,4063.4405722394613
30509,6303.714103005281
30510,5570.112874388878
30511,7988.258457104376
30512,4702.384441913893
30513,5039.775996336626
30514,4618.018283778207
30515,6173.931199415826
30516,4797.455011591574
30517,6582.581817158072
30518,6807.971113894565
30519,8845.048984568859
30520,6719.984445476078
30521,7068.042088349285
30522,5611.809128312193
30523,4119.576196493797
30524,4967.255705685957
30525,9832.633320076215
30526,8001.647540147139
30527,8449.14674848396
30528,15552.980924195934
30529,4797.200358966158
30530,4615.903583122622
30531,5170.185601933439
30532,8008.081599202587
30533,8719.971690700355
30534,6169.0815765858815
30535,7295.237769449615
30536,7418.19888920107
30537,6520.76979478441
30538,5615.292192457395
30539,5094.640197251832
30540,4357.32529000769
30541,4685.269962577163
30542,3589.651874413169
30543,4475.288326672609
30544,7783.155247620516
30545,15002.939673949257
30546,5845.91520895847
30547,4621.445739753939
30548,6095.110309264036
30549,3687.151247704944
30550,6095.9163680350775
30551,3932.3771956182427
30552,8303.982642113975
30553,6130.023704083675
30554,5688.307770469215
30555,11115.002949075384
30556,11846.758091349007
30557,4833.584187230362
30558,6240.488715652041
30559,3746.25154456487
30560,4801.820131532329
30561,4912.428161090949
30562,8235.010345062452
30563,4341.480162354517
30564,3981.1698448065194
30565,5069.182678647251
30566,5244.8764205154575
30567,5830.198214676478
30568,6333.278793337891
30569,3697.0835706920307
30570,6814.856399770368
30571,6870.458798750974
30572,6452.140595448978
30573,4054.2980629436092
30574,3714.860977455133
30575,7028.053055314252
30576,3969.835863441236
30577,8873.728528510055
30578,4227.689874760117
30579,5127.035031353983
30580,5894.862967636967
30581,5766.807453981105
30582,4303.430577491665
30583,5366.530134582923
30584,5845.451835747818
30585,8384.01700274123
30586,8071.259780804931
30587,5495.48707976042
30588,3519.236818179755
30589,5082.704451714367
30590,5750.620589897685
30591,4687.916362432319
30592,5326.335950206486
30593,5170.762384398517
30594,10512.370255507914
30595,6450.73837339659
30596,5509.780053788253
30597,6607.312629322671
30598,4173.911075285765
30599,8490.345330324282
30600,4940.530224623447
30601,10719.174237811325
30602,5509.902478860325
30603,4697.120337348388
30604,4670.033731343167
30605,3495.360556158889
30606,6663.621547263602
30607,18091.143689305896
30608,3676.915999573037
30609,4755.693924518298
30610,8464.354282567385
30611,5896.566592108285
30612,6009.238373266128
30613,7272.599131393522
30614,5499.792070782629
30615,4820.542071492177
30616,4260.708427545036
30617,8271.040683536621
30618,5115.718431508694
30619,6108.497257613616
30620,7007.5086208105
30621,4350.715889556695
30622,6918.025576542194
30623,5726.785308222394
30624,3838.657451702053
30625,7897.583854344629
30626,8308.654612077862
30627,3852.3807540078274
30628,7147.976177277298
30629,6197.835592665109
30630,4834.834258418377
30631,8529.895634725253
30632,6130.060680525361
30633,7088.865268352967
30634,4109.680420682249
30635,4430.266335922225
30636,6196.4416945643925
30637,3547.607032517711
30638,6973.379184668821
30639,3533.049091428604
30640,5540.685726906402
30641,4631.197339853285
30642,5477.596345994097
30643,5610.924336374994
30644,6343.2204301406555
30645,6245.616294942917
30646,7259.888165703872
30647,5045.9153148689675
30648,6553.364888303593
30649,5803.771332575701
30650,6931.053519926547
30651,8257.554543075596
30652,6199.063212828196
30653,3291.9209796049686
30654,5442.525217095824
30655,6241.602796224258
30656,3840.6768828676272
30657,11083.920944832922
30658,5264.739481327814
30659,6081.174225414781
30660,8963.74073047293
30661,6348.624378817797
30662,3532.9359507240465
30663,9137.203078082455
30664,8920.82593000321
30665,5297.518061890198
30666,7189.965506589679
30667,9011.001397908096
30668,5636.450965708342
30669,4582.886861545462
30670,6157.330701735799
30671,4778.760604156877
30672,5116.553760581537
30673,6742.927273256615
30674,4321.459264903236
30675,6031.807707107905
30676,6667.280948370514
30677,5739.889986600017
30678,6731.077856959739
30679,5279.840539210308
30680,5810.861074382102
30681,4712.998352948873
30682,6868.765681654114
30683,6295.6760115631705
30684,5682.006541906678
30685,6116.119420104691
30686,6279.27348846269
30687,7954.976764670369
30688,5157.652555418516
30689,4487.032253185726
30690,5526.368996849339
30691,6996.295767408221
30692,6151.224811466368
30693,4210.595863727487
30694,3631.788166222156
30695,6654.4671412881635
30696,6916.402001703217
30697,4895.555289863123
30698,7154.310984323855
30699,6173.7930188931205
30700,5735.014141014146
30701,4650.876629752378
30702,3242.239132151932
30703,5847.863871437602
30704,6301.097901915892
30705,5859.2091218624655
30706,8094.6368143258605
30707,6974.314155952151
30708,4518.318054947691
30709,7907.2075623505225
30710,3480.855403033618
30711,2712.9797774646695
30712,6885.428805905223
30713,10375.40788732327
30714,7235.369467958571
30715,6245.680918325896
30716,3641.3213881278148
30717,6091.892384415739
30718,7239.089058544649
30719,5072.474662249136
30720,7226.612089534075
30721,4313.682118302387
30722,4310.153391698449
30723,4756.385743078424
30724,4935.017851692847
30725,5164.461383743943
30726,4010.7583072072825
30727,4424.080236990434
30728,3784.6255148286987
30729,6605.465801486864
30730,5844.600384109041
30731,4678.371434684887
30732,5784.424600750657
30733,6213.174174418731
30734,4684.966690045566
30735,4588.730063968863
30736,7837.055478529573
30737,6649.102524668749
30738,5843.304888610458
30739,3299.540263323936
30740,9572.77520289143
30741,5829.1864803387025
30742,4604.303724607787
30743,7312.731197267714
30744,6802.513734974736
30745,6609.6326452420935
30746,5506.6697392357655
30747,6559.007360280124
30748,7966.28061286587
30749,10902.427961734278
30750,4021.5176855889486
30751,3935.793807780666
30752,4945.016757567444
30753,5970.706588548733
30754,5472.643618284273
30755,8111.968606596099
30756,7658.70522093224
30757,5541.017021640859
30758,3743.4334126495746
30759,5083.514413368739
30760,10196.04367981866
30761,4299.960939839984
30762,6550.18911019491
30763,3542.129610213181
30764,6755.174730537422
30765,6656.645153885498
30766,6674.961990860849
30767,6794.195457626173
30768,5574.069190951044
30769,3989.098755640177
30770,5944.153079939728
30771,6582.426191911825
30772,7290.904255493322
30773,6776.413826840472
30774,7117.145330269964
30775,5398.5360129478795
30776,3906.3938448887416
30777,8558.581530179323
30778,3898.952696130786
30779,9846.813603094652
30780,5779.491697945419
30781,4066.1505766805553
30782,6322.594520382288
30783,5461.327167265578
30784,6563.95853847999
30785,7955.287323120493
30786,3841.255566868133
30787,4009.429246302005
30788,6336.174382275933
30789,6910.482931937178
30790,8886.170893886181
30791,5018.74200069424
30792,5518.012914759684
30793,5002.4447783939295
30794,5822.931428773651
30795,4674.0149493639365
30796,9166.709030830396
30797,7287.851411492238
30798,10503.603571182932
30799,4283.373440015129
30800,5335.604582110668
30801,9072.033995246378
30802,7698.032917618249
30803,4195.798379415978
30804,9145.23698723102
30805,6093.1652427922345
30806,4638.53618898305
30807,4679.222395760676
30808,4210.383411664975
30809,4614.7611714491495
30810,4876.877876853114
30811,4268.614197543887
30812,4287.19614661365
30813,8005.745166691299
30814,6259.825451702705
30815,20520.748230918955
30816,6029.208354261648
30817,3934.5960914499315
30818,6049.023073246634
30819,8777.987266014321
30820,4893.129639085778
30821,6270.032157121677
30822,4745.38763215996
30823,7220.958155579943
30824,6477.33813165711
30825,3717.7770483924205
30826,4945.51922098447
30827,5966.3695829568705
30828,7102.024049383045
30829,6102.54909619331
30830,7855.163106892089
30831,3937.911932974785
30832,3802.7773927183152
30833,4228.705566511088
30834,8363.291605258264
30835,9248.256957645455
30836,7797.56514829835
30837,6744.673345976252
30838,3657.5927307041193
30839,4923.559781736465
30840,3437.8011441077992
30841,7342.396745763303
30842,8665.729158286633
30843,8398.129745508899
30844,4479.071512885645
30845,4720.428579592977
30846,3644.306636961756
30847,5088.756792058114
30848,9047.281191780754
30849,5409.238610983375
30850,4068.9756615681963
30851,4172.461907123271
30852,6756.937611923952
30853,3035.5031898829616
30854,6329.394076159811
30855,3312.929585169676
30856,5770.363197318269
30857,5628.572479027696
30858,4997.698694796926
30859,6481.899976099232
30860,5683.539967780731
30861,4311.181747941064
30862,6067.73294347345
30863,5997.290317566657
30864,9016.547819357227
30865,5113.47724095703
30866,6839.648759983185
30867,7115.547548414568
30868,7662.852917996701
30869,5412.694999038457
30870,7621.392212995991
30871,3504.218941450949
30872,4286.059185970997
30873,5365.850445224013
30874,5614.055139907113
30875,7735.552255976311
30876,6335.867849463083
30877,4432.647979646996
30878,6006.465619987343
30879,6106.632907235787
30880,7574.113220696758
30881,3480.1566370239925
30882,11662.794347375431
30883,4004.2938918604436
30884,5447.894571649914
30885,7149.097294358254
30886,3677.9914914676638
30887,4845.7402480310175
30888,5128.859994974474
30889,6343.594504026292
30890,4537.221204628324
30891,4494.259608145001
30892,6814.50936837233
30893,6346.562429019456
30894,5624.354719098518
30895,4327.984179973092
30896,6428.813105349209
30897,10055.361927103035
30898,5660.0194861366235
30899,4680.312307122801
30900,5465.477298526322
30901,5528.25005874533
30902,5483.577001291324
30903,6512.689592238844
30904,3437.6741344924058
30905,6364.793069354441
30906,5350.64874421395
30907,5619.3113067523
30908,8812.21587472275
30909,4193.308264684567
30910,4469.473837576905
30911,3957.8754616339484
30912,6576.699668174581
30913,7584.5578977814985
30914,4428.728541819836
30915,3640.4664821966853
30916,5824.058455482336
30917,4795.05366672976
30918,4565.758294922638
30919,6769.9660304397175
30920,5627.1347503232455
30921,6833.543222054665
30922,4404.5445486394865
30923,4299.902612909909
30924,4988.784763184754
30925,6892.011089120369
30926,6542.849185402166
30927,6979.337252875076
30928,6985.512320616129
30929,4526.409207592591
30930,7344.140759244402
30931,4742.182558259745
30932,5683.283615163024
30933,7518.326394183957
30934,5541.66600406647
30935,8652.913995796664
30936,7093.732960200575
30937,6123.629733023168
30938,4769.145199492137
30939,6794.126635855039
30940,6134.91291675333
30941,5174.519958889211
30942,3413.9824233495897
30943,4681.737182404443
30944,6744.302010427382
30945,5158.517172398138
30946,3717.119888634166
30947,7124.684918401202
30948,6064.747804756742
30949,5331.8892592124175
30950,4722.85334626345
30951,4567.023943681855
30952,6445.757135612286
30953,6037.079755504829
30954,5323.685984996285
30955,4411.666988139796
30956,4572.081476575527
30957,5687.150918516402
30958,3137.600858368576
30959,5558.4479272882145
30960,3865.992630493017
30961,7047.73629819395
30962,6427.360752530774
30963,5794.37148455027
30964,9406.503559492208
30965,4474.8605167741935
30966,4285.745698400458
30967,9092.646719331264
30968,5515.440871008298
30969,6750.3479087420865
30970,6869.490748498256
30971,4267.055093670777
30972,5125.337339143902
30973,4958.670951931008
30974,7056.871749234797
30975,9100.334593076144
30976,5824.000311380874
30977,2555.6706414179885
30978,4436.203023132346
30979,6994.449619382683
30980,7545.466498563358
30981,5006.310075959217
30982,5907.479433556967
30983,4232.469001831233
30984,4548.101321802086
30985,2897.748023734176
30986,4376.025169453568
30987,5180.869995975533
30988,5818.848692510465
30989,6008.161080291034
30990,5431.726023505576
30991,7176.476869071483
30992,7074.513309392211
30993,6587.057894132168
30994,3990.630181238617
30995,7970.544151334894
30996,8471.441152653064
30997,4498.581579765405
30998,6512.498695155527
30999,4312.627660856008
31000,5852.962191534447
31001,2971.461833549126
31002,5766.350073287466
31003,4124.498935994808
31004,7842.1545014675485
31005,5995.42764358846
31006,6954.0931004915665
31007,7234.472523221886
31008,4586.54345348756
31009,6730.4055601272075
31010,17466.086554159952
31011,8331.473139858554
31012,4413.961962717099
31013,2344.249026150236
31014,5368.626064566349
31015,7156.458429421772
31016,5152.083025795521
31017,11239.349311772286
31018,17169.82482457194
31019,3441.232792728804
31020,4251.405430587487
31021,7395.969430207985
31022,4111.835199041659
31023,6316.340744539912
31024,5134.553084552044
31025,6608.385154311024
31026,3352.423628938344
31027,5654.836738618973
31028,5182.18122190976
31029,6699.410806173408
31030,7522.049119999257
31031,5295.461505332378
31032,4909.483765885953
31033,6149.053775905821
31034,4121.8170168560255
31035,4304.938302032515
31036,6999.930592597918
31037,4327.402230004553
31038,5070.3698274415665
31039,6124.604948413193
31040,5032.188420489888
31041,4793.618950018656
31042,5947.502815963549
31043,5831.525109631919
31044,7315.830715554074
31045,7735.43038320804
31046,6406.086679312333
31047,4792.21393691792
31048,2856.94727848024
31049,5329.66418702637
31050,5425.75028855706
31051,4735.280450911897
31052,4084.0651278255555
31053,7357.925744259056
31054,5601.919207650421
31055,8109.960754746908
31056,5837.457598650361
31057,4354.417057466471
31058,4518.941681522049
31059,4195.672006133962
31060,8055.915779171244
31061,4293.656633852634
31062,7072.043383572179
31063,12875.035758531447
31064,6386.046976203313
31065,5841.293531616586
31066,3991.4287053649823
31067,4121.383069533877
31068,6064.279579360943
31069,3491.4927458810475
31070,5037.269778045989
31071,8514.29694737585
31072,4697.489608458384
31073,12507.06196810839
31074,11060.088592696244
31075,4265.92925549207
31076,5815.650293095525
31077,4932.713804400483
31078,5720.96921672968
31079,4745.490871017221
31080,9685.564018069066
31081,6296.932209096275
31082,7314.554106629582
31083,3887.740291051072
31084,6734.547288356098
31085,4283.450270101057
31086,7765.225890095614
31087,5442.891586342053
31088,5130.133089837744
31089,5521.2181703286715
31090,5354.798429105564
31091,7186.95651065977
31092,8156.414713211034
31093,5100.184424625854
31094,8491.441521073382
31095,5603.927731972544
31096,8054.939614771841
31097,4721.733964312303
31098,4235.729812016982
31099,4151.297680372653
31100,7647.59417325153
31101,5492.36541958289
31102,6381.046396781345
31103,5524.697980577926
31104,7555.363298420768
31105,4034.3568283639993
31106,7259.814930639059
31107,5819.773206340765
31108,3370.761540042112
31109,11599.762854827153
31110,14914.405712043861
31111,5809.9205992970055
31112,5844.284386418494
31113,7340.649217150222
31114,8787.835722751863
31115,9393.559835270884
31116,4685.227039094324
31117,6666.435633068503
31118,4902.507872897145
31119,6817.905168984794
31120,3609.4286632788117
31121,4890.169767780629
31122,4336.100690242769
31123,4784.580713425724
31124,6586.514520275991
31125,4483.701854658916
31126,3481.5558582379686
31127,5396.263695256478
31128,3245.701275715624
31129,3796.480829416979
31130,4716.856823506542
31131,5376.075220527362
31132,7485.716854355174
31133,7361.915480980123
31134,6125.789096983503
31135,5444.5943793143615
31136,5410.273221038847
31137,9437.439864410158
31138,6421.437368704263
31139,4422.654581232479
31140,4335.8067563649265
31141,8150.407683058905
31142,3889.7497688120366
31143,6382.333629742332
31144,3192.717835265119
31145,4416.9661068952255
31146,6256.669093384406
31147,5344.830767884012
31148,4587.824965853472
31149,7711.617070847738
31150,8375.547979523182
31151,10239.06607802097
31152,5250.0918145254855
31153,8505.00977443854
31154,2916.0246124641117
31155,4505.869819210222
31156,5418.191301553016
31157,3348.570375936188
31158,7138.005599757204
31159,4353.010713822836
31160,4717.905521103957
31161,7896.654940441047
31162,9102.42260145832
31163,7169.0959031830835
31164,4552.491654817143
31165,4156.947273312718
31166,11826.215239114017
31167,6750.270751716113
31168,5250.690583827296
31169,4480.90688446359
31170,5885.53606920144
31171,7608.635976902061
31172,3969.31306431452
31173,5523.340130655681
31174,6438.576598356417
31175,7003.633835556555
31176,11765.46782005059
31177,4868.16709423619
31178,10316.992879181345
31179,5812.161997708534
31180,4370.026423417835
31181,2958.6942435633773
31182,5431.471136623601
31183,4999.795189992415
31184,4495.053077186028
31185,6550.348895692714
31186,4268.6543570178
31187,3788.841178871209
31188,5996.8877132834505
31189,3027.76768961932
31190,7292.370404716384
31191,5649.330506447295
31192,6740.3332118865455
31193,7230.207804899672
31194,4045.2360916598677
31195,7991.824825658263
31196,6136.616865186009
31197,4827.32361504112
31198,4979.529096018362
31199,4696.279265700099
31200,8679.041404485595
31201,5722.575003947437
31202,4219.602204442153
31203,6253.677113303177
31204,7375.636417719685
31205,6169.112767952119
31206,4931.991242633699
31207,7499.116807960816
31208,4954.10608325648
31209,5193.311794475675
31210,4990.73283045069
31211,7743.379290970559
31212,5069.541093473659
31213,5040.064052818671
31214,4383.179787029224
31215,4462.986853404031
31216,3915.2872224468397
31217,4122.615777914172
31218,7025.904044235763
31219,8253.959918620048
31220,9504.669324668786
31221,8775.243137599917
31222,6687.207526443236
31223,6955.123471498053
31224,4519.119233674332
31225,10103.531527483547
31226,9092.972747768676
31227,5760.8273385989605
31228,7128.605179671032
31229,7255.463870245388
31230,4827.150387358693
31231,3345.557595120113
31232,10076.439597004057
31233,5286.0105045085775
31234,5862.384075418985
31235,5376.389625640356
31236,1989.4835422046406
31237,8979.86647011294
31238,5329.734699643142
31239,4785.890443671089
31240,4184.287655943592
31241,4294.648782269898
31242,5754.987706284742
31243,6027.814863890836
31244,5615.710023514483
31245,4722.5327282150865
31246,3812.18229008866
31247,3615.99366401628
31248,2549.0552310407447
31249,6075.741144098703
31250,15978.847468145277
31251,4155.642805769828
31252,4988.656078035686
31253,5976.957961036988
31254,4624.3868355233135
31255,4431.6222258295675
31256,4269.238814965752
31257,3592.125935240786
31258,6371.888905714757
31259,5996.7923876282075
31260,3322.7387311564066
31261,7129.786190851059
31262,4130.083847619125
31263,4067.9850156802354
31264,8345.96508056148
31265,6869.3799357360895
31266,9006.202553964527
31267,4359.275992174485
31268,5878.303691232621
31269,3960.1607026658153
31270,4225.269495192775
31271,13743.850529572406
31272,8336.350338003642
31273,5529.4692941285275
31274,4452.368567064094
31275,4068.009123993465
31276,4994.082638370798
31277,4152.336515765081
31278,8473.80612648913
31279,4581.423556416994
31280,4894.19765312211
31281,6100.815135236552
31282,3966.1873934052574
31283,5389.734235752073
31284,5826.019350609519
31285,6251.6234903747145
31286,5759.581301939247
31287,3500.320534688092
31288,5173.596457543768
31289,5524.6211850534555
31290,7801.373802501492
31291,7608.476458133132
31292,5926.4972803430455
31293,3679.882613872136
31294,7014.28409272823
31295,5000.279911573463
31296,3885.302404954439
31297,6243.637535179188
31298,6656.326920953208
31299,5542.72237848733
31300,5065.598947730564
31301,5376.006858851583
31302,5484.972195965129
31303,4753.364131107516
31304,5997.366114331054
31305,6138.472189416762
31306,4076.7658029427434
31307,7634.783020297641
31308,4987.230967966039
31309,4196.162734999642
31310,9730.771350408195
31311,4857.213910627497
31312,3377.7405906180857
31313,6774.094676914865
31314,7530.4471504153535
31315,8447.98319369797
31316,4337.275768537941
31317,4920.019788855436
31318,5554.95053139358
31319,6732.021167550354
31320,4937.417447905231
31321,6919.30345361997
31322,2773.5236811429486
31323,5250.030685010898
31324,4898.116322997551
31325,4446.620250974338
31326,4056.4150454446185
31327,6053.266279589944
31328,6376.657240191184
31329,5038.022456056446
31330,6844.945100714135
31331,5416.042664390735
31332,7107.922740363497
31333,4262.722234598264
31334,5606.039351044604
31335,5480.78126019286
31336,6456.247432184618
31337,7151.820659346276
31338,3254.973273625952
31339,7247.339666367076
31340,5939.227909326972
31341,6323.027205068543
31342,4435.774620571277
31343,3608.2601128460083
31344,6581.043982323825
31345,4984.877056761557
31346,7620.002189331894
31347,5735.545715620075
31348,4834.7874575342885
31349,6730.683377213794
31350,5462.552991372648
31351,4477.4078835195005
31352,7041.801461943054
31353,4506.448101191346
31354,7385.7945905060415
31355,8890.585190284582
31356,6628.943545307232
31357,3886.2626835217766
31358,4282.747654242309
31359,3611.405317336601
31360,2827.761662393724
31361,6815.458420924951
31362,4658.04911853505
31363,7664.253199602745
31364,3605.2837062436624
31365,5647.117353791528
31366,5312.707798056755
31367,7919.083560354734
31368,4228.24953320154
31369,4618.500013198915
31370,4260.478489425156
31371,6105.809668445478
31372,4338.875130035446
31373,6376.552311885094
31374,6614.415365533523
31375,8717.107163118018
31376,6173.876337330244
31377,6490.194691167247
31378,4926.651675324908
31379,3961.448881543105
31380,4344.540271857895
31381,9145.233644023861
31382,7624.752352066434
31383,8155.89209028508
31384,14500.36639704576
31385,4596.952947890723
31386,4197.128860240816
31387,5042.714234442628
31388,7465.112816393036
31389,7859.550787326023
31390,5618.404920340141
31391,6760.351214142877
31392,6858.870357520117
31393,6518.350083880474
31394,4996.942615125856
31395,4628.627234830397
31396,4044.043938775117
31397,4180.172470366811
31398,3532.2904774086396
31399,4264.961756435402
31400,7193.1410303094435
31401,14748.318455309876
31402,5615.795927265324
31403,4403.846391587444
31404,5998.834850927297
31405,3288.5260954478263
31406,5484.150307801113
31407,3593.305677316386
31408,8074.987484935842
31409,5493.345099998769
31410,5403.301968930829
31411,10817.890718373385
31412,11135.687329089658
31413,4677.051645824963
31414,5905.261430452969
31415,3400.0755998027626
31416,4739.419603135365
31417,4897.912936695184
31418,7563.573871326539
31419,4099.313276900943
31420,3590.837077037748
31421,4957.513875669975
31422,4761.746392510855
31423,5723.071784712742
31424,5775.70092520164
31425,3608.8479271882397
31426,6247.507551200018
31427,6715.7736908672605
31428,6042.724110585691
31429,3706.7344268500033
31430,3415.5545721025082
31431,6912.956988300228
31432,3847.5986981192414
31433,8649.867613317774
31434,3733.936786717019
31435,4625.776791649475
31436,5510.140744448539
31437,4956.505839461123
31438,3921.663013157036
31439,4795.599542683855
31440,5440.105880489641
31441,8277.81069391523
31442,7675.761778116473
31443,4921.099984931084
31444,3481.186580453147
31445,5011.368026408025
31446,5653.830308808257
31447,4391.9951682832225
31448,4876.169605228206
31449,5045.025776153298
31450,10255.979651976488
31451,6303.397654197817
31452,5252.243250123999
31453,6335.049632235829
31454,4109.060318314036
31455,8316.200713139566
31456,4595.787596018254
31457,10446.968843650782
31458,5033.433310144231
31459,4278.661583337079
31460,4507.1926169596445
31461,3248.26972970515
31462,6629.2740516754075
31463,16726.469187622944
31464,3579.7223677005104
31465,4306.673992880599
31466,7971.4242605643085
31467,5634.699303805868
31468,5851.788489758613
31469,6799.127896118518
31470,5057.228053570883
31471,4376.808941308957
31472,3976.0088369847504
31473,8089.537958314522
31474,4822.790276785361
31475,5967.018279114546
31476,6623.520643119261
31477,4372.899701705041
31478,6525.036760300403
31479,5124.885980223049
31480,3595.277889642387
31481,7679.028395158525
31482,8005.456912467648
31483,3808.613772471788
31484,6605.604767600441
31485,5625.963213315098
31486,4266.175771500368
31487,7852.891069659358
31488,5429.978434702446
31489,6835.926838491711
31490,3923.256381203365
31491,3983.4554533044957
31492,6318.772220572282
31493,3190.8503730509105
31494,6865.487715083109
31495,3550.725188226947
31496,5433.940509880194
31497,4516.420089634589
31498,4920.616695433703
31499,5632.342452928076
31500,6144.073123164675
31501,5554.805328288448
31502,6713.201511979533
31503,4704.27845724119
31504,6466.644219749021
31505,5644.678987105361
31506,6828.102341020928
31507,8085.853466443634
31508,6028.910985454776
31509,3011.6571260812248
31510,5325.451527428472
31511,6204.905494066392
31512,3971.909140570003
31513,10144.374185081548
31514,4828.533635871466
31515,5955.873617650272
31516,8853.223608846592
31517,6022.98178746404
31518,3379.73423019331
31519,8691.796680314628
31520,8563.66569777691
31521,4904.807587543637
31522,6879.419952962448
31523,8292.23597360263
31524,5133.006966174876
31525,4564.52487043152
31526,5946.680887425564
31527,4596.328765502569
31528,4999.730240035604
31529,6265.121624552033
31530,4181.572854439808
31531,5730.510144994844
31532,6223.057672575515
31533,5547.530689756737
31534,6181.620856857897
31535,5127.8391156374655
31536,5668.676222413867
31537,4289.7447106080845
31538,6622.079481289484
31539,6038.306221088398
31540,5271.075951084557
31541,6058.166663407989
31542,5861.4220327347975
31543,7839.356335037811
31544,4660.226959627455
31545,4382.795287376585
31546,4893.596982832725
31547,6360.028185819108
31548,5702.994225861865
31549,4075.131408053509
31550,3490.1613000377074
31551,6773.9817446129355
31552,6365.378982964166
31553,4677.162380887806
31554,6735.439686421232
31555,5578.02676697357
31556,5740.451769447692
31557,4207.111653628995
31558,3061.4486688445513
31559,5365.829655598264
31560,5755.484444460924
31561,5464.289181784314
31562,7860.636254179357
31563,6894.257912665298
31564,4468.99373980092
31565,7436.0607582016155
31566,3451.0903229473156
31567,2664.517143735388
31568,6375.214834407907
31569,10595.675062813772
31570,6908.497203086157
31571,6040.406884692922
31572,3548.7184122039366
31573,5981.322133576829
31574,7005.186357950371
31575,4794.021909358212
31576,6737.485652920001
31577,4166.644271778027
31578,4281.043933515728
31579,4591.755176177877
31580,4595.939173569602
31581,4998.099152510549
31582,3883.7433291657626
31583,3917.454243193426
31584,3736.2595433975002
31585,6503.99082755444
31586,5731.232482063681
31587,4196.7895535462385
31588,5520.183820413812
31589,5737.686337897387
31590,4568.365981533052
31591,4600.017313239911
31592,7152.505737531111
31593,6489.204391287172
31594,5131.729082628875
31595,3250.110025222872
31596,9333.503700633823
31597,5167.754158674487
31598,4255.215427905793
31599,6639.021951675947
31600,7029.540634770182
31601,6399.115170705237
31602,5022.302580936804
31603,6515.8842308150315
31604,7502.593010024935
31605,10812.075505644454
31606,3863.1314768440593
31607,3684.354345638145
31608,4453.244495266374
31609,5730.305222961405
31610,4891.2576414623045
31611,8058.301478041702
31612,7330.748736555536
31613,5247.161615647611
31614,3562.3858745836255
31615,4744.385668166527
31616,9728.125489177193
31617,4114.510239340516
31618,5922.429933880613
31619,3435.072903248515
31620,6132.903203941634
31621,6461.231293643714
31622,6512.1283314537195
31623,6583.90584417958
31624,5328.337477796424
31625,3624.8794967242197
31626,5346.4144103044955
31627,6552.740533008867
31628,6891.840044492138
31629,6639.593061480146
31630,6587.509898231301
31631,4927.9074995288765
31632,3764.614050299544
31633,8477.59562166962
31634,3744.0177154177495
31635,9694.094052426288
31636,5203.257329337333
31637,3750.4606275965434
31638,5965.329381074606
31639,5272.392851192691
31640,6408.444393496414
31641,7865.016719753147
31642,3705.800006096347
31643,3851.6960007267776
31644,5946.594405367702
31645,6665.105142854872
31646,8810.369725401895
31647,4739.151016244779
31648,5373.949152469978
31649,4878.320226154695
31650,5244.943582319607
31651,4484.4053719130925
31652,8412.342462102268
31653,7034.563022795653
31654,10607.285747425625
31655,4045.33682782253
31656,5109.870645169659
31657,8592.43659978253
31658,7682.143254667387
31659,4017.988778546908
31660,8281.491055989245
31661,6010.970038429398
31662,4297.485260261218
31663,4223.5915502916805
31664,4023.8929318729106
31665,4438.37169287409
31666,4623.723165207619
31667,4006.1251024447547
31668,4104.842390644563
31669,7201.02394309855
31670,5890.14237189646
31671,19979.28007885452
31672,5436.251284890882
31673,4020.9126142033865
31674,6031.241620215471
31675,9427.774156446034
31676,5020.0876895744195
31677,6181.873844924659
31678,4999.188464670546
31679,6995.189313243002
31680,6518.770723469211
31681,3734.4457904135097
31682,4904.942443090323
31683,6033.737033395142
31684,7278.286266327703
31685,5901.538401266144
31686,8197.49808527954
31687,3979.588039754029
31688,3920.4303403796384
31689,4295.609361903345
31690,8281.430320704318
31691,9506.097214492433
31692,8041.713964005088
31693,6527.599480252703
31694,3880.6076387701764
31695,5001.11443915004
31696,3530.365977107186
31697,7209.707470316766
31698,8514.13929118396
31699,8564.436765716651
31700,4415.505454557783
31701,4755.902530052946
31702,3922.37605685417
31703,5126.262067200286
31704,8944.39662694172
31705,5403.528975469556
31706,4087.3054232831223
31707,4295.9377457591145
31708,6690.622637876532
31709,3192.2597046431065
31710,6368.242000882358
31711,3352.0994252024216
31712,5791.619144293295
31713,5560.9116336442685
31714,5163.932586765917
31715,6517.5842504684715
31716,5776.752596998607
31717,4333.578209917514
31718,6082.585443477036
31719,5975.733147996111
31720,8833.077744553937
31721,5244.554249488026
31722,6981.276413274809
31723,6986.014728083852
31724,7811.147318899668
31725,5556.618955906004
31726,7716.825282086286
31727,3623.254570140378
31728,4442.945516576869
31729,5432.450223824205
31730,5768.047518256259
31731,7923.927567383058
31732,6375.707103643945
31733,4628.992683959012
31734,6173.108758349465
31735,6279.3718393697045
31736,7778.556641616038
31737,3390.618883427121
31738,11155.749990747685
31739,4099.219026458183
31740,5689.574344674868
31741,7215.773881781303
31742,3794.207892909403
31743,4852.559807256079
31744,5125.918000007846
31745,6190.153664849681
31746,4418.7963364787265
31747,4575.172244116651
31748,7061.887728441058
31749,6476.493597195838
31750,5710.447810777967
31751,4430.458274697597
31752,6637.837926092252
31753,10212.629541701031
31754,5836.032906853387
31755,4796.341728922889
31756,5450.756027752383
31757,5760.204475511845
31758,5586.005706510216
31759,6583.420288935078
31760,3382.0304038592644
31761,6466.142942961298
31762,5539.875046014245
31763,5728.970450154011
31764,8884.638657332296
31765,4222.047021898028
31766,4400.0398030442375
31767,4034.4922829834845
31768,6655.68890061933
31769,7805.352554940175
31770,4590.206328221042
31771,3508.824849555438
31772,5896.659179483027
31773,4874.841495053071
31774,4584.355778953903
31775,6890.089696936876
31776,5826.055715203652
31777,6962.441765929194
31778,4521.057214767573
31779,4251.431698652914
31780,5156.091297083842
31781,6919.096774994803
31782,6718.056207840714
31783,6823.058876492899
31784,6748.5787623029
31785,4679.803266266664
31786,7462.616157206226
31787,4654.019151100468
31788,5628.294042749775
31789,7677.67363457725
31790,5642.887646978443
31791,8613.567239159793
31792,7020.512069681287
31793,6320.834033593275
31794,4857.7633063716285
31795,6626.246063141805
31796,6202.4200432366715
31797,5348.766722002192
31798,3541.334097131892
31799,4788.4705737940385
31800,6962.508920310473
31801,5155.663304857133
31802,3693.6120134028847
31803,7144.417185653171
31804,6248.640904208205
31805,5493.1185767886245
31806,4858.059492421344
31807,4514.6877204998445
31808,6343.054608849193
31809,6191.443333203875
31810,5427.914439152152
31811,4453.18288085993
31812,4772.51364713174
31813,5518.961952192868
31814,3241.520388880487
31815,5992.196623299862
31816,3928.73940943013
31817,7165.508753575559
31818,6612.128119055802
31819,5901.981884562722
31820,9601.21499545995
31821,4384.693124783323
31822,4328.065425936493
31823,9143.84351399414
31824,5487.747797224495
31825,6810.216116584101
31826,6945.3351842249485
31827,4243.956427730592
31828,5249.6860333290615
31829,5187.222268931429
31830,7082.545693702486
31831,9336.640049076264
31832,5918.34814372414
31833,2603.7004868672648
31834,4430.896413041234
31835,6849.472947945388
31836,7470.041845240904
31837,5011.941051389058
31838,6111.1157531447225
31839,4334.755797592762
31840,4643.030950954993
31841,2865.5976441882326
31842,4329.599725252866
31843,5299.617480930309
31844,5861.491284555435
31845,6237.331784816412
31846,5391.757736531612
31847,7024.23600381145
31848,7134.655557363637
31849,6726.528030951876
31850,4018.0452891586506
31851,8257.249832441299
31852,8314.661568796913
31853,4649.1506914920865
31854,6760.387565846991
31855,4142.05800979621
31856,5633.626206850885
31857,3000.8800314544683
31858,5883.968740114898
31859,4011.1206342473774
31860,8007.7408277744735
31861,6197.746565551722
31862,7004.737337289741
31863,7363.503628195723
31864,4636.608854617351
31865,6879.99064952223
31866,17357.905944697057
31867,8296.89481610546
31868,4464.3778527457525
31869,2376.133241596606
31870,5266.234885029312
31871,7372.495971058834
31872,5373.977654774404
31873,11263.264783611361
31874,17288.834767294215
31875,3503.190527303461
31876,4349.92096201367
31877,7485.239351865963
31878,4113.316610750493
31879,6321.22208357955
31880,5277.779472585654
31881,6357.255169212937
31882,3424.2332609703817
31883,5731.605839930855
31884,5273.708584125433
31885,6829.820058965243
31886,7578.279806912457
31887,5341.837638826423
31888,4986.60485364366
31889,6309.690423154447
31890,4242.724395364677
31891,4435.405326151697
31892,7298.2303448325065
31893,4424.836869749198
31894,5228.212591080976
31895,6109.807236379992
31896,5310.054243564924
31897,4882.582415180229
31898,6143.2492610161435
31899,6016.503164023448
31900,7478.095244342878
31901,8050.796430948975
31902,6539.612311941339
31903,4822.525202453441
31904,2912.6236004759626
31905,5377.915517241574
31906,5552.281958387305
31907,4829.208466038056
31908,4284.65975800432
31909,7527.447312251719
31910,5517.549119513504
31911,8192.66833166636
31912,6012.059479239809
31913,4463.268120408702
31914,4506.191523696455
31915,4306.689250483746
31916,8009.497776119146
31917,4394.85781871415
31918,7181.054252025307
31919,13047.653022405335
31920,6473.016085025845
31921,5778.824238692504
31922,4012.656645089504
31923,4137.943048648237
31924,6044.647997774203
31925,3487.7780309945174
31926,5118.287756872555
31927,8726.376738882424
31928,4629.960520735334
31929,12144.403018907826
31930,11242.149471600675
31931,4318.6665210216415
31932,5908.922065993735
31933,5073.983019273779
31934,5854.280694017248
31935,4764.151585048454
31936,9832.090263418291
31937,6195.640455963748
31938,7452.557030595134
31939,4032.9596288673183
31940,6525.107150266486
31941,4306.871845498414
31942,7970.487852268327
31943,5517.222195032319
31944,5059.032019929624
31945,5596.9899015178835
31946,5475.918217101057
31947,6961.459780419702
31948,8378.919058031288
31949,5173.218752898184
31950,8328.537119450044
31951,5638.697644329009
31952,8418.119496524858
31953,4878.303848263942
31954,4378.805050971658
31955,4213.836333477277
31956,7686.097099133499
31957,5527.460988749062
31958,6274.46593783611
31959,5572.626198894956
31960,7492.562208399028
31961,4066.5021776353697
31962,7404.0128612007
31963,5808.293136797175
31964,3501.1500315708954
31965,11785.390113918735
31966,15213.837864808671
31967,5933.4764059978825
31968,5761.235073805797
31969,7598.395649964707
31970,8704.95855984481
31971,9614.647371285271
31972,4736.053817001338
31973,6536.160559861682
31974,4802.72034066755
31975,6942.4826840499845
31976,3560.8430614617423
31977,5001.476473229519
31978,4424.471846492452
31979,4975.923799636429
31980,6511.413362879071
31981,4610.755241166896
31982,3448.865957954621
31983,5433.255696790403
31984,3342.9637842478433
31985,3864.3680551431326
31986,4858.733154777585
31987,5164.370271474594
31988,7508.828687524006
31989,7421.948971774666
31990,6204.652314113224
31991,5512.557970368147
31992,5478.774406474274
31993,9602.187149678986
31994,6413.2375385465775
31995,4386.602017466515
31996,4354.520603713178
31997,8247.798984196497
31998,3979.767732055421
31999,6156.782420163728
32000,3104.464940892863
32001,4415.904231393395
32002,6387.07095105565
32003,5388.818270518581
32004,4632.298536919729
32005,7838.036454938456
32006,8209.636258863571
32007,10543.809636697648
32008,5468.450968255266
32009,8670.45869505597
32010,2798.8659256046913
32011,4632.172767203879
32012,5306.456840082172
32013,3387.5136450694126
32014,7258.888413844815
32015,4409.94419618126
32016,4862.259486217535
32017,7841.326059498234
32018,9213.145075879293
32019,7184.510015859987
32020,4688.536685632991
32021,4212.536542334623
32022,11378.088485428774
32023,6706.119436466063
32024,5286.308382804094
32025,4545.937331182035
32026,6021.632271836848
32027,7865.3642746321175
32028,3946.0935072279885
32029,5465.392289857706
32030,6588.88761077996
32031,6795.96047778997
32032,11872.016807220522
32033,4907.522338056354
32034,10457.491632429696
32035,5954.843061177081
32036,4493.27921300743
32037,3015.3107913842296
32038,5468.371628924696
32039,5097.429746726373
32040,4596.286351146437
32041,6551.5610999172895
32042,4339.57062422348
32043,3747.93596931891
32044,6014.338064318229
32045,3139.141355742649
32046,7477.146248024236
32047,5747.847454925438
32048,6946.9371771051
32049,7102.095294309289
32050,4110.366380073486
32051,8202.254600510283
32052,6304.826932820895
32053,4967.5733504052
32054,5094.161313100545
32055,4674.203081712341
32056,8894.22183261423
32057,5902.827271448325
32058,4367.867901753827
32059,6155.341326419442
32060,7322.099941480789
32061,6059.382243761846
32062,5097.159799313813
32063,7433.91691525881
32064,5145.582289709188
32065,5275.864794333663
32066,5130.976834420548
32067,7491.819595143691
32068,5171.027896057559
32069,5250.0031494932255
32070,4392.36471931761
32071,4551.953149512953
32072,4054.3813052014307
32073,4199.797248215053
32074,7101.777699224401
32075,8654.338341240262
32076,9443.727660723498
32077,8823.061544099235
32078,6816.12648272232
32079,7180.767835629341
32080,4645.602332579411
32081,9988.345742340909
32082,9293.938317427132
32083,5825.34476912278
32084,7196.0499079694655
32085,7371.431153612523
32086,4967.8340130055885
32087,3543.756209241067
32088,10325.943349377567
32089,5414.6272314892085
32090,5809.688664797854
32091,5577.272097617576
32092,2028.4884670308766
32093,8892.785595401241
32094,5454.541100147046
32095,4903.005610532495
32096,4290.217991748693
32097,4313.136948698537
32098,5957.025812565752
32099,6191.531393804976
32100,5682.443690971054
32101,4869.870464965078
32102,3857.5915521185316
32103,3531.007459102568
32104,2689.669599703967
32105,6120.843831668046
32106,16135.900181959742
32107,4143.26443714019
32108,4922.9238158579365
32109,5790.434835111221
32110,4829.5491723837695
32111,4511.09001752023
32112,4297.613347820387
32113,3612.671233645183
32114,6545.515126680824
32115,5902.359581156055
32116,3425.737027508115
32117,7336.761939786403
32118,4259.7681539505475
32119,4219.407652052608
32120,8738.73386883063
32121,7060.161198364206
32122,9189.299219357823
32123,4521.3123336194685
32124,6051.301786950411
32125,4049.7020048061554
32126,4306.760592378902
32127,13682.88272797363
32128,8323.98119022884
32129,5649.020776034819
32130,4568.94817581688
32131,4127.66057093315
32132,5132.542774153815
32133,4115.508810122133
32134,8791.354285579797
32135,4743.9832338104425
32136,5098.57004580514
32137,6079.335930191695
32138,4008.8276502329068
32139,5600.7446650264965
32140,6008.495816823593
32141,6380.94359778593
32142,5861.164115092315
32143,3446.406742709971
32144,5392.626521009089
32145,5575.4164355121775
32146,8068.819818546418
32147,7641.48331016649
32148,6002.355171667746
32149,3751.0717742619972
32150,7161.111081418626
32151,5018.965237588201
32152,3963.115375610986
32153,6206.972829944309
32154,6504.113435750963
32155,5426.434521724603
32156,5211.429038489812
32157,5499.129768456531
32158,5481.022459734632
32159,4970.373912765782
32160,6177.71744898722
32161,6231.7878155780145
32162,4227.172031514261
32163,7797.643081612006
32164,5112.460786718906
32165,4150.135014167657
32166,9680.86055861574
32167,4931.542503308704
32168,3303.3501101121715
32169,7086.272884666127
32170,7761.501571102823
32171,8638.241071861312
32172,4424.300946351626
32173,5024.689107019935
32174,5733.567951500196
32175,6721.211990505662
32176,4995.572655151175
32177,6788.244643998755
32178,2871.3605417390017
32179,5364.427382569908
32180,4950.483556505008
32181,4637.943805116646
32182,4228.456534599591
32183,6175.957751980409
32184,6505.936902755943
32185,5142.0319404638985
32186,7004.860726507917
32187,5486.747694665621
32188,7346.645076225525
32189,4273.693659743858
32190,5799.1876475714835
32191,5644.035215613121
32192,6543.364534725354
32193,7180.951914790539
32194,3160.063026347733
32195,7333.384620257481
32196,6045.054158236019
32197,6323.209336232295
32198,4571.902413152176
32199,3746.2635556160153
32200,6658.946957400081
32201,4974.096652004982
32202,7386.636085198482
32203,5906.126335915688
32204,4935.2323562360725
32205,6529.371200667441
32206,5542.5513531824045
32207,4584.494169988634
32208,7145.357112404376
32209,4401.22061053713
32210,7680.803784881408
32211,8816.631660266492
32212,6821.686922654244
32213,3986.194513780316
32214,4367.378320299456
32215,3693.1719225814268
32216,2909.111266469924
32217,6867.347367828452
32218,4687.334320738744
32219,7682.820517805463
32220,3613.1743334834227
32221,5786.1595934549105
32222,5505.443779874776
32223,7929.926627702102
32224,4250.380546447724
32225,4742.220923570107
32226,4254.0969070893325
32227,6292.299469015735
32228,4443.358771348919
32229,6387.584214375152
32230,6693.268189091144
32231,8941.754847363729
32232,6197.51261453154
32233,6339.556653344055
32234,5047.143436600373
32235,4107.094967570103
32236,4439.6094234347065
32237,9084.394162280894
32238,7705.010166257249
32239,8352.998685168835
32240,14233.266743528755
32241,4677.46118851103
32242,4295.872998748762
32243,5140.365143417725
32244,7337.4343442330255
32245,7966.907379476679
32246,5686.130553737416
32247,6968.618814433208
32248,6675.310086033482
32249,6722.900193026749
32250,5051.8969711983345
32251,4602.040564663983
32252,4177.88907371678
32253,4260.324381899729
32254,3430.967148440304
32255,4177.892447547384
32256,7133.502652217219
32257,15099.94071436638
32258,5787.7830915383
32259,4529.029772834555
32260,5950.294275792095
32261,3347.384922068754
32262,5545.045934419635
32263,3731.6548909306252
32264,8353.033231374226
32265,5589.937177752453
32266,5568.049162530238
32267,10983.18845521204
32268,10915.078968740689
32269,4623.085389196199
32270,6152.950039988308
32271,3463.8524716825737
32272,4904.539860074262
32273,5052.446793467944
32274,7655.536707401901
32275,4155.705314554446
32276,3626.60022653282
32277,5165.433307881657
32278,4883.710489877826
32279,5781.958614844055
32280,5568.0918414301195
32281,3788.019863399809
32282,6348.855360805143
32283,6672.253480679598
32284,6018.330700123536
32285,3660.7717953253064
32286,3340.7094631464774
32287,6744.010895977189
32288,3930.66134727253
32289,8495.237639781848
32290,3720.2143336106665
32291,4735.8182759875135
32292,5509.076455240393
32293,5039.594798284349
32294,3981.4529744176507
32295,4836.24721985323
32296,5562.556831529531
32297,8529.73157237845
32298,7747.652652746999
32299,5016.808867969099
32300,3624.4701091539237
32301,5223.037961011885
32302,5782.308531294804
32303,4444.422338226019
32304,5040.4747204412715
32305,5135.366474830723
32306,10363.902656434086
32307,6361.3293662941105
32308,5397.571515748784
32309,6529.398021716769
32310,4230.466040148326
32311,8336.51348750884
32312,4822.43160210444
32313,10572.4547523068
32314,5155.11428285185
32315,4361.191771176053
32316,4443.414549122076
32317,3408.6673461998425
32318,6900.309692565785
32319,16976.950674185544
32320,3475.3414393213184
32321,4236.190972451778
32322,8083.232150955447
32323,5716.809821262797
32324,5953.068410114734
32325,6944.221841720062
32326,4993.072785844581
32327,4463.278498338777
32328,4116.387690870053
32329,8391.052113036805
32330,4972.838191201344
32331,6180.621351195003
32332,6775.36433396285
32333,4586.590435154885
32334,6654.784132435054
32335,5241.66084205954
32336,3703.7147796605423
32337,7888.482547893847
32338,8461.192029045433
32339,3885.7904677520764
32340,6241.291696048438
32341,5708.687755269399
32342,4326.480145952166
32343,7928.038998439633
32344,5436.6251000883985
32345,6881.549676963893
32346,4047.3656127195195
32347,4087.345573652695
32348,6248.02906752941
32349,3236.407894361786
32350,7062.510695958278
32351,3514.3671096475978
32352,5480.422337919952
32353,4478.821249625105
32354,5029.369228087358
32355,5655.298034803638
32356,6035.567024076401
32357,5663.278991319641
32358,6891.467602018964
32359,4806.175726208275
32360,6678.276207170053
32361,5790.1080313219045
32362,6745.147675011259
32363,8255.447688032105
32364,6167.441606919031
32365,3024.1025285442197
32366,5563.771195004885
32367,6353.813500692266
32368,4035.711192536528
32369,10246.783329782436
32370,4899.629729958973
32371,5947.5804577395975
32372,9044.871437777085
32373,6124.574380377986
32374,3463.8407796760957
32375,8745.499112661284
32376,8712.087229765852
32377,5031.482748094948
32378,6973.120812328225
32379,8811.768042205782
32380,5169.425143957208
32381,4628.268683843231
32382,6007.15564405332
32383,4782.3685085656625
32384,5163.67605279297
32385,6118.743812226828
32386,4149.327730694783
32387,6027.86657820959
32388,6063.038601344488
32389,5711.187069571182
32390,6056.5790401456325
32391,5294.912909521128
32392,6003.119151141059
32393,4324.010576497123
32394,6824.131409790449
32395,5949.399931529154
32396,5380.977610377888
32397,6002.306776464204
32398,6012.071944486334
32399,8186.803462744595
32400,4564.924427557611
32401,4552.192197132084
32402,4957.159244098135
32403,6133.090410118438
32404,5852.393659378478
32405,4180.32757378425
32406,3596.065644017319
32407,6767.545850279102
32408,6464.650955766264
32409,4866.119427176629
32410,6760.558609060111
32411,5661.652577220679
32412,5661.145384984771
32413,4105.579884009824
32414,3097.475482784614
32415,5472.059280083077
32416,5606.240603135066
32417,5601.972426679056
32418,7935.214671374242
32419,6872.210553463726
32420,4463.663589023558
32421,7479.944145084257
32422,3529.4532416585093
32423,2801.063547016076
32424,6497.494174997669
32425,10919.562618833865
32426,6821.662563258019
32427,6001.965445028641
32428,3682.812438463124
32429,5983.79450676406
32430,7272.0026737639755
32431,4928.51486841653
32432,6944.729871598683
32433,4105.635401476901
32434,4404.511361729841
32435,4775.291445615865
32436,4480.781775812523
32437,4949.107545273828
32438,3778.1410448131137
32439,3956.964603829023
32440,3846.8858939024653
32441,6583.316739805327
32442,5773.942177388417
32443,4225.106731171512
32444,5637.408206948256
32445,5772.596751890154
32446,4610.944614516616
32447,4783.102294897147
32448,7139.865767170398
32449,6479.613501288211
32450,5237.811555476958
32451,3202.3247631012036
32452,9677.35368585718
32453,5257.620356340037
32454,4266.782939005724
32455,6754.072819664955
32456,7129.799053944114
32457,6169.397824072567
32458,5113.186340975312
32459,6743.838139402183
32460,7679.881444745217
32461,10891.093005737192
32462,3962.900749865947
32463,3691.8876540549577
32464,4331.0921986725725
32465,5707.5216377058105
32466,5005.316163230519
32467,8142.905719814458
32468,7367.912755990175
32469,5414.527379935927
32470,3533.2643004821416
32471,4840.084778745074
32472,10156.695382014123
32473,4095.1721569049896
32474,5959.721894797194
32475,3554.8892521896432
32476,6152.924017392525
32477,6674.7142526994285
32478,6429.555980922495
32479,6723.03355508865
32480,5494.459549527186
32481,3697.339288670704
32482,5439.338292694879
32483,6601.786846576305
32484,7154.635237016854
32485,6499.162642887429
32486,6585.568376525296
32487,5039.899977675319
32488,3896.866896249347
32489,8587.080734257801
32490,3858.9881880170096
32491,9657.278329299752
32492,5315.150871663869
32493,3790.7391196658255
32494,6092.135955598457
32495,5511.7351546842065
32496,6281.528256354391
32497,7789.464630548958
32498,3806.952556240411
32499,3872.60485155846
32500,6052.514828602533
32501,6841.528731857575
32502,8973.203813171453
32503,4844.664085380824
32504,5573.626476182035
32505,4911.81329880639
32506,5329.62228688498
32507,4435.029763054842
32508,8369.564279468203
32509,7185.576878693319
32510,10926.900394112581
32511,4101.079271951886
32512,5037.428695854516
32513,8640.40131492622
32514,7850.336624153934
32515,4057.559450110708
32516,8479.51254215292
32517,6222.107321097641
32518,4386.387202869928
32519,4314.9616840068165
32520,4050.5135262256504
32521,4601.7463214030095
32522,4747.085152452536
32523,4189.811055614771
32524,4082.16645232481
32525,7062.82162561112
32526,5926.4000212039355
32527,20124.194380777142
32528,5413.59866382408
32529,4212.890281026096
32530,6107.577185101306
32531,9883.270504261256
32532,5250.881021939647
32533,6794.543811471863
32534,5493.532380536453
32535,7335.956121194065
32536,6799.483076081089
32537,3947.745076126464
32538,5261.628139555164
32539,6387.541909940453
32540,7719.572095307791
32541,6138.569835402722
32542,8923.82684312181
32543,4281.079065594336
32544,4160.265981479766
32545,4623.356461313885
32546,8788.275537962123
32547,10391.656234782118
32548,8484.879633018569
32549,6952.251005539083
32550,3952.1236315136002
32551,5383.781266121123
32552,3760.6477369777554
32553,7850.140016937929
32554,9213.299627943406
32555,9568.783135232106
32556,4803.132370490799
32557,5112.230140873943
32558,4023.497893542001
32559,5465.848536757242
32560,9516.001843821956
32561,5689.937131673734
32562,4450.928367567496
32563,4606.177685769513
32564,7029.9023316505345
32565,3497.6697083926974
32566,6727.789105129124
32567,3653.4029804550364
32568,6169.88299527473
32569,5892.953433399984
32570,5436.201331896347
32571,6843.804307521626
32572,6008.664255360595
32573,4626.715452880556
32574,6434.323013672286
32575,6350.633667580299
32576,9261.113921607826
32577,5554.128338146035
32578,7388.470075807632
32579,7342.356294855626
32580,8347.678475672867
32581,5937.383558178222
32582,7996.474657945671
32583,3821.4024387316754
32584,4745.043124867321
32585,5754.180140501631
32586,6302.503911971083
32587,8481.05244388579
32588,6837.93617496798
32589,4981.84890982921
32590,6499.975020648275
32591,6723.1551800433435
32592,8046.802898747757
32593,3635.058859941444
32594,11742.778475438743
32595,4324.977309340742
32596,6222.7862043650575
32597,7752.009701874289
32598,3997.587220617523
32599,5193.400543234981
32600,5256.062217631675
32601,6455.245457686121
32602,4676.750039027864
32603,4919.370614617033
32604,7558.282278032203
32605,6790.112127994824
32606,6037.473664830734
32607,4676.526678870338
32608,7206.473762062715
32609,11220.74442539269
32610,6232.878252235595
32611,5273.481695775975
32612,5679.642680198018
32613,6265.6236206200865
32614,5867.081247162581
32615,7005.30884382107
32616,3706.458634817298
32617,6976.619435390272
32618,6002.719415461729
32619,6185.264230313829
32620,8953.070244227873
32621,4498.99263134843
32622,4640.728705307745
32623,4310.88338679213
32624,7018.204873116643
32625,8262.691604740005
32626,4957.110794737461
32627,3855.637661014006
32628,6173.751504555045
32629,5251.057044822966
32630,4910.602256663504
32631,7402.020850157929
32632,6105.943257525114
32633,7389.088183100593
32634,4823.100450341578
32635,4623.857168334169
32636,5525.446099312568
32637,7061.7244626242045
32638,7082.89912990338
32639,7217.33034295314
32640,7137.276498870873
32641,4997.129888728019
32642,8041.1147911014805
32643,4965.05097875465
32644,5785.416748119895
32645,8137.836632760059
32646,5975.8722656565205
32647,9369.161794755253
32648,7274.231380398915
32649,6702.499923795055
32650,5132.607877667432
32651,7121.190820231208
32652,6589.431800954069
32653,5658.71559818111
32654,3759.8099502573496
32655,5133.106822205442
32656,7221.52032259041
32657,5489.108656858447
32658,3941.6758152091525
32659,7657.271177861651
32660,6698.387036798087
32661,5787.959151781486
32662,5263.862868165238
32663,4831.55093458194
32664,6700.347852940614
32665,6630.46959483877
32666,5627.94409856554
32667,4745.657946320361
32668,5116.660988669407
32669,5854.714900583639
32670,3571.432732299789
32671,6063.297542965525
32672,4186.616979387474
32673,7724.770111706721
32674,7095.196277769896
32675,6408.755920167175
32676,10175.053014174538
32677,4644.173389810689
32678,4563.009932547402
32679,9857.179409198914
32680,5840.483690435581
32681,7228.3657620713475
32682,7509.042967632894
32683,4425.575965442244
32684,5712.786489513067
32685,5602.22843048156
32686,7373.391673997694
32687,9993.3305159905
32688,6046.2180769297265
32689,2731.953332717978
32690,4590.487365999673
32691,7304.518626363305
32692,8136.67406028956
32693,5162.793571119377
32694,6487.331815575457
32695,4658.458579627996
32696,4855.121315472152
32697,3111.7678260491275
32698,4648.295865325866
32699,5663.009009083612
32700,6129.316402230946
32701,6680.123844592057
32702,5781.255425750944
32703,7387.7848213644365
32704,7550.6067123937955
32705,7164.24708419505
32706,4309.462036358329
32707,9082.670543334414
32708,9056.97784654627
32709,4927.147764416845
32710,7193.122375358154
32711,4478.920337757239
32712,5944.541642500596
32713,3240.19594294905
32714,6118.197565312122
32715,4294.415666467708
32716,8810.258897292342
32717,6675.176088430142
32718,7581.4162511831455
32719,7828.393972857378
32720,4952.781103866601
32721,7320.527767945296
32722,18299.446703314
32723,8733.860052739508
32724,4742.752488580887
32725,2533.864287961521
32726,5582.397221878359
32727,7897.5343352067175
32728,5681.767024647499
32729,11858.985785430088
32730,18088.799374802762
32731,3718.8674441740573
32732,4599.359390306533
32733,8082.127540217016
32734,4387.094451191249
32735,6841.982220295683
32736,5457.234813086964
32737,6701.235807854127
32738,3533.7691579590883
32739,6253.284605911401
32740,5477.914070851854
32741,7231.586206260654
32742,8100.482499941098
32743,5700.091106986398
32744,5363.809819543477
32745,6820.22516432856
32746,4549.057723798055
32747,4772.042286424259
32748,8052.789097683764
32749,4662.313957227411
32750,5567.761968103927
32751,6477.955404916068
32752,5695.396680713707
32753,5151.605292283327
32754,6437.23235914784
32755,6446.626876596141
32756,8125.10480538994
32757,9112.746234885444
32758,6882.551551343532
32759,5166.866201023743
32760,3076.9509624067355
32761,5528.213010174712
32762,5949.410618663203
32763,5183.41556063307
32764,4553.959316270836
32765,7982.126149883839
32766,5711.639605686107
32767,8677.942748992013
32768,6435.000128453898
32769,4754.808898176955
32770,4838.388739451135
32771,4770.388473022051
32772,8732.599371294124
32773,4720.757178833813
32774,7656.6042236961575
32775,13854.29117999204
32776,6865.706396257181
32777,6008.79673857281
32778,4366.576470199945
32779,4445.161247050193
32780,6377.616397143556
32781,3740.059605895525
32782,5344.091175825198
32783,9608.593425688035
32784,4999.588100661808
32785,12771.100824672449
32786,11913.64752381546
32787,4606.495844680053
32788,6223.461411054276
32789,5372.842751219326
32790,6139.864270018967
32791,5158.2571432269515
32792,10396.024132428534
32793,6437.1286923061025
32794,7825.324689608579
32795,4345.935431484183
32796,6852.0296820465555
32797,4587.20157690237
32798,8211.402243233211
32799,5761.512756637823
32800,5384.732554443905
32801,5928.366644705949
32802,5704.454417271707
32803,7509.232127782643
32804,9086.446652476727
32805,5559.5708438118845
32806,9117.277676731874
32807,6081.249442076966
32808,9316.751434248848
32809,4900.0930654230515
32810,4713.508264723561
32811,4526.653924868102
32812,8314.881429191446
32813,5998.4344591642775
32814,6671.443621542121
32815,6042.420052305338
32816,7997.535029719134
32817,4288.173270944137
32818,7722.793912024139
32819,6131.012831956132
32820,3714.5012315316158
32821,12146.341813906216
32822,16141.045724418222
32823,6312.389462758326
32824,6145.082020215418
32825,8052.801668817823
32826,9495.893733963787
32827,10404.723268014137
32828,5096.030626317636
32829,6955.386901170837
32830,5167.778430742156
32831,7297.989941602967
32832,3891.479026560555
32833,5217.721351542116
32834,4694.423444096551
32835,5340.761188368606
32836,6934.060962571227
32837,4818.428193444746
32838,3609.637328634092
32839,5737.672832000178
32840,3599.6539563904303
32841,4112.5509126192
32842,5063.872713025198
32843,5433.324472895015
32844,8027.461776766526
32845,7916.239565194536
32846,6774.717116374172
32847,5835.254253837688
32848,5811.070346251181
32849,10442.947803883886
32850,6673.281697964764
32851,4648.541189070278
32852,4694.410118459351
32853,8976.559346687429
32854,4355.208101266849
32855,6521.936752951723
32856,3320.876145688113
32857,4668.384358116446
32858,6773.465697288233
32859,5876.441849139968
32860,4881.791448601509
32861,8456.986502645937
32862,8965.97128724697
32863,11391.699643776785
32864,5725.325584658352
32865,9313.773104914428
32866,2986.7176572435123
32867,4947.115543500854
32868,5588.812815357079
32869,3567.742852899732
32870,7737.999559890234
32871,4683.435111471585
32872,5343.019039220473
32873,8396.58012855312
32874,9797.25043368796
32875,7639.828314513989
32876,5008.610533469403
32877,4479.005427746842
32878,11758.56051726352
32879,7075.257048440014
32880,5548.4088463149465
32881,4753.102283606769
32882,6455.787330449416
32883,8261.012052024316
32884,4185.432051872111
32885,5854.071129842895
32886,6983.762813262381
32887,7154.245783443223
32888,12121.753798676184
32889,5274.708578673278
32890,10978.716946411841
32891,6310.017123201024
32892,4848.607007518837
32893,3151.605175669894
32894,5805.234088310933
32895,5460.047951957967
32896,4942.831620864169
32897,6917.675870426565
32898,4601.437785646519
32899,3994.6234234875237
32900,6385.720877100853
32901,3387.8119678088
32902,8144.9328354770305
32903,6073.702441350503
32904,7325.317902884273
32905,7488.214009431196
32906,4378.596578803603
32907,8863.761028281453
32908,6866.458117391473
32909,5330.0813954072
32910,5382.08896129612
32911,5014.024042079083
32912,9541.072417081263
32913,6360.982879340686
32914,4616.823795915898
32915,6547.8594956723855
32916,7788.803241796691
32917,6361.225818506385
32918,5395.84001277212
32919,7840.549317840481
32920,5658.418037398134
32921,5572.677068655111
32922,5499.12607590707
32923,7901.138436039366
32924,5435.54109219515
32925,5517.992178508595
32926,4730.741989805641
32927,4846.268159976733
32928,4211.477637505058
32929,4430.262867094082
32930,7703.4847112559055
32931,9144.520870650187
32932,10288.842750671922
32933,9255.201993635794
32934,7348.035783335223
32935,7340.353800382171
32936,5083.874440110606
32937,10947.928636584698
32938,10068.024158754
32939,6126.439958404973
32940,7744.960618684948
32941,7734.019371034463
32942,5308.733787140629
32943,3937.4171798163948
32944,11121.076339288942
32945,5676.338794452969
32946,6188.402032451036
32947,5853.14859211406
32948,2103.6516341010815
32949,9496.594635868752
32950,5868.693942563311
32951,5195.479516566521
32952,4647.242109069558
32953,4765.95976705508
32954,6367.891964615338
32955,6476.909250874578
32956,5968.625530966353
32957,5282.684385360839
32958,4167.498830501834
32959,3755.5500645086922
32960,2817.695751554558
32961,6312.592342622479
32962,16899.12754267622
32963,4428.062107315308
32964,5203.121403498496
32965,6141.404262663063
32966,5078.512186184735
32967,4838.886938297059
32968,4598.699952876134
32969,3812.4847840769467
32970,7140.783511944461
32971,6236.621373058159
32972,3596.6296962800016
32973,7884.83194726458
32974,4472.8228544762305
32975,4544.9782866958885
32976,9246.097330896371
32977,7497.159690592855
32978,10056.169073015688
32979,4744.856167843308
32980,6389.583320411152
32981,4225.130290888211
32982,4690.469276248182
32983,14257.490020695162
32984,8977.04809668827
32985,5982.378012264432
32986,4817.586981193266
32987,4489.428425846618
32988,5478.994542529989
32989,4375.2793532842725
32990,9384.254041041984
32991,5088.997368333974
32992,5745.833403694001
32993,6449.7605087699585
32994,4283.916411880684
32995,5871.3127004066955
32996,6207.87278815312
32997,6856.900091597749
32998,6148.056444570799
32999,3681.7357879372803
33000,5813.246071384709
33001,5991.982162307395
33002,8843.307465067131
33003,8116.617173660006
33004,6335.44845303546
33005,3954.9396950997852
33006,7706.633589974855
33007,5357.981063686612
33008,4238.620850017183
33009,6504.568364351587
33010,6865.19590408964
33011,5712.899440170517
33012,5652.7330975910445
33013,5893.228501890683
33014,5952.9692051918855
33015,5313.429785133223
33016,6658.893722278667
33017,6533.292946196004
33018,4522.646169993496
33019,8209.363826229692
33020,5455.8023441024025
33021,4296.551396180116
33022,10364.141675796454
33023,5213.741719564648
33024,3223.943910489395
33025,7395.553794260784
33026,8517.916205662976
33027,9164.73545071232
33028,4835.246092192716
33029,5349.516704174406
33030,6190.52244811923
33031,7229.264548712667
33032,5306.269678285248
33033,7290.2850822070495
33034,2875.323969229155
33035,5795.6314636989
33036,5172.838806481197
33037,4932.272278170889
33038,4467.838929416695
33039,6704.269980282222
33040,6891.594831040097
33041,5404.062769677852
33042,7340.553973395256
33043,5813.7787335078165
33044,8040.98315839925
33045,4487.154944094457
33046,6142.283156967716
33047,6051.929210838893
33048,6817.75801179988
33049,7677.398859033475
33050,3325.0207270784063
33051,7527.646983125916
33052,6528.443353991421
33053,6724.876180307645
33054,4876.641705038821
33055,3793.3813736281595
33056,6995.401557950404
33057,5117.3137994553845
33058,7952.2711398059955
33059,6205.734542973361
33060,5235.712897110211
33061,6915.48650207814
33062,5875.325623715675
33063,4758.2979780920095
33064,7755.170327609327
33065,4628.460268497685
33066,8149.444709623694
33067,9410.253597405603
33068,7143.174811272584
33069,4147.893313333366
33070,4697.549491637451
33071,3867.5411749846508
33072,2996.7234950252887
33073,7257.965045815667
33074,5085.511635973889
33075,8162.59149422109
33076,3892.755328416577
33077,6070.543238388248
33078,5786.192794886135
33079,8415.817294419176
33080,4470.116928790461
33081,5115.160709814827
33082,4482.800219980911
33083,6807.781018689787
33084,4719.357456444275
33085,6694.240805428459
33086,7127.082548716658
33087,9742.187703218815
33088,6635.74812198061
33089,6660.142501583806
33090,5372.367851652461
33091,4424.994226295209
33092,4637.845648604498
33093,9860.427964282853
33094,7969.902441595693
33095,8898.65242523681
33096,14955.131332345542
33097,4923.623588853388
33098,4627.7675564860765
33099,5477.948770562138
33100,7866.687061769449
33101,8697.258744634593
33102,6046.859374699741
33103,7234.025458442073
33104,7127.297812012162
33105,7229.832234329505
33106,5391.959526840828
33107,4926.339785597281
33108,4453.5083454517
33109,4505.719141807307
33110,3772.255810261587
33111,4475.481232175826
33112,7647.665887941032
33113,15577.497594634779
33114,6171.746838443715
33115,4751.494771124151
33116,6317.821709062212
33117,3564.153753582416
33118,5933.0951154516
33119,3748.2924118807614
33120,8700.221802026983
33121,5860.702878338701
33122,5828.213933288497
33123,11696.944092087175
33124,11488.532444235345
33125,4936.413244244256
33126,6491.567582547185
33127,3669.0166572072562
33128,5376.071307693187
33129,5574.502696967421
33130,8270.79151322688
33131,4449.175093283555
33132,3877.7771160717057
33133,5520.220112984908
33134,5231.8616394965775
33135,6022.48598607687
33136,5919.289510484882
33137,3963.0206431463143
33138,6763.544395710857
33139,7088.610810711186
33140,6208.990157209964
33141,3985.660922589017
33142,3507.608660331943
33143,7109.380145674072
33144,4240.10882377137
33145,9332.141078865789
33146,4081.8036502104487
33147,5423.336697353756
33148,5807.562985097852
33149,5353.265967582904
33150,4284.904651913895
33151,5204.193939057145
33152,5729.392724631778
33153,9441.53353635771
33154,8126.363431092828
33155,5414.785558586023
33156,3983.448668587494
33157,5748.021378597978
33158,6133.984007527555
33159,4751.8439748163155
33160,5411.80997312159
33161,5593.079077632317
33162,11105.28564177414
33163,6831.830318545519
33164,5680.154571134934
33165,6672.841943282175
33166,4553.557583714863
33167,8874.952402086044
33168,5157.119429009491
33169,11035.583611888482
33170,5423.328558604346
33171,4653.227496799651
33172,4769.229536197879
33173,3460.3930788921607
33174,7404.5858317527545
33175,17841.4663467425
33176,3705.6761208673242
33177,4459.8147335301965
33178,8449.728291518759
33179,6013.32871396977
33180,6228.806955406136
33181,7480.663387614335
33182,5345.428313769574
33183,4815.480915011546
33184,4344.780229487468
33185,8828.632010235142
33186,5286.6481663340855
33187,6630.403410628211
33188,7157.770127351609
33189,4968.440980849542
33190,7132.275548486738
33191,5618.841145543476
33192,3710.7042482985726
33193,8316.334468565976
33194,8784.450273015342
33195,4201.171006314758
33196,6679.690336700265
33197,6038.620232994277
33198,4642.2896049876035
33199,8831.782573784703
33200,5621.326718405513
33201,7320.707145629367
33202,4387.088177741239
33203,4378.823820973937
33204,6454.689142082921
33205,3398.6088426980336
33206,7513.3587992861185
33207,3755.9985823198476
33208,5944.116212193982
33209,4814.211061500857
33210,5285.392237476824
33211,6049.766104630083
33212,6262.584401532906
33213,5824.687683246439
33214,7496.114271237702
33215,5141.030978298026
33216,7155.907660098193
33217,6099.132467910285
33218,7175.404856996435
33219,9062.898660262095
33220,6681.965018313784
33221,3093.4775483344647
33222,6027.5113538920605
33223,6809.576223806371
33224,4739.911751603232
33225,11305.794007942703
33226,5369.563258506406
33227,6334.046179190039
33228,9803.417771951534
33229,6223.98741229069
33230,3666.086947739517
33231,9390.732034760957
33232,9352.961954518665
33233,5432.50675029059
33234,7357.557824702801
33235,9535.616232491298
33236,5518.4596956104
33237,5016.53391444838
33238,6253.329732313808
33239,5054.582403503035
33240,5554.358493710405
33241,6558.444119914959
33242,4344.175706993251
33243,6196.472228569493
33244,6368.709257309201
33245,5984.465559340739
33246,6377.174078961375
33247,5746.529100953792
33248,6449.201283205217
33249,4452.697483060506
33250,6982.770594943613
33251,6168.80455975612
33252,5637.148499338614
33253,6435.215065507924
33254,6316.793884826701
33255,9006.00553054677
33256,4913.2559619404365
33257,4883.784907933658
33258,5189.436029757408
33259,6343.382235378513
33260,6231.570671831478
33261,4410.493713352716
33262,3850.4647088091892
33263,7077.547962524614
33264,6776.845187224173
33265,5191.9481975307535
33266,7085.816116557066
33267,6036.984033247485
33268,5958.212006004711
33269,4392.737737148883
33270,3272.5485729091383
33271,5678.8327062022945
33272,5789.156483878339
33273,5814.86085879691
33274,8599.27562706667
33275,7263.093487432168
33276,4843.432026032904
33277,7971.410044510249
33278,3579.572551510036
33279,2970.5406039478285
33280,6663.916660060093
33281,11678.603617971035
33282,7045.631342380767
33283,6319.8520396082495
33284,3912.5842282403983
33285,6360.483434377744
33286,7783.6311582802855
33287,5144.048231427092
33288,7341.822752962839
33289,4319.217780960209
33290,4822.49018047868
33291,5158.08383114757
33292,4893.376755295566
33293,5341.776198045652
33294,3981.669653228181
33295,4268.08930967463
33296,4114.001304493263
33297,6964.9133496593
33298,6041.416072452057
33299,4429.107924589037
33300,5922.098692740934
33301,6144.380272817279
33302,4954.567965323277
33303,5146.201127898226
33304,7646.724091553959
33305,6839.8425211934045
33306,5574.013150990956
33307,3479.251481786444
33308,10142.584643453154
33309,5595.271709869653
33310,4517.0997366527035
33311,7316.491542299837
33312,7843.304252867396
33313,6531.442169739145
33314,5498.966669316971
33315,7186.004805349609
33316,8017.732249895731
33317,11578.160893010801
33318,4133.960802674787
33319,3981.314183611276
33320,4529.310671889988
33321,5999.5543071395105
33322,5345.059214948013
33323,8635.846760149672
33324,7785.34773956392
33325,5791.065637061491
33326,3750.4289264876074
33327,5146.97268965962
33328,10600.403284691884
33329,4302.29863255237
33330,6292.178021100677
33331,3828.2276455676806
33332,6574.761677782507
33333,6881.620280654345
33334,6756.798237489394
33335,7141.94283939472
33336,5711.642618351889
33337,3879.9718491675653
33338,5858.812961867813
33339,6826.641295108017
33340,7750.703890998366
33341,6863.475285137997
33342,6915.696125599691
33343,5252.585415001317
33344,4167.21856384816
33345,9161.175832633231
33346,4133.640788667044
33347,10482.70281069553
33348,5633.1602511072415
33349,4069.560169394748
33350,6451.47634510506
33351,5894.142687345866
33352,6611.862851737027
33353,8106.740600721329
33354,4091.027856943834
33355,4162.628154797588
33356,6185.453665159335
33357,7041.799277038395
33358,9815.039820407927
33359,5051.626726177851
33360,5934.933668024565
33361,5175.628463059175
33362,5735.59364832344
33363,4669.788924627533
33364,9140.880712058904
33365,7662.288538788736
33366,11841.451405094316
33367,4439.252129694618
33368,5363.996270149753
33369,9238.909158946646
33370,8438.437387485796
33371,4203.803965972949
33372,9382.50306177262
33373,6717.889370292042
33374,4635.255788712754
33375,4702.754751781588
33376,4258.050345456678
33377,4891.313929030988
33378,4972.406042022315
33379,4473.647414691191
33380,4431.3000572809515
33381,7771.644375529
33382,6213.177132663989
33383,21074.74195781469
33384,5623.058732752767
33385,4779.8862000665285
33386,5799.736103078863
33387,3731.975342038959
33388,2666.8928802365303
33389,6142.905208078683
33390,5096.341631403369
33391,4847.305442087382
33392,6118.390127573954
33393,4553.879958380497
33394,3444.4122808090547
33395,7473.6974317051245
33396,5090.253644712401
33397,3905.449717078541
33398,6071.630694316752
33399,4728.759468098996
33400,3910.8518571266295
33401,4752.345737055662
33402,5371.363711634663
33403,10822.431832958524
33404,4872.606309320134
33405,10213.552837035122
33406,3427.3087441095818
33407,5909.42994824764
33408,2955.8675846448114
33409,5147.2732707136365
33410,7767.065215490815
33411,7951.641945999548
33412,6569.9462851861845
33413,3494.8827218830434
33414,5091.131090607823
33415,6705.776494930402
33416,8878.35717262337
33417,6630.710026026228
33418,5441.029634869847
33419,4850.598999768045
33420,5832.211820503076
33421,2889.0224066764144
33422,8218.41776737332
33423,3707.4168731495897
33424,7060.190391388507
33425,7896.331598982022
33426,2592.2506503367504
33427,8471.485088892032
33428,4856.901518428305
33429,4411.059989767747
33430,4440.555920585661
33431,9628.736737072188
33432,10504.015815208824
33433,6434.955610143202
33434,5369.817478651586
33435,7780.685287531433
33436,7284.063596405034
33437,6568.315831334201
33438,4096.066785403525
33439,2405.875303687459
33440,2785.64219111726
33441,4550.395702195082
33442,5522.252610200651
33443,6680.773001419931
33444,9017.412045406314
33445,4153.480568190866
33446,8838.211470977723
33447,8458.458766003127
33448,3278.9076855273656
33449,3535.540894543716
33450,11569.11112141156
33451,3982.6960758097875
33452,5028.632310339222
33453,5037.434788688821
33454,4142.157581319738
33455,6100.092328451508
33456,3207.820335711481
33457,8005.438777443089
33458,4677.144178432964
33459,5536.344998022063
33460,7702.146021202443
33461,8197.465152065557
33462,7237.522613439971
33463,3821.228574876443
33464,7234.070686331072
33465,13270.289823216812
33466,5171.359285667255
33467,3095.5572153338703
33468,7570.0029520508915
33469,5837.266855173964
33470,7669.624530479347
33471,9879.337752860163
33472,2532.8303948491775
33473,8999.950055608902
33474,4865.05061227754
33475,7867.051250388477
33476,4320.653491782143
33477,3021.9509457212694
33478,4902.7476960835575
33479,4712.849129918625
33480,9276.421158497596
33481,5504.352686271551
33482,5099.881375661308
33483,4288.408778205514
33484,7394.749646574367
33485,6978.788165460058
33486,3678.1437704462273
33487,5059.224835681974
33488,4833.075073619008
33489,6189.952083175864
33490,5337.255713767724
33491,3661.869915662614
33492,5690.3415533129055
33493,4955.228040776157
33494,4440.979340022465
33495,8453.591450616961
33496,6380.786853485383
33497,4736.033437122989
33498,6065.192992081431
33499,3339.4785521806607
33500,4798.1453067087
33501,5665.535774161432
33502,8987.231679029113
33503,7055.000649017904
33504,7002.190656429564
33505,8208.407178649051
33506,4839.191572752252
33507,6757.881224299573
33508,8146.90161860688
33509,4125.836078062278
33510,3184.1582708225906
33511,4650.335530691575
33512,5594.486978349167
33513,7572.993757655476
33514,3889.990993560411
33515,3919.4887193351888
33516,7402.72820985629
33517,6124.697226382185
33518,6929.4775174054175
33519,3172.3738077914245
33520,7579.045802641598
33521,8654.593144892155
33522,3395.8833955395703
33523,6001.925525231163
33524,3650.0664983427364
33525,6373.53112448089
33526,3622.2987586681725
33527,3697.2515598362866
33528,4892.554566123286
33529,6863.960764303191
33530,7076.033530203934
33531,8083.980313149876
33532,7235.988831866945
33533,4069.7133465564784
33534,5468.372464783581
33535,12226.561416450488
33536,7849.262789795565
33537,7570.479867220268
33538,6578.444446369739
33539,5843.9885799063995
33540,6513.680991643605
33541,5046.729974667098
33542,5889.153308226367
33543,8910.922149936472
33544,2686.6477726980206
33545,3271.37577536716
33546,3345.6910428703773
33547,6831.966016180715
33548,8493.109746534543
33549,6301.113848595276
33550,8240.849951445594
33551,4625.707650398048
33552,2624.7521056558226
33553,2005.7705423124323
33554,3730.9749478924855
33555,5757.378636841629
33556,7826.6446871789985
33557,6115.133555601421
33558,4296.153137276273
33559,7133.308882775465
33560,5275.863036094741
33561,7860.465244509148
33562,4599.191790171397
33563,7526.249105696597
33564,10178.838869343463
33565,3447.45283604062
33566,5325.5063925873
33567,5086.461382395343
33568,7382.666369007572
33569,3412.2383376442244
33570,7115.812758701243
33571,4770.099985567451
33572,5661.080561666757
33573,7485.3163892498505
33574,6073.252615926649
33575,4606.50858708187
33576,4426.076674598038
33577,6408.347633978914
33578,22984.069012954944
33579,8818.513522549785
33580,3276.4965463248272
33581,3889.36149156715
33582,6874.9870612116465
33583,7347.261566963682
33584,4597.155016042953
33585,16007.98002318859
33586,29200.014251404617
33587,4648.098762396181
33588,3066.5020364914917
33589,8387.669812836879
33590,3221.2216297548684
33591,3909.004324970332
33592,3627.795507381679
33593,7029.024103528026
33594,7125.132009806776
33595,7933.9575179743015
33596,5203.064180331757
33597,5692.1821086024165
33598,5735.73369309778
33599,5985.990695716124
33600,6271.997102722936
33601,7692.518000712633
33602,6205.6172965794385
33603,6843.86848652317
33604,7219.9502806294195
33605,5581.837987301173
33606,6385.776296406405
33607,6391.769254309851
33608,3317.52510354752
33609,4821.544117510559
33610,6006.290665319161
33611,6694.271849774331
33612,6900.5930028236735
33613,5233.17137752565
33614,6984.489542205868
33615,4745.412286621877
33616,4095.6260738658057
33617,3772.5227722028126
33618,6007.761548481799
33619,5754.803075885374
33620,3330.023785661433
33621,5265.372309546038
33622,7824.423619141727
33623,2676.1446009172137
33624,5795.453927230686
33625,4280.0135137101715
33626,3356.1680351479135
33627,2592.547885673961
33628,9097.53530538287
33629,6071.141566802444
33630,4901.406014097291
33631,12786.880488238017
33632,8383.075666046074
33633,4235.96901580158
33634,5264.366351412118
33635,3016.6010071832993
33636,5959.740616917187
33637,4553.201883630928
33638,3627.142868085755
33639,9067.62090402294
33640,5917.247079413793
33641,8103.874045752537
33642,11723.076750381166
33643,6254.5018650984675
33644,5651.181294492858
33645,4953.07793809464
33646,4661.9534245606565
33647,4492.895748053194
33648,11145.89462878442
33649,8816.57116410494
33650,3636.4534394780717
33651,3491.911609555832
33652,6127.538814821116
33653,5676.69799056881
33654,4930.882110294656
33655,8138.078174080691
33656,4653.680297951202
33657,7894.298502647561
33658,8449.956541652333
33659,6992.734379387538
33660,4741.481721006458
33661,6891.831651670268
33662,9616.68091902401
33663,8120.6585385713
33664,8234.356858119332
33665,3852.944261116277
33666,6158.00639097828
33667,4018.4068829993603
33668,6990.812361257393
33669,8297.86409179797
33670,8280.738678461115
33671,8275.602209340082
33672,6411.236248873102
33673,5169.359217092223
33674,5894.924718030274
33675,4966.86143782275
33676,3317.505177241569
33677,12664.495765942931
33678,18027.6341727288
33679,9272.195837731659
33680,7036.717065557149
33681,5850.451230784889
33682,9226.480957454776
33683,8911.385292832938
33684,2748.1731140094957
33685,6392.392118776301
33686,5576.673253420867
33687,6521.076194575551
33688,2795.945845304806
33689,3865.7697484198916
33690,5925.360828731554
33691,5277.972291199244
33692,5453.777255906873
33693,3511.883026846145
33694,3011.3644095302457
33695,6937.165006177239
33696,4051.9330425460435
33697,5212.361965230019
33698,6175.507823268829
33699,5376.757906941716
33700,6797.421699705439
33701,8733.047559382325
33702,5967.349297525632
33703,7246.284827912883
33704,6408.105497964151
33705,11029.18569911032
33706,5246.616027421087
33707,2665.4223763469777
33708,5493.15974673131
33709,8730.45801264548
33710,4443.619085369194
33711,8714.531871307292
33712,2611.2168980103056
33713,4296.028075438888
33714,6970.150507385914
33715,6625.404679674412
33716,5336.096586323303
33717,6969.178686228594
33718,9131.575009332004
33719,9677.616413511021
33720,1814.7523320664552
33721,11425.688553916336
33722,2437.0917272594425
33723,3880.1621131243173
33724,7017.434363613654
33725,4307.381306837208
33726,6807.420016261058
33727,2779.110054821082
33728,4880.467198652786
33729,3847.9972486401266
33730,8421.803987372397
33731,7675.505954589612
33732,5188.501323726049
33733,2763.6764220964724
33734,5412.767900737014
33735,9836.608699217963
33736,4174.03743005253
33737,5509.267084538479
33738,10043.82943157872
33739,3406.633593002367
33740,5377.52267145588
33741,4201.291879939178
33742,8161.7237793181075
33743,3819.7708502856462
33744,12244.597453321208
33745,8217.565370186321
33746,12068.600028928984
33747,7861.757089265588
33748,4836.936765281338
33749,2505.380887540247
33750,5888.646728716497
33751,6516.176143660136
33752,5160.074272673957
33753,6788.800324521616
33754,6250.731261185455
33755,3473.320619971217
33756,8252.782703084691
33757,3566.420701896341
33758,5968.679293744985
33759,8522.792867598855
33760,6527.405854113156
33761,6647.223579623636
33762,4444.0149476794095
33763,5452.233688784989
33764,7709.089881281707
33765,6977.108150066297
33766,7009.74809590993
33767,3702.7934032110124
33768,9861.189918487311
33769,7326.116341789284
33770,4281.400524063068
33771,6332.750555927838
33772,4484.968228760122
33773,6214.777805730637
33774,3588.0923985402296
33775,3526.689589076739
33776,5649.965168489379
33777,7576.833262066447
33778,5632.120333920417
33779,8215.341232975463
33780,3918.582806116208
33781,3017.011806828095
33782,5821.997459778683
33783,5481.7099717052215
33784,3541.7365378132395
33785,4508.204702747707
33786,6571.870663959139
33787,2402.3222556782866
33788,11846.223318622833
33789,7892.376987142156
33790,7516.048092353895
33791,6272.143988107967
33792,4872.665830999468
33793,11112.018370752134
33794,7243.9637340795225
33795,8705.031830485628
33796,4113.211331776363
33797,3760.522810017784
33798,4804.566377168751
33799,2589.470286080104
33800,12484.521335115965
33801,6096.386906806674
33802,6075.671260397546
33803,5304.060843369834
33804,1538.0330933589516
33805,7489.261164413141
33806,6206.66046680059
33807,3603.5055016276647
33808,4481.756453418934
33809,5955.410675763325
33810,5406.978164570305
33811,4799.985252603424
33812,13019.835077248723
33813,4263.67121298398
33814,4628.981368787046
33815,4262.550282822827
33816,2841.0011873138383
33817,7085.938850569603
33818,18687.63737844355
33819,4802.482306563057
33820,6541.939872174692
33821,4905.484858465115
33822,4577.894141868889
33823,3566.5829804213995
33824,6412.7254851837315
33825,2749.3057865594546
33826,10713.152466549049
33827,7010.882913111313
33828,2796.09692742085
33829,7055.61311612321
33830,2955.0547614843813
33831,4074.31207117074
33832,5752.6237640998515
33833,5922.2604543630805
33834,9123.661524520605
33835,2373.216020217451
33836,6780.911945424092
33837,4463.0852319938895
33838,4028.674402858601
33839,15773.363588273634
33840,9767.505385720453
33841,5265.435071893088
33842,3492.323710048413
33843,6304.609295673843
33844,5015.197744795897
33845,2883.4235683846678
33846,6272.046954241793
33847,4893.784489534696
33848,6332.514999510161
33849,8436.28934993242
33850,4980.130552192875
33851,5059.299420667296
33852,6740.262907382453
33853,7023.778751779792
33854,8592.128063300996
33855,3329.866045389673
33856,5600.8792423837685
33857,8444.962846624467
33858,8825.167524760189
33859,4058.832310881674
33860,8400.742341890194
33861,2557.4929655616825
33862,8284.555635308578
33863,5168.484375036609
33864,3399.9852279333236
33865,6250.870020073933
33866,5371.354198718598
33867,4294.019859530002
33868,6893.457059146848
33869,4094.008455169482
33870,7134.767140654292
33871,5732.644769674212
33872,7855.879427779146
33873,9116.59332053738
33874,5214.840397406689
33875,5797.985515276337
33876,6249.819969696028
33877,2812.349760601578
33878,11420.513765820313
33879,2918.8296424137
33880,4263.18304789862
33881,5089.879344733392
33882,8468.491626212373
33883,10016.896538629931
33884,4420.806769455811
33885,3634.391782256395
33886,6765.93665120408
33887,6595.002449343944
33888,4892.494923917411
33889,8090.127566939605
33890,3371.5760002591687
33891,5202.537722544939
33892,4020.291699413514
33893,3462.8530870963295
33894,2864.145467641238
33895,8348.045052751288
33896,5276.849540870031
33897,4815.6105808381835
33898,3836.4107326573885
33899,9717.242682598342
33900,6160.5113872028505
33901,4790.253447354642
33902,5812.5974423810885
33903,5313.296171989599
33904,9140.050929198984
33905,3478.4572411103063
33906,2363.7559926766094
33907,12708.414156571635
33908,6756.971033007499
33909,9531.045551162118
33910,5774.7676252745
33911,3044.077807977386
33912,9868.689258272163
33913,3749.1844249537025
33914,6592.37648164249
33915,7965.939767109978
33916,4943.145917624381
33917,5989.22232769103
33918,4470.057550409541
33919,4908.25406459043
33920,5390.864224214345
33921,2821.4079463889957
33922,5628.019363984138
33923,10023.579334534994
33924,4574.586665032828
33925,2930.648141067548
33926,4975.021569387862
33927,3899.611772991657
33928,2424.931905925
33929,4901.980274832874
33930,6404.371639243243
33931,3102.0939885172397
33932,3802.3472406061846
33933,7573.138624044996
33934,4856.747719908092
33935,9466.523792991058
33936,4721.013711286257
33937,6546.3757492201385
33938,3953.853313902263
33939,4801.235389140549
33940,6487.653366346412
33941,5996.549416408554
33942,6436.813872156958
33943,9828.521137417347
33944,9428.004478222258
33945,6957.354900201388
33946,5360.6215303899935
33947,3153.8296361644025
33948,5981.670524826241
33949,9406.414165024105
33950,4176.427063730574
33951,3942.094560392403
33952,16017.349705713863
33953,3585.043851648921
33954,5409.101814280834
33955,3733.920606722405
33956,6616.395736188083
33957,8559.148677613042
33958,8148.825999157916
33959,7804.039765395297
33960,6925.913242913102
33961,7554.79230101048
33962,5999.912590148115
33963,5578.5098041473675
33964,2278.531748269286
33965,5043.454123761195
33966,3582.0503773688724
33967,3030.3443634911605
33968,5985.670203759458
33969,18077.616183802445
33970,5105.690324196622
33971,3132.2424078253334
33972,6530.964378922141
33973,5168.772566328515
33974,5433.805185901343
33975,2261.4161155979864
33976,3722.6531942191477
33977,6675.921960896838
33978,3349.19609371904
33979,10991.49874418531
33980,12112.113699799682
33981,3363.994684549595
33982,5903.246485602233
33983,4280.346240377508
33984,4397.726193075742
33985,4591.781466514925
33986,6898.892328370848
33987,3529.791410225461
33988,4924.841568777359
33989,4423.543791277111
33990,6121.279620882654
33991,5883.122479503621
33992,7258.756821672201
33993,3288.72171016454
33994,8598.931916717513
33995,6764.770710123788
33996,7055.371669406296
33997,3279.1726512832697
33998,3513.557793855356
33999,5633.4099714351505
34000,4501.561575428329
34001,9733.357673038061
34002,4573.885151426669
34003,2808.1078318042137
34004,6780.079604468249
34005,4903.784839803741
34006,6516.500938509561
34007,5047.205523669223
34008,7969.593908185514
34009,10563.081234993557
34010,4210.160245052809
34011,5794.1839206802315
34012,3767.536418218653
34013,5065.6546169914845
34014,3550.67148432321
34015,3936.216167351826
34016,4836.118766487703
34017,5042.950955389513
34018,11447.55001504209
34019,6138.626063009948
34020,3409.3392181346276
34021,6549.037631998941
34022,4645.059892930842
34023,4871.586928720164
34024,6226.977778160205
34025,9009.53985172043
34026,7519.334581292215
34027,4517.967142134774
34028,3628.3550475947936
34029,1952.9140486285614
34030,5026.349950287062
34031,24113.344134947118
34032,2398.720323460842
34033,5277.539771733603
34034,3372.5245140959764
34035,8259.705166558599
34036,5181.904859910197
34037,6490.575368095945
34038,5699.382228613544
34039,6411.518830362247
34040,2690.943524311019
34041,5275.439785610786
34042,3723.514405104447
34043,7029.309919438044
34044,10263.52798218913
34045,4253.570902006709
34046,7678.43575758615
34047,6237.123626388676
34048,4290.719850970065
34049,4121.492662098592
34050,2706.914393465583
34051,2984.675350946284
34052,8557.911853214677
34053,8443.184409410493
34054,2537.041594706235
34055,9095.797075981043
34056,7414.998459685379
34057,4441.406022337986
34058,5174.976086368973
34059,3568.564715474432
34060,4158.084585838887
34061,4166.917204933281
34062,6344.274014976828
34063,2534.2204472698995
34064,5960.586004724821
34065,3410.7973744891533
34066,5105.486944481774
34067,4844.322253828036
34068,4344.027936399311
34069,7817.875067182283
34070,7578.842748174413
34071,5027.243572070996
34072,4976.014545504798
34073,5543.239593518381
34074,3726.568755173004
34075,7532.110736797187
34076,7253.885653866409
34077,5362.520969932912
34078,5534.376930642303
34079,6060.732925739435
34080,4625.177202012716
34081,12499.107939462907
34082,6772.940115899827
34083,3294.4575552316765
34084,9761.163359108383
34085,6181.4107570703745
34086,2382.050663285706
34087,8235.763725400673
34088,8177.279171284647
34089,6915.59203173388
34090,4965.407620009653
34091,6942.058279044232
34092,7693.637350141969
34093,4686.631892364663
34094,5225.431244622929
34095,3263.725558988323
34096,5918.365197819423
34097,8722.343855580024
34098,2920.239205047598
34099,9347.299072601058
34100,8701.658954724637
34101,5449.834644883342
34102,7305.969014638242
34103,4957.842529538278
34104,7449.481261730266
34105,2626.3644987382695
34106,5164.84966233928
34107,5534.3834865988265
34108,2712.5655458255296
34109,7173.342575764474
34110,7934.358125097989
34111,6978.405526760958
34112,6473.710348446179
34113,3954.6225375341173
34114,6193.528912603829
34115,7550.255219083856
34116,7816.416360659421
34117,3063.6047767892055
34118,2871.4110767860925
34119,5829.164201916845
34120,10978.687323624934
34121,3427.431676634905
34122,7910.729871538629
34123,7541.995878036284
34124,7448.438870929439
34125,4247.664005899163
34126,2093.9351152788677
34127,7553.490479855266
34128,5993.74980467218
34129,7236.752322600081
34130,8610.50185973105
34131,4531.143983863097
34132,3910.1223985357733
34133,3824.2703331031075
34134,2852.7202579638147
34135,1358.420941223987
34136,6310.139885172723
34137,9668.201359379289
34138,4979.640946736716
34139,6437.707326840601
34140,3054.074055767253
34141,6707.784705337583
34142,7671.676715891538
34143,6191.379899495327
34144,6637.633795142756
34145,3753.0447951769265
34146,4176.490871230246
34147,3852.350807068816
34148,6440.825452081534
34149,3744.165109914684
34150,2763.8510068434957
34151,3730.2552524759653
34152,3875.7520333402736
34153,6775.553150527079
34154,5229.5336768677125
34155,4927.317647943703
34156,5461.183679267853
34157,9400.62235147983
34158,4111.742446123518
34159,4036.694017317741
34160,7225.351906106239
34161,5846.181896751551
34162,6943.978155705491
34163,2306.054752836472
34164,5075.444697266592
34165,5464.644013460228
34166,3943.2502091148967
34167,6132.041850645979
34168,6671.255527476625
34169,7405.712636398833
34170,6628.906934193153
34171,6374.906033900038
34172,5972.18109320199
34173,10454.156667764539
34174,3469.623826658873
34175,3043.5348559039667
34176,5849.3726527200715
34177,5962.3522600186425
34178,5922.509271587599
34179,6123.676859213251
34180,4003.5363073270214
34181,7041.504458790479
34182,3182.5041048640333
34183,7366.359919031888
34184,4565.632878016196
34185,3748.99853377755
34186,8715.735636209025
34187,3349.344103413503
34188,7124.229199331551
34189,7664.170901922805
34190,5973.119354832488
34191,3955.4850493566364
34192,3320.3380434551773
34193,5838.9950977268645
34194,6845.745987566802
34195,5343.9353070802945
34196,6577.352976580343
34197,6014.42955182635
34198,8702.576433556866
34199,5470.510673718802
34200,4078.4545193164554
34201,7347.358369158319
34202,3221.4759881584614
34203,11427.120963445479
34204,5982.494024746673
34205,5075.392146193387
34206,8933.20640811844
34207,4976.942205093592
34208,5434.64930776431
34209,6732.73120756784
34210,3348.162791839117
34211,3012.2036813424475
34212,7587.171500464298
34213,3585.201389746253
34214,10483.067891676066
34215,6894.310099099721
34216,5357.745332506196
34217,3513.2042921351035
34218,6174.4165138763465
34219,3138.8064583397513
34220,10710.938306607635
34221,4540.0529930818475
34222,12747.887533792853
34223,5501.945934604391
34224,4647.4009925758655
34225,12870.68458093441
34226,5416.759880986336
34227,3233.8598422124687
34228,8818.15950851121
34229,7414.792813403879
34230,4951.352526779203
34231,5794.593021834782
34232,4491.639263321031
34233,2929.7228721693473
34234,4579.255722756536
34235,3410.220697599587
34236,2829.943682714043
34237,7902.329908664876
34238,6082.80858640547
34239,27791.72115222454
34240,7010.526244472253
34241,4325.669940173978
34242,4408.4231191447125
34243,6903.194182005915
34244,3192.3535442620378
34245,6373.621454368743
34246,4679.827653640382
34247,5991.252559489689
34248,6237.179806323803
34249,4598.393048290868
34250,3493.7100160018067
34251,6034.601569719819
34252,5600.430144142108
34253,4473.410753870034
34254,5857.598067541321
34255,5005.922024959471
34256,3447.4307719822564
34257,4526.923241532325
34258,7515.581554767987
34259,8462.888777447773
34260,7221.331978029613
34261,7510.204673516109
34262,3867.1136376890663
34263,5914.446831830639
34264,2357.937514446751
34265,8298.188488932496
34266,8525.586486933003
34267,9722.405062284055
34268,5937.588067441401
34269,3513.3586646514395
34270,4740.926435008267
34271,5993.159540607367
34272,8464.999645909485
34273,4405.476115357469
34274,5416.133915288891
34275,4854.349594987763
34276,5953.797499680766
34277,2634.528019617464
34278,7741.939303547497
34279,4220.720906917387
34280,7647.175165214478
34281,6468.128927893125
34282,3949.7983141267628
34283,8064.245378114875
34284,6243.452046542674
34285,4766.651941702921
34286,4024.7853740516107
34287,7509.106702944537
34288,10636.74485337332
34289,6091.562794774261
34290,5703.84519194378
34291,8530.324997061696
34292,7425.24537904513
34293,5656.486745465819
34294,6725.436689641639
34295,2279.13890697126
34296,2678.60563833872
34297,4771.513648472519
34298,6423.801565531297
34299,8647.450886652177
34300,7301.594987337542
34301,4155.402621716885
34302,8233.328980417917
34303,8024.90894419981
34304,5753.425370758189
34305,3085.1156177901607
34306,11020.57214329534
34307,3743.6291263898934
34308,4572.463446666737
34309,7199.272474518012
34310,3730.2451466300827
34311,5733.719552116321
34312,3094.1183899020575
34313,5882.870660466627
34314,5429.676645814612
34315,5613.2317625394135
34316,8692.47852717192
34317,7272.285368305311
34318,5732.31210493537
34319,3555.2997575087775
34320,6916.299714442153
34321,12056.1656017524
34322,5538.832259300454
34323,3444.825976683161
34324,6419.086442585288
34325,5670.811329428484
34326,7079.517192175015
34327,9321.026010682483
34328,2276.1682883214185
34329,7567.083020143309
34330,4949.958463501961
34331,5548.775732476441
34332,9001.922611869386
34333,2772.6677765659833
34334,4570.061444059638
34335,4941.897934189011
34336,7335.375446750961
34337,7662.369212430613
34338,3951.779315468641
34339,3853.72853590604
34340,7107.6630917079465
34341,6149.548205647441
34342,5165.9133644211115
34343,6319.311675412534
34344,4523.630459289552
34345,6229.422967426996
34346,4498.285058849238
34347,3288.0217492483325
34348,5307.787024072645
34349,6380.8701340648095
34350,6241.691533081453
34351,7399.554963217956
34352,8096.496943753565
34353,4133.580526330177
34354,8023.8041575656225
34355,3155.09116008712
34356,3864.3497261049783
34357,7855.273963804703
34358,7075.82482001599
34359,7574.872546590756
34360,9503.078354662885
34361,6918.91573712492
34362,5078.183462201403
34363,7008.009399941529
34364,7251.789740442002
34365,4173.409404750247
34366,2841.3639125515488
34367,5382.169477462119
34368,4899.022144503655
34369,5783.458389318276
34370,3464.5652463912415
34371,5834.4759160841195
34372,6883.3372287453785
34373,6396.190570557439
34374,5797.47577836693
34375,2957.185107971089
34376,6478.266372501091
34377,7117.931095715394
34378,3581.2826303501306
34379,5268.898795334428
34380,3395.2985207678835
34381,5690.644526463415
34382,3617.2381994500065
34383,4505.198973925721
34384,4790.534456502466
34385,7534.415587459042
34386,6291.156952781365
34387,7265.184835688968
34388,13867.273702146002
34389,4120.503487072044
34390,5108.457973749612
34391,10181.56886571138
34392,5623.324625131413
34393,7959.575556961279
34394,6703.166839741729
34395,5401.718710895298
34396,6051.416484688559
34397,4658.233066402407
34398,5192.235798940345
34399,8060.00273660941
34400,5233.879303930137
34401,2886.371197996784
34402,3662.6877892202324
34403,7633.706683959663
34404,9666.12311261689
34405,6146.948118217188
34406,6470.515864303904
34407,4408.693428918807
34408,2369.960751412502
34409,1842.2751419503813
34410,3613.465718580108
34411,5850.455898506467
34412,7186.857405544018
34413,5160.386497790226
34414,4458.423716022206
34415,8516.806265387433
34416,7683.691311233343
34417,7699.321681444618
34418,5272.227711853483
34419,7886.514563387218
34420,9056.602066747295
34421,3656.5256372182653
34422,5789.838737366303
34423,5248.974720999742
34424,6577.610073770793
34425,3035.598087104578
34426,5441.532014677462
34427,4775.480042791775
34428,8091.373455824527
34429,6049.168388471527
34430,7443.680222289063
34431,7009.001739444857
34432,5023.059223189398
34433,7879.102774006251
34434,17692.62787482445
34435,9010.477033926798
34436,3779.0651821159604
34437,3286.140284429722
34438,6676.060948241229
34439,8067.085863524533
34440,4645.713325889037
34441,9037.872589202738
34442,17344.52318945596
34443,4773.703298657488
34444,2709.935790860372
34445,9806.43093170564
34446,3223.0605792971137
34447,5594.609781695689
34448,3473.903422373311
34449,6120.981899578586
34450,3521.9177233823293
34451,6725.024855619351
34452,5474.388347297007
34453,5596.042097089362
34454,9983.393181143078
34455,6454.804805090501
34456,6164.657943279319
34457,7295.747804711587
34458,5439.506355355874
34459,6101.293253697877
34460,9003.623905228615
34461,4894.964907761763
34462,5882.682543797562
34463,4351.958100513516
34464,3413.4252245502225
34465,5147.902863369351
34466,4864.455081656261
34467,4968.314069252621
34468,8470.763885716802
34469,9150.70372587744
34470,7041.028478202675
34471,4516.18199004338
34472,3914.9411031530294
34473,4649.712219488567
34474,4593.883212479495
34475,5876.7801796144595
34476,3040.646169950985
34477,6962.2001359872265
34478,5684.671157382703
34479,7450.3602907661925
34480,5334.417582523763
34481,4273.986649174873
34482,3477.345181658513
34483,2882.6329415558985
34484,8794.029063469632
34485,5659.40034188242
34486,6123.90515773985
34487,12166.466933734882
34488,8046.850672823659
34489,4845.0555571848945
34490,5328.104364089697
34491,2740.783666364856
34492,4464.858362866853
34493,4247.37774406554
34494,3790.357928216725
34495,8665.32687450542
34496,4993.1504522198975
34497,8826.207186211133
34498,9946.579990045266
34499,5700.41872158044
34500,5476.009705598946
34501,4515.65818254179
34502,5274.696081354576
34503,4686.649995826082
34504,11422.72803572842
34505,6309.827835037535
34506,6602.649937658086
34507,3264.4787269329026
34508,5920.696493135401
34509,5714.65253989646
34510,8527.879759044377
34511,6608.898765327459
34512,5314.7559974865835
34513,6774.48058003233
34514,4917.715221154654
34515,8486.834416149712
34516,6916.725177456918
34517,6772.5304141342
34518,9030.922757770988
34519,7046.3862638720275
34520,8141.465248727853
34521,3606.7743619849325
34522,5370.722884949713
34523,4828.150608944533
34524,9040.905693784103
34525,7034.87022234701
34526,7337.270310955104
34527,6211.326377750042
34528,8228.358185568004
34529,5029.768608861603
34530,6588.855082075091
34531,6040.551219867712
34532,3088.1967096251974
34533,12863.797696709215
34534,15510.134460453359
34535,7183.009145339965
34536,6499.025242484509
34537,6975.428264901767
34538,8403.101963906547
34539,8040.784809473151
34540,2908.115501828807
34541,4647.181249342505
34542,5641.435780813414
34543,8060.160065252868
34544,2583.6353308580556
34545,4533.338688705411
34546,5181.607051032567
34547,5013.035144629677
34548,5173.424395154633
34549,3116.370683942876
34550,2907.8182965833716
34551,7103.535336303042
34552,3830.3140208781965
34553,4779.87113958612
34554,5138.2164887826275
34555,5246.1057939988805
34556,8760.321065338265
34557,11238.67565025752
34558,5251.718277592937
34559,6990.278167536596
34560,6516.873258244665
34561,9917.001154258158
34562,5194.371382750153
34563,2974.389225836138
34564,5212.26115950672
34565,11256.505465411796
34566,4126.131234683467
34567,7243.01336585865
34568,2278.9897849361173
34569,3868.0356322731864
34570,6153.728893036217
34571,6087.350997150868
34572,5452.679332855183
34573,9037.953764732869
34574,9273.831342108684
34575,7791.460005711598
34576,4172.131917599316
34577,11081.12280164178
34578,2100.1356928851037
34579,3958.097678526404
34580,6763.54835638713
34581,4841.792816419271
34582,10152.114271223387
34583,2786.450315432031
34584,5063.99890575849
34585,5786.381751971185
34586,7556.6328819395685
34587,9211.40603928974
34588,4788.227829117997
34589,3091.493550128397
34590,9431.67091712613
34591,9324.366398470587
34592,4688.318647500283
34593,5589.670431048679
34594,8152.7566073371545
34595,5902.650983730575
34596,5213.307048215809
34597,3984.397860983381
34598,7472.332769989917
34599,4480.916177310451
34600,12691.746396306518
34601,7500.12743963748
34602,12201.80151276238
34603,7128.3130036473385
34604,4615.229538820202
34605,2209.637558703921
34606,6145.843184605813
34607,5809.09388271204
34608,5210.46719625206
34609,9391.029570506864
34610,5602.186958588933
34611,2758.7952584357818
34612,7305.696276034609
34613,3383.817813123125
34614,9201.750726816634
34615,7111.606356141538
34616,6991.753007953804
34617,7975.050142486974
34618,4588.8480747889025
34619,7404.441231703939
34620,7535.543492133911
34621,5753.963856810565
34622,6429.977377762183
34623,4033.880163144139
34624,8661.424895061644
34625,5886.719013163579
34626,3799.563687931417
34627,5224.030868098229
34628,8123.221328814871
34629,5903.782955176022
34630,3849.5614330616104
34631,5320.4556137697855
34632,5107.239713754917
34633,4944.858997875179
34634,5132.282718947104
34635,10124.419930778273
34636,4645.926752520957
34637,3668.9352775542693
34638,5768.513745019153
34639,5432.13363577929
34640,3256.678549193142
34641,4992.348683383563
34642,8809.581540319472
34643,7880.3236125476315
34644,10721.968194163464
34645,8452.25036148137
34646,7482.097273821468
34647,6615.322107909228
34648,4506.9179524350175
34649,10225.512878469983
34650,8172.308049279101
34651,6786.08445131519
34652,5215.437263201549
34653,5641.504101309909
34654,4732.752509271066
34655,2314.8221282835366
34656,12021.43585137291
34657,6104.851300089027
34658,5817.474197251157
34659,5111.4187615399915
34660,1345.7125826374795
34661,8058.279291293
34662,6059.9430268903125
34663,4360.625880145892
34664,4094.132953445397
34665,5341.807738893246
34666,5407.863313519114
34667,4093.211455955941
34668,8994.954543162703
34669,4367.506417599954
34670,4475.665580991075
34671,3646.974376246124
34672,2616.1755812817846
34673,5214.626304983673
34674,13367.103232672052
34675,4555.756761474221
34676,5734.355802475373
34677,5259.016246902964
34678,4141.626927347988
34679,3507.6759474175024
34680,5714.392764250962
34681,2940.2481387900807
34682,9389.336251085551
34683,6252.275789285634
34684,2713.748646938887
34685,8236.190773413826
34686,2537.243065640942
34687,3751.894568110083
34688,8820.167793741053
34689,7918.846380889875
34690,8629.35666760534
34691,2465.5572097962704
34692,5073.975331482935
34693,4256.669071211757
34694,4053.652970868244
34695,15772.9822157014
34696,10732.794402036703
34697,5384.772109269204
34698,3204.3954990470706
34699,5698.189631237385
34700,4505.5682686214
34701,2644.949925720873
34702,7884.970200426481
34703,4718.226341066394
34704,5654.427693626789
34705,7225.502800126656
34706,4874.159534543729
34707,4840.030351801856
34708,5561.011534066546
34709,7153.234510396497
34710,6706.651702407773
34711,2858.6726117322696
34712,5776.709044927241
34713,7079.307089134048
34714,8247.8676344853
34715,6208.590663508184
34716,7090.490285986269
34717,2306.4836593878817
34718,9039.080334059188
34719,4932.574493705345
34720,2982.969013120981
34721,4672.583891011644
34722,4719.041291698908
34723,4627.059467933828
34724,6275.516760818221
34725,3956.1142419042562
34726,5846.151829383992
34727,4927.704162876444
34728,7434.623907598098
34729,8618.719077612737
34730,4537.653335392104
34731,7773.650095372379
34732,6167.560180292463
34733,2894.822267033896
34734,10979.66191533217
34735,3757.8649898862336
34736,3452.9335509674265
34737,6303.340886100409
34738,9616.868009700429
34739,9476.563314246678
34740,4099.348496023463
34741,4670.327493249693
34742,6669.124125989323
34743,7046.010587330607
34744,4920.005513852458
34745,8142.414924100711
34746,2875.1675770318725
34747,5077.544540280412
34748,3946.503822445251
34749,3342.387745797049
34750,2756.4830021279404
34751,7156.961130903898
34752,6229.62524166162
34753,5810.481619096389
34754,5100.829688290262
34755,7489.886563094595
34756,7925.018190801753
34757,4849.700416892162
34758,5436.401211783724
34759,5456.601731291443
34760,7178.810807653071
34761,5457.721173056239
34762,2129.614745287009
34763,5959.78533375845
34764,6618.5521125562245
34765,6141.625086884593
34766,5597.036456803048
34767,2800.9537426890597
34768,9216.176479759228
34769,2891.676171348618
34770,8906.36374103721
34771,5577.815737192814
34772,4578.401336885835
34773,7958.901656635347
34774,3850.5219739693775
34775,4157.334342150997
34776,8853.875666954782
34777,2643.4024031303097
34778,6518.3223527686605
34779,9599.375007368359
34780,6845.6511938492085
34781,2444.978198792343
34782,4901.657411165583
34783,3919.6158399203396
34784,2284.3079313260355
34785,5157.334477063073
34786,6099.589002240511
34787,5200.4422704662
34788,4467.973731445603
34789,5734.405215971998
34790,4778.9964127127705
34791,8977.748303287117
34792,5292.125090909386
34793,5878.8487342167855
34794,4100.958667944462
34795,5233.277442782917
34796,5774.753064971317
34797,6467.567204821721
34798,7788.985932717466
34799,8793.36749669626
34800,7683.03957488037
34801,6037.907718263149
34802,5445.295782437815
34803,2829.612776143152
34804,5640.00430028388
34805,8846.532586623089
34806,6919.221606701729
34807,6955.123757506102
34808,13916.744304712656
34809,3164.031909861561
34810,4872.4115059103915
34811,4166.312929393021
34812,8598.55388631731
34813,9368.605625046783
34814,6991.216417530511
34815,7291.929651454843
34816,7516.315344758553
34817,7582.215088619101
34818,5860.825834430341
34819,5136.783535876372
34820,2210.099158855698
34821,5154.673716050212
34822,3450.991613002547
34823,3235.042459971449
34824,7364.62707612536
34825,17758.427220019214
34826,5459.693256238155
34827,3339.608337082285
34828,4896.049676459197
34829,4266.9710765586115
34830,6029.947664162246
34831,2093.7594657346467
34832,6551.417578362636
34833,6860.461978794839
34834,3629.502973601508
34835,10856.193399776836
34836,11342.702340554804
34837,3589.8336003408126
34838,5601.682283647123
34839,3894.003065875125
34840,3776.493488982492
34841,4323.398046271379
34842,9020.011582847023
34843,3871.720701889227
34844,4500.716000131062
34845,4745.689303963124
34846,5451.865732831698
34847,4888.567729928924
34848,7341.045105257568
34849,3148.4030778036818
34850,7926.054520350627
34851,6208.667293665956
34852,5024.779180000877
34853,4031.3500496548672
34854,3965.8971307987445
34855,4827.375680276123
34856,4451.256471598042
34857,9367.957887891023
34858,4313.077949883971
34859,4110.90990916311
34860,6515.597660599225
34861,4759.011767002925
34862,5515.118957136168
34863,5108.603432357293
34864,6013.10799000844
34865,9472.650914972899
34866,6817.406099913117
34867,6109.710270349958
34868,3575.465454407471
34869,4542.51714858632
34870,6059.131400874064
34871,3942.339761292461
34872,4510.618235748289
34873,4855.80051437123
34874,11759.210278996117
34875,7397.71502816262
34876,4499.440572923115
34877,5526.102753712247
34878,4758.3483866111765
34879,6945.289169252044
34880,5262.232376504829
34881,8874.671459374085
34882,6408.233100304738
34883,4886.220664420194
34884,4023.1877696485667
34885,1996.6503237459488
34886,4289.5232867319
34887,19964.932547366785
34888,2205.1783655331974
34889,5342.738674264528
34890,6298.046419541624
34891,7009.76104338761
34892,5570.802660609346
34893,7876.673763218255
34894,5603.195560495349
34895,5643.155272029169
34896,2834.8539221503197
34897,7721.376338472228
34898,3941.612484806503
34899,6386.276063499532
34900,8495.485968169314
34901,4075.6087283888382
34902,7522.616572436622
34903,6183.487566300563
34904,3262.4489920598353
34905,6447.406862211903
34906,6721.891649768488
34907,2776.114127414941
34908,8494.494052516733
34909,6820.065023629497
34910,4872.6453273539755
34911,8949.089140027303
34912,7936.933838828314
34913,6634.518031716247
34914,4564.525370756231
34915,3820.6715336343923
34916,5380.460247384058
34917,3458.344595589739
34918,6443.806034236901
34919,2484.564255694486
34920,5859.979846191634
34921,3088.222499245915
34922,5506.244522405431
34923,5344.974502068812
34924,4907.897265173429
34925,5574.298770349643
34926,8101.508792235342
34927,5056.6840329852
34928,7491.053941684512
34929,5570.3265650048315
34930,5982.7098294388825
34931,9082.527027521683
34932,6816.9044870361995
34933,4076.3178967615077
34934,5271.729208533802
34935,5241.774460544244
34936,4371.388613307715
34937,11943.537473177692
34938,6221.820927744424
34939,5650.410308374701
34940,8477.12324835267
34941,6767.3847915440365
34942,2133.4204303842203
34943,8783.09891109123
34944,8339.930474105977
34945,6244.258116057392
34946,7310.902213758858
34947,7057.114257712035
34948,8190.900996375238
34949,5008.228779353179
34950,4338.844346514749
34951,3353.2402240165206
34952,5800.344484884729
34953,7679.739615721455
34954,2935.962843618531
34955,7278.59821532576
34956,7123.130486023788
34957,4935.838214535719
34958,7389.281951797356
34959,4719.526883682289
34960,7003.192539452305
34961,2991.932720548783
34962,4997.743461117225
34963,5053.522440910879
34964,3608.8461849120577
34965,6423.970550384756
34966,6651.958014313285
34967,7757.054250637365
34968,6091.562178264906
34969,4048.838360705068
34970,5992.594433314877
34971,6916.449479149541
34972,6089.671018405418
34973,3156.082326609401
34974,2747.299609493214
34975,8593.820390731682
34976,5904.430891084166
34977,3932.652735979655
34978,7614.450230373545
34979,6922.032603084543
34980,6321.0870261651235
34981,4812.055786151872
34982,1867.385198138895
34983,6145.868673362424
34984,6354.501244908628
34985,5133.239257779917
34986,8874.439872196795
34987,6508.824588839824
34988,3654.9069834976876
34989,6070.677673826995
34990,2971.354551520465
34991,1196.1985254673536
34992,6231.5648228533955
34993,9392.487961845474
34994,5861.4154289913495
34995,4532.4833616025135
34996,3110.71611821979
34997,5116.124338224235
34998,7964.291574026585
34999,5659.9496346883025
35000,8131.0605422514345
35001,3987.534212549063
35002,4317.668373466308
35003,3642.698021815246
35004,6248.820131240032
35005,3543.543534988153
35006,2597.516868807109
35007,4380.015860758417
35008,3780.14174990568
35009,7416.227726170539
35010,4485.357296901938
35011,5215.507550374252
35012,5387.655209393317
35013,7524.303976672901
35014,4786.500977788707
35015,3741.0857606841796
35016,9300.376217386396
35017,7442.866901822966
35018,6770.394688951523
35019,2059.5938419616423
35020,5003.782346135799
35021,5469.629496545293
35022,4004.2226591627937
35023,7821.342540037228
35024,8651.128010641598
35025,6484.755143007815
35026,6224.991592757552
35027,6094.704402996361
35028,7375.819014442517
35029,11008.134080254813
35030,3124.89673248873
35031,3822.322885212133
35032,5378.6267876965485
35033,5870.7265234205715
35034,5734.221983076604
35035,9816.866745228011
35036,6672.8022453348185
35037,6274.394294217014
35038,2711.131697186542
35039,5512.088403343687
35040,7851.5880223918975
35041,3400.604433638379
35042,6250.518862172938
35043,3169.93812948441
35044,6776.924958235157
35045,5479.146854648857
35046,5400.987647247636
35047,5459.185018348131
35048,4018.561476704643
35049,4893.369931048975
35050,6849.642105509582
35051,5043.378772650448
35052,8055.583507591548
35053,5766.264269967196
35054,8349.425561603222
35055,5368.64638880517
35056,3742.791259173295
35057,8638.46661359157
35058,2780.6165285107095
35059,10234.90144282428
35060,5830.970843201189
35061,4925.904296134949
35062,6712.8353433253615
35063,4631.294477964684
35064,4282.789755272453
35065,6585.348192240969
35066,3172.3020343116887
35067,2996.0921451167906
35068,5969.685377387194
35069,6001.789609609526
35070,10222.366011300748
35071,5923.579557025575
35072,5252.507181968154
35073,3815.2026130934546
35074,5878.652831404632
35075,3219.5947839758906
35076,9810.041505703814
35077,6963.855503739825
35078,12770.179412682439
35079,5707.705603754029
35080,5140.934883346888
35081,7750.819871287561
35082,7325.671719966836
35083,2997.1683989368994
35084,8525.967244585596
35085,6714.106064188306
35086,5263.16297071727
35087,5519.946365872138
35088,4859.003464754875
35089,3039.7639398590513
35090,5048.557627806181
35091,3643.2425163352987
35092,2909.691999243339
35093,7349.438440650856
35094,6098.315243834236
35095,22473.789827638248
35096,7020.714812166081
35097,4526.403865235659
35098,7445.745671020342
35099,9971.524966447216
35100,5974.856736165253
35101,7030.624441836188
35102,5512.474932200874
35103,7765.767530826841
35104,7812.080010365711
35105,5360.179109460133
35106,5772.199913680904
35107,7422.517389453199
35108,8175.200044328728
35109,7064.709333983884
35110,8023.9305149950915
35111,5915.441516827249
35112,4811.094347461001
35113,5945.953147949863
35114,10065.60362906227
35115,10541.18306615304
35116,9603.8557106188
35117,8110.900802683481
35118,4435.237163634671
35119,6355.447664657453
35120,4380.724514463616
35121,8304.937910941067
35122,10934.368966531048
35123,9251.19385082437
35124,5955.808716718634
35125,5997.105711488168
35126,4416.705388220415
35127,6239.468119501401
35128,10359.34207021676
35129,6843.64920425743
35130,5619.239014737207
35131,5705.660298578123
35132,7346.543629374664
35133,3683.957783541362
35134,7888.8277152940755
35135,4653.382451983253
35136,7395.552553945852
35137,7341.094160279631
35138,5911.667572987857
35139,8157.437302527002
35140,6935.6559600914625
35141,4733.457920358874
35142,6783.737705812041
35143,7771.224154771397
35144,11759.507999884849
35145,6470.561572245547
35146,7905.723585196368
35147,7736.241086025762
35148,9131.672699385654
35149,6648.974078462619
35150,9724.841058433683
35151,4629.867547325163
35152,4697.652345576534
35153,6187.058113805087
35154,6742.701058964817
35155,9736.978142106014
35156,8082.272857284993
35157,5649.540793146889
35158,7871.510226979902
35159,6987.761888452995
35160,9797.58916595399
35161,3979.773957251782
35162,12993.444459294107
35163,4885.936874375193
35164,6173.8738319715385
35165,8289.130774683254
35166,4660.333665867448
35167,6679.936368727709
35168,6694.920899257673
35169,7882.4590023009305
35170,5946.352020494404
35171,5671.826972061912
35172,8494.66639918673
35173,7828.716166895199
35174,7088.141580855814
35175,5180.890056430582
35176,7147.370125256977
35177,11992.685525847744
35178,6590.944544987081
35179,4882.669224113891
35180,7245.698142238178
35181,5870.672585767448
35182,6490.312722513689
35183,7935.513381366916
35184,4011.134024104562
35185,8250.467671036495
35186,6069.367633822445
35187,7081.389122274015
35188,8886.146764652707
35189,4977.414202732376
35190,5975.515632030327
35191,5429.929774246333
35192,8201.840292293782
35193,9245.335328143969
35194,4964.885076271178
35195,4270.346613362579
35196,7044.230223642871
35197,6246.2081809121055
35198,6142.792063044876
35199,8106.983226271294
35200,6742.991118403281
35201,7587.896471927707
35202,5498.018851551145
35203,4660.628542533036
35204,6509.53153150256
35205,8316.872486823491
35206,7913.551222369665
35207,8777.887954021806
35208,8508.307893822634
35209,6031.572393379221
35210,9063.853939734896
35211,5773.735889417379
35212,7483.2351422824695
35213,9347.604293111997
35214,7116.622063090088
35215,9903.957977733398
35216,8712.50598038218
35217,8152.312841430165
35218,6332.104589676806
35219,7355.876204199863
35220,8295.236274151792
35221,6515.622319536477
35222,4083.3985558911236
35223,5537.348864942046
35224,8033.639137618531
35225,6332.123279306282
35226,4599.635930911587
35227,8643.940885486778
35228,6587.342745360114
35229,6406.722043202732
35230,5839.762947472869
35231,5420.675878087911
35232,7385.888389292755
35233,7304.584866887997
35234,6802.416258029517
35235,5720.592134017253
35236,5030.66031016302
35237,6710.873989238393
35238,4093.101601396183
35239,6791.495692803075
35240,5360.077701015045
35241,8934.730361334843
35242,7275.9683714521125
35243,6524.495733752434
35244,12260.276756837644
35245,5095.548094339195
35246,5557.075704742899
35247,10833.714451737836
35248,7067.010169499091
35249,8889.335012122441
35250,7689.817989249694
35251,5930.350764655659
35252,6388.5949611311635
35253,5857.586503109874
35254,7908.152065499272
35255,11088.8163633361
35256,6880.873204457046
35257,3749.8289998289106
35258,5150.078293635435
35259,8689.249273064186
35260,9672.755156218223
35261,6905.779761230905
35262,7157.596582447169
35263,4910.6206680825235
35264,5089.708953509047
35265,3207.9114909350214
35266,4887.081425192282
35267,6605.022920575125
35268,7543.7283322174435
35269,6814.911084939591
35270,6564.570191545137
35271,8684.530194205785
35272,9235.382333913747
35273,8099.509799573567
35274,5594.611363501841
35275,9245.08475778584
35276,10919.806225611892
35277,6167.20209297628
35278,7713.0212579678055
35279,5449.47947548516
35280,6833.279844933183
35281,4650.41576220044
35282,7283.245753327517
35283,5626.646899351009
35284,8795.44807621261
35285,7107.275188314462
35286,9158.479282912996
35287,8283.55049858846
35288,5868.094603824223
35289,9081.889996708393
35290,18223.898842453484
35291,10937.834825458434
35292,5580.071945118076
35293,3377.1294759906336
35294,6656.476251150067
35295,8862.350344079687
35296,6223.700269495891
35297,11947.917490738282
35298,19292.61811373385
35299,4101.794552729238
35300,5251.133399238046
35301,9025.082129468085
35302,5089.283723890552
35303,7708.909764802838
35304,6651.1339789746635
35305,7694.546502092416
35306,3920.1386897975576
35307,6989.48127348997
35308,6823.551316951578
35309,7608.631244829116
35310,10005.411997735566
35311,6942.306239489375
35312,6298.079409523748
35313,6985.494714412459
35314,5445.390638908906
35315,5255.777777617607
35316,7973.793069741932
35317,5859.538376497688
35318,6434.502987596633
35319,7191.818008485777
35320,6012.528251799326
35321,5479.181812223157
35322,7251.161687158149
35323,7091.708208556136
35324,9348.609904280624
35325,8107.02408155821
35326,7407.964724875798
35327,5797.709628271913
35328,4238.724129963363
35329,7246.525887827258
35330,6514.654160649103
35331,6087.863396321635
35332,4730.902219950224
35333,9047.761031785518
35334,7247.9264961074
35335,9727.900749599708
35336,6631.204473689919
35337,6051.261526959875
35338,5634.876125979099
35339,4842.201634100866
35340,10020.243936894747
35341,5663.454226304959
35342,8517.018932955572
35343,13879.976771080514
35344,8028.1524277869
35345,6544.139601864353
35346,5559.153704517429
35347,4701.6124696207635
35348,7463.578859342219
35349,4340.246409306148
35350,5642.73266661585
35351,9851.80788878944
35352,5823.96529178569
35353,14910.8102292446
35354,13063.59906789314
35355,5655.381249685242
35356,6970.462105996444
35357,5576.137716424883
35358,6880.815766271472
35359,5462.950732691508
35360,11687.514495715024
35361,8027.4077182678375
35362,8856.436316495448
35363,4550.160246596675
35364,7521.268484212908
35365,5503.324934058619
35366,9294.142597385791
35367,7311.5873373483555
35368,6508.302601658346
35369,7012.538857029531
35370,5962.1063682843505
35371,8644.546594481846
35372,9520.513140772102
35373,6610.026897096729
35374,10199.724727278577
35375,7025.935669303286
35376,9255.736096713157
35377,5555.565533103873
35378,5592.0092069467155
35379,5631.847654841663
35380,10765.611538060628
35381,7118.646023102415
35382,8164.863671818872
35383,7437.685742669506
35384,9248.0062894962
35385,5053.128942599229
35386,8643.96214209107
35387,6508.169913367789
35388,4341.392009411035
35389,14300.761370900225
35390,16873.527941287164
35391,7626.412152247744
35392,7636.722109901046
35393,9061.810991349968
35394,10386.85057562763
35395,10693.413134484272
35396,5975.387919096185
35397,7372.873348179684
35398,6222.809483593964
35399,8863.6852833882
35400,4170.062367241444
35401,6250.083428574399
35402,5770.055064476043
35403,5934.518579332323
35404,7548.599145679038
35405,5112.20368725987
35406,4599.423853843721
35407,7327.520329320429
35408,4369.677002975927
35409,4815.518651880896
35410,5879.858743968064
35411,6470.346073021755
35412,9680.85819222351
35413,9098.800737232858
35414,6975.51569835634
35415,6884.36969925661
35416,6882.395202078814
35417,10923.685573383502
35418,7296.965596606021
35419,6161.146129526181
35420,5080.587419199864
35421,9890.498626634531
35422,4448.092823104819
35423,7311.431934044966
35424,3563.5933459256257
35425,5044.707795088717
35426,7631.131029302681
35427,6405.198433262115
35428,6091.473163525352
35429,9612.362820141952
35430,9878.163380671593
35431,11065.410663283448
35432,6189.635730788672
35433,10673.125260777928
35434,3134.412306244877
35435,5899.678966205738
35436,6802.9439531457965
35437,4678.575250750931
35438,8558.082617261536
35439,5465.516278580632
35440,5115.373727666444
35441,8840.66783194409
35442,10123.534428500225
35443,8510.283355791234
35444,5569.551132428461
35445,5619.171869012498
35446,10676.222505556972
35447,8093.8660836800345
35448,5920.107539607658
35449,5922.787362577194
35450,7296.462777494825
35451,9361.465837558148
35452,4992.302762103538
35453,6155.854622301291
35454,8540.364788657627
35455,8407.128007437921
35456,13059.416463150637
35457,6093.333789757904
35458,12817.890333081059
35459,7410.64368337213
35460,5258.525385025247
35461,3760.581579754371
35462,6224.294079669511
35463,6402.78116969992
35464,6206.6820620485205
35465,8585.924792435411
35466,5390.008636769754
35467,4508.227798547106
35468,7667.198012915869
35469,3773.733626667226
35470,8034.335797184836
35471,7417.570204091158
35472,8169.887700173823
35473,8889.858157475126
35474,5603.692006109149
35475,9267.661040695955
35476,6477.19779235563
35477,5735.417142054225
35478,6148.310439009232
35479,5523.440610942002
35480,10513.4758015235
35481,6551.73826314976
35482,4960.4196851105435
35483,7583.953547634611
35484,9007.51120416937
35485,7499.651975331976
35486,6343.346769364039
35487,8403.382146263655
35488,5417.712419933917
35489,5945.253090313229
35490,6231.4452022395735
35491,9914.672066337123
35492,6172.450718778925
35493,6457.730188418463
35494,6070.146055573511
35495,5813.862778049886
35496,4496.736890622296
35497,5953.3820938260305
35498,8996.35842437963
35499,9312.426374592502
35500,11202.771795904964
35501,11207.601540704789
35502,8731.561893325315
35503,7285.985299399263
35504,4998.5767611833935
35505,10626.64670191267
35506,10910.147981195945
35507,7793.534419765529
35508,8116.673901648415
35509,9002.014583423672
35510,5713.923286145861
35511,3774.6294460387276
35512,11075.371302437437
35513,6845.741351981019
35514,6764.354849446364
35515,6502.8827484180865
35516,2961.98783649874
35517,11399.466844107104
35518,6446.192763693759
35519,5546.916716905904
35520,5105.552947708998
35521,5450.323793282488
35522,6645.197066208159
35523,8224.552288043082
35524,7098.221526702655
35525,4889.6877954684505
35526,5097.536702591034
35527,4137.540891302202
35528,3418.935510791811
35529,7645.775620527902
35530,17612.115610672012
35531,4771.42095896451
35532,6125.338562100313
35533,6701.517981233567
35534,5811.36315273805
35535,5501.104100841114
35536,5419.9773693904035
35537,4299.429111376679
35538,8207.881300979794
35539,7550.121499540954
35540,4131.484857866
35541,9017.617359892689
35542,5771.894356916148
35543,4816.940429316838
35544,9832.747601355204
35545,8562.284229796902
35546,9490.552511198797
35547,5645.779764073848
35548,7183.487756110497
35549,4937.113558105334
35550,5428.605072548177
35551,14510.93220357572
35552,10277.990494894704
35553,6931.140635631075
35554,5820.460196956178
35555,5344.505631084882
35556,5988.718263147994
35557,4573.1172063302165
35558,9215.083660671353
35559,5198.497262165655
35560,5660.017433137443
35561,8104.50341287308
35562,5320.827415471126
35563,6381.332080931546
35564,6981.59811155125
35565,8271.362175756834
35566,7694.343038484144
35567,4218.86103146064
35568,5832.023940733502
35569,7376.9166094572265
35570,9476.425647933776
35571,8806.293275342709
35572,7565.645945165099
35573,4833.946225143904
35574,8307.370733835449
35575,5831.399348955308
35576,4864.69135566012
35577,7472.772300825037
35578,7520.331444931176
35579,6475.781551649288
35580,6329.036430969573
35581,6505.276503755485
35582,6766.291102919873
35583,5807.98986361693
35584,7056.537766856261
35585,7892.082092057949
35586,6086.249303469989
35587,9643.617358666459
35588,6547.639189824224
35589,5108.279601614012
35590,12331.525086437097
35591,6020.70559990694
35592,3523.3145366968074
35593,8264.098895539631
35594,9306.779551724238
35595,10696.810586474032
35596,4863.904088597898
35597,6226.735610404512
35598,6381.980554705035
35599,7435.862989252743
35600,6582.302964047682
35601,9033.426374508064
35602,3501.5321853338155
35603,6582.0232190134075
35604,6114.38568952288
35605,5541.365913090613
35606,4973.765224407637
35607,7213.883794498172
35608,8622.991813917142
35609,5797.108977334934
35610,8307.146965882077
35611,7208.92822549365
35612,8927.80511396136
35613,5414.586739373747
35614,6856.632501819118
35615,6573.3998085240155
35616,8516.773356394495
35617,9314.843569562065
35618,4222.292074430764
35619,7955.373145869549
35620,7792.265192838483
35621,7560.847550411864
35622,4859.659049524096
35623,4179.668015555713
35624,8523.133709142874
35625,6374.652415257575
35626,8813.382426128306
35627,7662.604987521299
35628,5676.888352577775
35629,8387.993013414523
35630,6446.1102232514095
35631,6955.221015967477
35632,8108.311585302129
35633,5855.05429238826
35634,8461.732202757068
35635,11122.1164894299
35636,7912.646638982905
35637,4782.772122714497
35638,5947.94373629156
35639,5073.583004568402
35640,3466.5345522767448
35641,8385.507936030534
35642,6186.783795285376
35643,8801.148579899078
35644,4918.713203071773
35645,7511.929290309192
35646,6583.310565071883
35647,9486.273328968007
35648,5643.364388740913
35649,6020.182358028169
35650,5743.621916315485
35651,7226.6656308797155
35652,5678.036762483443
35653,7817.788126547685
35654,7978.32220288356
35655,9821.81504707052
35656,8098.1469251056105
35657,7368.744349442107
35658,6262.751839150785
35659,4696.323713089985
35660,5783.215901462669
35661,11260.223828307106
35662,9326.459852618376
35663,7752.038411084643
35664,15219.931340604702
35665,5971.685222481066
35666,5155.367847240874
35667,6130.025469618172
35668,9042.65992150745
35669,10300.445423088817
35670,7475.719446696778
35671,8158.602209710557
35672,8298.570788335135
35673,7377.9969485584415
35674,6831.002999946595
35675,6131.389944922633
35676,5254.9716404503815
35677,5622.9382999581385
35678,3948.039287669279
35679,5616.730061955093
35680,8933.885000070894
35681,17087.463665879848
35682,6728.6246489700425
35683,5191.211063898045
35684,7603.368398474253
35685,4433.580460033489
35686,6730.268688844457
35687,4593.753966939156
35688,9073.632907949186
35689,7020.562403246299
35690,6794.159188749372
35691,13316.751902549726
35692,12060.810987209445
35693,5481.128388739656
35694,7063.351329763134
35695,4213.461921602891
35696,5334.09016234409
35697,5396.441054115786
35698,9532.044330456934
35699,4908.4859241351305
35700,4927.594498320669
35701,5943.416692653965
35702,5940.255738599859
35703,7117.654975768371
35704,7433.849612807846
35705,3709.745989643744
35706,7903.572997997475
35707,7814.341750534511
35708,8003.919045502391
35709,5040.83051136066
35710,4565.9814914594535
35711,7725.213947922722
35712,4803.559404851528
35713,9676.825001283782
35714,4963.636509223716
35715,6016.741785901023
35716,7194.543312276188
35717,6120.997317470406
35718,4896.68301649937
35719,6494.032192479291
35720,7368.911635107526
35721,9530.131415543448
35722,9902.019624961427
35723,6403.671083038827
35724,3891.1699170833704
35725,5584.510055353361
35726,6589.372994882379
35727,4947.372526231048
35728,6603.803705183769
35729,5895.7643738621755
35730,11622.546227627075
35731,7961.5162969664225
35732,6405.927844603364
35733,7341.163237575982
35734,4738.230606052515
35735,9467.120524648539
35736,5699.148126034809
35737,12439.51141023585
35738,6807.0076474612815
35739,5806.203579892053
35740,5518.77265033587
35741,4381.652495388398
35742,7286.925321590941
35743,20119.27905836642
35744,4562.073939785384
35745,5549.546759997308
35746,10295.511542892777
35747,6668.221938329521
35748,6956.317847243824
35749,8216.079326044204
35750,6383.721155562024
35751,5435.730553947594
35752,4541.495976139359
35753,9720.612305718767
35754,6371.392199412257
35755,7024.129912165963
35756,7924.746442549992
35757,4765.902008482961
35758,7713.658734952033
35759,6382.524187112698
35760,4171.713740298074
35761,8654.45737604164
35762,9830.584988758357
35763,4542.553181356555
35764,7872.1891796890795
35765,7693.221645011585
35766,5303.735589604957
35767,9588.058565080544
35768,7156.242239695871
35769,8173.483029809926
35770,4887.260462494306
35771,5555.905838783695
35772,6488.298989152243
35773,4555.442348290865
35774,7963.655382717626
35775,4389.99881526351
35776,6202.2440671835375
35777,4975.863491408915
35778,6419.7081260231
35779,5959.484008765934
35780,7084.888959912348
35781,7427.773446043078
35782,8612.752096273856
35783,6259.1856940931075
35784,7608.820829854631
35785,6285.221219876669
35786,8885.86018201812
35787,9486.682741954295
35788,6722.499607540054
35789,4213.468598645027
35790,6190.209314428688
35791,7265.935996420181
35792,4113.417161295237
35793,11924.99315567835
35794,6159.928461131348
35795,7044.562600061449
35796,10721.407015869414
35797,6906.55585423384
35798,4640.831148691498
35799,11542.011451291493
35800,10090.04198614057
35801,5759.833174915946
35802,8858.57104145406
35803,9537.871576399233
35804,6862.714770387833
35805,5277.126009788617
35806,7214.053231304242
35807,5824.755564358091
35808,5982.08070476643
35809,7378.872415337684
35810,4966.226645861205
35811,6987.639926522427
35812,7830.390377206761
35813,6919.157731093355
35814,8376.206604618888
35815,5867.063866745787
35816,6874.409038087479
35817,4730.217401358775
35818,7933.068595099081
35819,7313.090988614744
35820,6256.088958912345
35821,6616.741021075941
35822,7373.164157431812
35823,9086.728609289368
35824,6067.305250565601
35825,5109.431390475613
35826,6561.682773368552
35827,7665.415460700306
35828,6793.54342801151
35829,4776.620916303928
35830,4267.899992928219
35831,7673.099826977489
35832,7060.567936970915
35833,5976.760177660095
35834,8331.627763480283
35835,6885.720863710518
35836,6792.004984914173
35837,5467.523839973632
35838,3630.8032722498447
35839,7344.602736035776
35840,6966.989489235289
35841,6929.431719806816
35842,9557.812050783557
35843,8584.888816959174
35844,4866.113062682306
35845,8537.791634599518
35846,3894.355082029768
35847,2999.162607972649
35848,7973.560164801618
35849,11796.971253386231
35850,8240.802554558562
35851,7285.456055896776
35852,4793.554995151495
35853,7116.585127467254
35854,8770.084092922743
35855,6230.111512670671
35856,8203.459529048087
35857,5361.101497077756
35858,4581.011585690485
35859,5494.806721718942
35860,5773.603712742219
35861,5770.385966723458
35862,4864.173346599375
35863,5589.827663062403
35864,4427.608104066546
35865,7466.076494678768
35866,7710.718004056483
35867,5812.034217809707
35868,6309.636635186491
35869,7409.72619451008
35870,5672.660199614083
35871,4859.243605085111
35872,9671.515697916302
35873,8027.88252747397
35874,6608.878375792577
35875,3841.367914862793
35876,12098.1948761264
35877,6806.94991078372
35878,5687.991702199492
35879,8788.64485263329
35880,8115.074674890578
35881,7471.67414682304
35882,6246.1502029158155
35883,7169.0074156050705
35884,9829.433338966417
35885,13564.173187879958
35886,5229.273518488698
35887,4745.631962112319
35888,5648.288263691092
35889,6636.1173492218395
35890,6669.628444413259
35891,9490.084779258445
35892,8930.229437453036
35893,6147.389378513539
35894,4347.821782417949
35895,5805.570986930151
35896,9877.580998655973
35897,5302.350381701157
35898,7591.455446274748
35899,4083.316530462892
35900,8106.67864413077
35901,7590.835821411635
35902,7612.220357363827
35903,8021.144908306712
35904,6768.526609845261
35905,4855.80646066291
35906,6715.694148610443
35907,7696.375278377442
35908,8517.235032171062
35909,7713.655054371656
35910,8127.820205508688
35911,6651.109889218729
35912,4702.015252568177
35913,9754.84583888568
35914,4485.50806053349
35915,10649.97807824295
35916,6565.992843245665
35917,4837.120674736811
35918,7076.72257216798
35919,5995.410789292756
35920,7549.30148859804
35921,8650.110348472548
35922,4260.004553955157
35923,4724.909957867548
35924,7681.434025854006
35925,8854.845506980217
35926,10141.241799029212
35927,6051.657768993602
35928,6062.424652427305
35929,6593.849849106118
35930,6547.589863104205
35931,5434.134582105335
35932,10178.373564323563
35933,8793.039803775819
35934,11437.437880743391
35935,4802.540876760759
35936,6351.115972236909
35937,9325.620250905022
35938,8312.091804413609
35939,5468.855343602117
35940,10328.318092766238
35941,6734.987426577025
35942,5845.730950371971
35943,5615.4702091707995
35944,5461.632942933445
35945,5113.206050097683
35946,6260.170541981234
35947,5037.186400535937
35948,5142.763273534688
35949,9119.939239446512
35950,6885.694897485708
35951,21884.64877224413
35952,7191.846290713201
35953,4532.891530107182
35954,7458.443632834652
35955,9778.970152720378
35956,6527.925875392367
35957,6963.82878369384
35958,5363.831799437301
35959,8094.142172406662
35960,7976.814921251853
35961,5162.292691952772
35962,5715.984141679334
35963,7023.022773542523
35964,8155.793421860807
35965,6999.690673415468
35966,8519.244157869676
35967,5774.63940865992
35968,4657.488823730559
35969,5731.446074160249
35970,9854.782973476267
35971,10908.988862339285
35972,10078.848620184957
35973,8037.613593353682
35974,4931.2526526436295
35975,6043.390372632442
35976,4298.332974041924
35977,8293.649608386442
35978,10906.568154980923
35979,9271.56670987243
35980,5895.140503320297
35981,6248.051041657274
35982,4519.838450932663
35983,6106.130950778743
35984,10626.19072817845
35985,6659.886125796407
35986,5384.804979938913
35987,5648.389526722861
35988,7628.802976483382
35989,3609.9586085138726
35990,7500.859859411067
35991,4444.612923469084
35992,7027.564635846188
35993,7069.784740055128
35994,5833.861328984122
35995,7687.899527373831
35996,6873.585895532489
35997,4889.263701432979
35998,6787.023736651309
35999,7493.329272799368
36000,11704.371599228863
36001,6096.702435626351
36002,8304.578877588949
36003,7829.035929205886
36004,9180.713065388638
36005,6611.658044319963
36006,9553.613270113443
36007,4710.480733756706
36008,4823.078166165165
36009,6377.811622538049
36010,6400.837744992682
36011,9364.898690797834
36012,7783.020702080552
36013,5563.40905921279
36014,7553.106574177288
36015,6632.808215174472
36016,9965.37432409451
36017,3842.9093814988087
36018,13255.649871158192
36019,5009.285450788974
36020,5998.538283185863
36021,8452.770897639419
36022,4761.122651681211
36023,6594.8474926038125
36024,6309.361771546799
36025,7716.864995416099
36026,5634.013148068273
36027,5600.228117097376
36028,8173.271416999245
36029,7647.549878087122
36030,7335.782701716517
36031,5161.062839907975
36032,6990.34970891541
36033,11587.312329121924
36034,6527.123994087822
36035,5016.944669586595
36036,6956.926717745595
36037,5741.335838745382
36038,6058.490835771137
36039,7394.016664707974
36040,3897.582481398856
36041,8049.836555080929
36042,6076.046941733835
36043,7001.189560980948
36044,8981.533116713405
36045,4457.350894727301
36046,5904.962718348766
36047,5288.112758476293
36048,8051.84361770397
36049,9155.309635503074
36050,5034.52371121836
36051,4298.248051067016
36052,6953.5402634408065
36053,5963.012095936108
36054,6092.588452389659
36055,7738.9979320993725
36056,6623.479960267262
36057,7712.128774393872
36058,5576.200963392122
36059,4485.100142935836
36060,6335.052114993129
36061,8220.130184327001
36062,8074.79520836992
36063,8383.23882120541
36064,8285.231873702305
36065,5832.685120062523
36066,8988.319363259785
36067,5732.488676926372
36068,7446.019824777417
36069,9291.35237622914
36070,6818.77347908968
36071,9940.694285153573
36072,8340.63881108997
36073,7890.487504311544
36074,6114.134056412684
36075,7177.827784865185
36076,7995.325161637296
36077,6544.174807496252
36078,3953.015344859634
36079,5612.499933943044
36080,8035.664147409715
36081,6128.1114995811295
36082,4519.939814802743
36083,8728.47002452906
36084,6671.684436293805
36085,6079.1309277065975
36086,5704.721656177414
36087,5435.280989982134
36088,7659.615597017452
36089,7070.615254362136
36090,6939.197487901763
36091,5557.3262515199995
36092,4984.48390856425
36093,6588.854493916426
36094,3997.6178810996207
36095,6609.160569572323
36096,5294.048353870063
36097,8698.632922688585
36098,7151.536649301874
36099,6360.975350773997
36100,11411.497831941268
36101,5410.5835222328005
36102,5253.557121822313
36103,11100.481929088503
36104,6799.508388139033
36105,8581.06004302421
36106,7497.103742296402
36107,5631.784550146498
36108,6128.021544563919
36109,5556.947370808295
36110,8314.771928585622
36111,11416.28706926732
36112,6926.266741198077
36113,3535.9766459660386
36114,5080.8520920997
36115,8446.660465175235
36116,9182.788463041505
36117,6741.098494563441
36118,7213.872271682618
36119,4844.787036332004
36120,5351.899357453051
36121,3191.01925972265
36122,4977.292417674866
36123,6344.748050797985
36124,7232.277408494335
36125,6933.8923733233705
36126,6318.281756318833
36127,8368.860918255054
36128,8979.787499746259
36129,7840.400243140033
36130,5217.34038414483
36131,9307.886622883667
36132,10998.583742065213
36133,6131.096052442919
36134,7784.868878421739
36135,5351.973596060411
36136,6719.7433759054775
36137,4360.962395834957
36138,7552.714253579115
36139,5509.515017000264
36140,8917.621521325607
36141,7011.512163288714
36142,9067.603393143432
36143,8515.896908384402
36144,5670.791959397802
36145,8984.586299958182
36146,19163.868359480282
36147,10965.058241950686
36148,5911.900568540826
36149,3113.267231520065
36150,6442.1518739800995
36151,9328.52466152207
36152,5936.140859481478
36153,12059.297465573816
36154,18647.02541055429
36155,3954.714297661348
36156,5309.794926599968
36157,9655.085407992727
36158,5026.05397223801
36159,7983.833001597579
36160,6730.759989837906
36161,7679.577443902438
36162,3581.281288497125
36163,6688.782458117219
36164,6523.623547091483
36165,7524.74998357929
36166,9709.291332754492
36167,6525.138398981775
36168,5973.088349110208
36169,6809.139436621631
36170,5277.733871070093
36171,5043.209805134159
36172,7778.380375688976
36173,5771.791685221452
36174,6191.406689453372
36175,7204.373091315133
36176,6015.520489620049
36177,5645.905862593507
36178,7245.923709728503
36179,7055.24932918065
36180,8819.591135492668
36181,7897.723354241779
36182,7406.383428355219
36183,5627.646311697402
36184,3885.724786641256
36185,7113.321656671085
36186,6545.107029145206
36187,6020.461224061513
36188,4582.631184489117
36189,9178.468585281642
36190,7286.472964139695
36191,9497.74910004522
36192,6793.5618944343005
36193,5878.244338090193
36194,5621.8458968825535
36195,4832.473316589181
36196,9878.657744151542
36197,5238.564769825157
36198,8178.464305720739
36199,14696.947502240695
36200,7684.421589840485
36201,7738.35916554558
36202,5232.889110010428
36203,4604.814562217496
36204,7298.7512318199315
36205,4314.980099725317
36206,5841.481599375804
36207,9970.216807269118
36208,5527.787666007923
36209,15690.739134556232
36210,13682.609942371571
36211,5207.947003080324
36212,6919.210959724921
36213,5621.31689800398
36214,6824.986868921163
36215,5576.369090193163
36216,11366.736205948608
36217,7828.462045345793
36218,9308.503176619362
36219,4633.405082761101
36220,7409.868389300022
36221,5087.407979424143
36222,9050.341516058726
36223,7039.979904257857
36224,6319.224158923536
36225,6654.862002928082
36226,5695.5127991930885
36227,8421.63352673096
36228,9685.50841875412
36229,6152.143417556061
36230,10178.73325787721
36231,6746.100107680655
36232,9719.567739698852
36233,5383.898460210922
36234,5520.899541203179
36235,5484.853370921515
36236,10591.496068611395
36237,6765.896790592131
36238,7779.03653655092
36239,7159.453001938056
36240,8981.911300073718
36241,4685.640812290369
36242,8835.60558190799
36243,6627.147417059313
36244,4292.6727670943565
36245,14543.446774333308
36246,17493.93001921863
36247,7353.001874507511
36248,7424.888946562806
36249,9305.5926727914
36250,10553.269722554533
36251,10992.003628626908
36252,5889.504425189472
36253,7469.254430156169
36254,5983.592056249758
36255,8529.466075299526
36256,4023.22828410968
36257,6396.321315260348
36258,5639.770109257021
36259,5718.820585111467
36260,7471.558091001638
36261,5193.473657906388
36262,4660.249999025409
36263,6929.178210917761
36264,4115.972393700789
36265,4712.6741357665305
36266,5853.536623910966
36267,6572.230780926962
36268,9429.409493199055
36269,8654.09062340417
36270,7104.868185586681
36271,6548.139390690349
36272,6545.906250752235
36273,11125.96980356373
36274,7516.550064917067
36275,5718.660042359252
36276,4960.830114158013
36277,9435.848491036037
36278,4315.739406904396
36279,7170.183790817835
36280,3595.651394404642
36281,5227.737503857467
36282,7841.302253300181
36283,6173.918583347869
36284,5680.617864063379
36285,9211.899372159023
36286,9718.597381058316
36287,11505.646712384083
36288,6240.156533515536
36289,9929.46951892712
36290,3112.4540919647616
36291,5583.323128350194
36292,6428.840146567816
36293,4594.305343145415
36294,8326.518539031045
36295,5507.03756765365
36296,5137.975126004905
36297,8813.42384484339
36298,10789.571221674854
36299,9533.62476640034
36300,5387.985459755818
36301,5706.7238144205985
36302,10980.072328327125
36303,7655.611817562297
36304,6257.1748188677575
36305,5509.817020301453
36306,7096.537853889216
36307,9968.654306237722
36308,4757.037826421498
36309,6205.509766542896
36310,8136.808321919826
36311,8298.687593582212
36312,13793.003189042996
36313,5835.595740994463
36314,13031.209515512339
36315,7047.686755705939
36316,5129.3536206812505
36317,3890.480312345554
36318,6348.575211882526
36319,6238.377535003539
36320,5922.42947660547
36321,8046.864644734699
36322,5026.370536577032
36323,4551.505136594311
36324,7324.763533313346
36325,3675.1483002554983
36326,7863.230322270683
36327,7096.051415051326
36328,8075.430443404272
36329,8728.137242098765
36330,5406.160562729643
36331,9256.604446952972
36332,6375.434167849424
36333,5789.822029644989
36334,5692.0718028479105
36335,5564.5058454324935
36336,10757.585522136107
36337,6744.198319141584
36338,5108.422842597422
36339,7696.151683863866
36340,8804.064496026707
36341,7423.0998917883535
36342,6268.008027636186
36343,8337.702943524782
36344,5311.852459940879
36345,5593.104297128004
36346,6241.690033110442
36347,9252.424365905468
36348,6643.930779743394
36349,6578.746574488192
36350,5808.039277243631
36351,5496.206266849582
36352,4395.534251618675
36353,5627.906628931267
36354,8577.160875596133
36355,9425.536154932537
36356,10763.942900615511
36357,11182.120009579678
36358,8404.000192396861
36359,7202.9717714224835
36360,4955.2225273730755
36361,10706.832750522364
36362,10966.048679021997
36363,7609.468330134114
36364,8176.198558142617
36365,8778.229760554294
36366,5770.745443075339
36367,3908.1014777312553
36368,10736.8697722722
36369,6772.202073533123
36370,6902.37161838801
36371,6400.518133268653
36372,3100.26085912001
36373,11578.765790902022
36374,6041.657667900412
36375,5336.542597377442
36376,4700.484345375778
36377,5299.791509525385
36378,6696.0877769646695
36379,8405.94039276677
36380,6827.992785535672
36381,5028.528009896767
36382,4951.48743675753
36383,4327.719380737647
36384,3315.289784976062
36385,7352.474132698207
36386,17951.269686084433
36387,4928.659444819295
36388,5846.902818555432
36389,6827.9883513893255
36390,5604.474127339967
36391,5597.407791283672
36392,5026.1627609500565
36393,4438.850624543519
36394,7593.588957825366
36395,7257.418806549317
36396,4130.675898040547
36397,8828.181546232105
36398,5853.012177757231
36399,4790.2404061642255
36400,9479.462121709079
36401,8421.410189591837
36402,9889.247213887651
36403,5710.224031467475
36404,7363.853201000585
36405,4811.891578971048
36406,5324.172024422562
36407,15188.231827485231
36408,10116.710570853762
36409,6568.2048654394885
36410,6063.467123249016
36411,5046.5857463883585
36412,5773.262122989054
36413,4931.4341786709565
36414,10700.482777967753
36415,5273.191228477482
36416,5660.713254406882
36417,7696.705987249884
36418,4949.520174453702
36419,6310.744766853376
36420,7239.489141792975
36421,7993.731411555614
36422,7285.3994982703025
36423,4242.10397012114
36424,5619.865856933614
36425,7013.449855235007
36426,9408.798355251345
36427,8737.20026965165
36428,7182.06977121763
36429,4825.979320464078
36430,7925.63020385129
36431,5991.405225224895
36432,4654.846248829206
36433,7317.522672899341
36434,7475.396490954088
36435,6540.691227766196
36436,6157.49090675299
36437,6539.856689938179
36438,6516.223475128585
36439,5750.825506538569
36440,6949.37672635975
36441,7144.664181843398
36442,6137.500407847288
36443,9314.12254395645
36444,6081.182570418163
36445,4965.736834033483
36446,12128.41742219998
36447,6278.924891675826
36448,3667.131959358973
36449,8256.18822628147
36450,8668.302798164976
36451,11192.310882563292
36452,4905.2922128266255
36453,6047.834061383817
36454,6169.123404966857
36455,7564.263037092112
36456,6274.4579995346685
36457,8913.261999599377
36458,3433.8561105093518
36459,6806.799255753713
36460,6184.267224396896
36461,5603.477493007638
36462,4928.280863533137
36463,6961.142974262253
36464,8630.121218758353
36465,5644.201958897112
36466,8506.789402492068
36467,7065.755003987829
36468,8769.598505130436
36469,5008.432631407354
36470,6760.098865468812
36471,6411.517281543859
36472,8269.352466104869
36473,8906.163158389825
36474,4978.916874934558
36475,7790.466815146214
36476,7622.196288520142
36477,7498.625995418388
36478,4930.296465479662
36479,4334.296514928574
36480,8286.733171543674
36481,6428.13799145721
36482,8629.626167936378
36483,7382.037720508975
36484,5870.24209214536
36485,8093.140572928814
36486,6772.727734456918
36487,6977.574843990158
36488,7902.439997412276
36489,5921.357241932141
36490,8715.966801924302
36491,10889.357749508627
36492,8000.831938685006
36493,4855.371823507231
36494,5845.721740264243
36495,4775.805300184819
36496,3466.089134700327
36497,8405.721421453076
36498,5787.690987269255
36499,8787.834354536588
36500,4704.753830838869
36501,7260.889213827891
36502,6377.953572747327
36503,9888.132064981231
36504,5203.9247903102
36505,5608.3655147580375
36506,5791.576438427278
36507,7237.638900105908
36508,5437.00514583945
36509,7715.426861106803
36510,7625.55416106961
36511,10096.568745607165
36512,7692.61984044616
36513,7197.4241531066355
36514,5943.843582256202
36515,4612.253515039679
36516,5392.678591652021
36517,10980.385575244185
36518,9469.333042853797
36519,8010.742872026922
36520,14802.17070494733
36521,6105.774528327444
36522,5204.016841561282
36523,6372.223799561101
36524,8627.033711594204
36525,9984.646217453601
36526,7147.479004182548
36527,8175.381460821578
36528,8072.085077702302
36529,7205.5514881615345
36530,6534.539081343628
36531,5839.168348760548
36532,5086.886018215876
36533,5319.43364071669
36534,4060.2296955376455
36535,5663.396659452657
36536,8820.709525099282
36537,17222.984794501874
36538,6656.854598873175
36539,5224.147554892678
36540,7606.064627052048
36541,4294.087638549305
36542,6406.563533879592
36543,4594.926086507045
36544,9158.35753613215
36545,6672.94739027936
36546,6575.932295498327
36547,13640.03748398111
36548,11244.976410327157
36549,5621.345875025941
36550,6950.027306220962
36551,4187.237829816815
36552,5348.751532370898
36553,5485.748519820675
36554,9106.123408275753
36555,4906.890847085799
36556,4497.022083514681
36557,6058.247128154843
36558,5731.486290139329
36559,7053.002593400707
36560,7238.497336835856
36561,3636.003896933405
36562,7451.739181459282
36563,7789.795772467687
36564,7923.373096233239
36565,4905.423948945518
36566,4526.6949634163875
36567,7803.583619099991
36568,4565.078529978397
36569,9593.549915011752
36570,4843.012036973765
36571,5845.6083993935
36572,7051.924418567654
36573,5998.856426896513
36574,4697.394938015503
36575,6267.170232926205
36576,7375.888586408037
36577,9336.69474003575
36578,9877.58186799583
36579,6063.785451323879
36580,3898.6265923684005
36581,5566.5364946521895
36582,6566.56099337746
36583,5101.647942024864
36584,6606.2036414868935
36585,5893.256275588685
36586,11582.622428663724
36587,7967.757916868625
36588,6266.140441172771
36589,7570.620234560318
36590,4708.146027590811
36591,9361.477835201662
36592,5864.81327346771
36593,13079.888962592604
36594,6399.339588871846
36595,5530.691484011308
36596,5333.9566381213235
36597,4093.2829045788685
36598,7355.713848701987
36599,18942.68791056049
36600,4527.583261337112
36601,5061.042908419581
36602,10010.412529041883
36603,6728.209718771448
36604,7070.933150883488
36605,8062.260395337929
36606,6313.6090220503065
36607,5131.3329999879425
36608,4655.422990903892
36609,9633.938524092562
36610,6161.172731207613
36611,6945.826469453668
36612,7636.80308332472
36613,4684.050503814843
36614,7389.259148920095
36615,6090.655547934073
36616,4250.533934474903
36617,8715.420491528754
36618,9158.56588263256
36619,4498.64384023719
36620,7581.054858943385
36621,7346.635590647444
36622,5023.442744397487
36623,9291.371219794697
36624,6682.506216542204
36625,7890.070000241572
36626,4671.294621240733
36627,5385.173982813909
36628,6575.56474880227
36629,4389.808712300137
36630,7825.355278674507
36631,4556.313272136819
36632,6136.9881526790505
36633,4867.5701115171305
36634,6241.623043546451
36635,6073.600693288519
36636,6931.654159798958
36637,7227.6343495900255
36638,8153.03679267245
36639,5955.721852925308
36640,7594.335943896335
36641,6509.451609485555
36642,8616.315388149935
36643,9380.400924744317
36644,6838.528203438032
36645,3752.1618835022823
36646,5944.072342085799
36647,7244.725879344177
36648,4196.577114381578
36649,11367.53250689819
36650,5963.822800737599
36651,7117.914450200837
36652,10899.298965661359
36653,7023.255264237223
36654,4487.810153440384
36655,11465.4385595446
36656,10030.087904130323
36657,5654.9952981519755
36658,9034.000230165442
36659,9904.636106025002
36660,6128.033224620178
36661,5238.012288627733
36662,7004.511898324197
36663,5793.859276975736
36664,5791.743579371078
36665,7047.144548136975
36666,4884.095558774368
36667,6642.115774824147
36668,7435.659741120134
36669,6916.949587407973
36670,8261.082542149954
36671,5838.464778044714
36672,7025.438786066201
36673,5112.042664324265
36674,7812.636191567552
36675,7088.773797426406
36676,6285.059478597653
36677,6681.2345918689925
36678,7190.382427572335
36679,9122.96019886484
36680,5770.41038221975
36681,5227.075581595844
36682,6304.293283500542
36683,7357.843637979633
36684,6840.58697238448
36685,4659.392262581944
36686,4305.382071016501
36687,7627.059676159095
36688,6852.324852956215
36689,5826.074363492761
36690,8133.694610163381
36691,6481.500721100405
36692,6990.672378790431
36693,5196.3543282164
36694,4156.756759405101
36695,7049.802636183498
36696,6649.817330958845
36697,6870.95202703112
36698,9773.536407139554
36699,8842.696692871408
36700,4803.418833177404
36701,8825.829569934205
36702,4128.335682022092
36703,3267.058292280274
36704,7895.385472836406
36705,11882.907743895626
36706,8198.678324033583
36707,7260.036136350326
36708,4916.017338324923
36709,6924.7928565525135
36710,9155.44029566342
36711,6304.34476036118
36712,8068.377508049569
36713,5432.085831390253
36714,4680.327205369907
36715,5435.994882440579
36716,5365.190534921709
36717,5628.572754197329
36718,4778.099701151985
36719,5345.057894723943
36720,4379.7689855369645
36721,7285.605296020643
36722,7319.816808861033
36723,5607.127779790222
36724,6245.499058454476
36725,7109.798346726985
36726,5820.158934110752
36727,4940.214181151215
36728,9224.744200570733
36729,7991.505488658895
36730,6152.9870555374
36731,3858.402558033227
36732,11759.077223179791
36733,6548.069855646019
36734,5706.927770753238
36735,8623.923321018321
36736,8044.054749608786
36737,7483.35001446759
36738,6077.395727757327
36739,7237.249752097286
36740,9309.3405449254
36741,13936.977104314532
36742,5186.462831457961
36743,4714.8934076552005
36744,5401.368213429388
36745,6896.57891659637
36746,6294.6798605539725
36747,9262.001068288924
36748,8910.32639537368
36749,5965.637438011856
36750,4320.711115271785
36751,5858.4638608905125
36752,10313.48185674983
36753,5026.626614478689
36754,7340.263147323243
36755,4122.48523847312
36756,7790.714056660677
36757,7809.113863102664
36758,7514.156616598296
36759,8185.856688057067
36760,6669.285151720322
36761,4482.882704777458
36762,6434.353697618705
36763,7483.421143206085
36764,8444.541533408235
36765,7594.228122993389
36766,7803.043259310285
36767,6635.802215160175
36768,4636.380349848295
36769,9826.744164095397
36770,4406.540664204691
36771,10461.684413064784
36772,6140.884298926426
36773,4544.360726862367
36774,7174.676836723352
36775,6133.39901403608
36776,7528.728992314865
36777,8512.627839710683
36778,4400.900376430181
36779,4564.584416052194
36780,7781.943075080835
36781,8689.715506674342
36782,9803.571694075395
36783,5695.158599731219
36784,6215.741331660935
36785,6930.369518728442
36786,6347.4080835968925
36787,5379.605298451122
36788,9685.099759115452
36789,8681.089523361246
36790,11256.911373870018
36791,4494.430625302435
36792,6154.862413220588
36793,9275.27360095117
36794,8483.090608959306
36795,5457.735290042937
36796,10234.028221368208
36797,6752.186323493803
36798,5602.36039457996
36799,5455.882114281448
36800,5392.004691038098
36801,5176.179761081821
36802,6286.557038824196
36803,4980.135205410875
36804,5100.548359990671
36805,9218.647691920705
36806,6939.452677518737
36807,21818.912208633647
36808,6859.779275396595
36809,4677.778860606695
36810,7610.404927379868
36811,9828.741057946929
36812,6296.0269242015775
36813,7013.213076092612
36814,5402.766944696776
36815,8417.832881740358
36816,8091.1668275981065
36817,5225.108099094248
36818,5696.190064883971
36819,6982.3418795024345
36820,8165.5762327708135
36821,6969.0531108770665
36822,8182.155271352804
36823,5820.995623772416
36824,4604.267924785518
36825,5676.801925302796
36826,9998.378040850524
36827,11050.474872567516
36828,10385.957940055858
36829,8116.489432097398
36830,4733.592277161237
36831,5949.804804327622
36832,4370.887391082589
36833,8404.602512179561
36834,11016.332502234514
36835,9296.221513781507
36836,6006.287539191483
36837,6248.111157215632
36838,4426.128694093383
36839,5999.935679624347
36840,10981.172842214026
36841,6733.493081655825
36842,5247.579250044044
36843,5626.365502623796
36844,7844.650614804507
36845,3644.532240099532
36846,7583.5291124523865
36847,4433.856359342182
36848,6716.397848791776
36849,6980.825445716147
36850,5850.376008577793
36851,7572.451325202537
36852,6860.388142772079
36853,5030.196400383656
36854,6875.808245103862
36855,7391.006052211232
36856,11138.179800768732
36857,6036.634614975111
36858,8456.63394866475
36859,7929.556061111083
36860,9226.109126949419
36861,6723.327830468943
36862,9600.626276991306
36863,4770.64370696727
36864,4861.976589194269
36865,6529.5121426952455
36866,6267.578160110258
36867,9287.621598752541
36868,7816.119244338472
36869,5611.120961237692
36870,7377.1916098275415
36871,6622.814768283022
36872,9725.111176875462
36873,3871.648098433092
36874,13923.920584654947
36875,5126.667959707537
36876,6019.188248352262
36877,8643.138674452912
36878,4784.3964848360365
36879,6618.21817805484
36880,6130.23104562838
36881,7687.913794783504
36882,5446.862904542555
36883,5587.707185057479
36884,8056.0567273287525
36885,7672.026325916088
36886,7636.85016188202
36887,5158.620276582097
36888,7000.544833275466
36889,11528.889307876845
36890,6565.374896083661
36891,5197.631692531814
36892,6915.649319051349
36893,5771.182854800985
36894,6149.421093241287
36895,7353.590412052727
36896,3956.813505217445
36897,8074.232410741191
36898,6152.392344786101
36899,7032.8777111348
36900,9439.153502018236
36901,4552.053789095792
36902,5760.557472867408
36903,5359.602697396117
36904,8020.383434790907
36905,8994.599497592188
36906,5074.042931048061
36907,4311.433885297887
36908,7019.273270167534
36909,5895.366455937089
36910,6058.0603664201135
36911,7771.9511027143635
36912,6604.261032814518
36913,7750.82185758204
36914,5618.657014226702
36915,4551.736900846526
36916,6436.544892918687
36917,7863.21387190932
36918,8157.915229678996
36919,8333.849103679306
36920,8436.114804371344
36921,5724.387367812225
36922,8942.08470568888
36923,5877.23731333186
36924,7622.273939110662
36925,9261.939662477855
36926,6881.673207082205
36927,10121.803457617743
36928,8478.758413033058
36929,7897.638967408456
36930,5962.288814580006
36931,7194.828913941303
36932,7934.226217996451
36933,6573.788080766912
36934,4036.054433432133
36935,5618.197187360052
36936,8087.311910972999
36937,6123.142211346877
36938,4513.070159870653
36939,8842.709337698294
36940,6654.0800267362865
36941,5900.160873874247
36942,5727.382652911763
36943,5438.232390025364
36944,7719.427440277524
36945,7107.64066708471
36946,6868.865473787288
36947,5564.274927499396
36948,4980.912236523848
36949,6715.763868475686
36950,4076.9344876102828
36951,6512.163925063291
36952,5318.096717764589
36953,8769.869956589226
36954,7262.546483662407
36955,6356.691581256519
36956,11220.75784749942
36957,5928.204036764146
36958,5117.0028256435435
36959,11258.725790686096
36960,6978.408298099055
36961,8420.916308488573
36962,7618.578443214013
36963,5130.6982050706065
36964,6112.908151249527
36965,5528.812480992434
36966,8137.041671815666
36967,11794.768895626888
36968,6743.592575255322
36969,3573.8808749467426
36970,5257.503883951784
36971,8557.288161690616
36972,9190.664657313055
36973,6816.833493758461
36974,7282.2538951432725
36975,4802.871136330459
36976,5330.364280622785
36977,3262.5107627247244
36978,5071.706708220226
36979,6204.06897031805
36980,7239.134365400927
36981,6962.832701158755
36982,6332.068120810332
36983,8321.402223321491
36984,8747.907513474283
36985,7887.017087989061
36986,5182.957727756501
36987,9358.041456600105
36988,11344.964887810367
36989,6043.6920092234695
36990,7789.79241031113
36991,5314.9831111770945
36992,6817.334836952443
36993,4235.865434992967
36994,7617.041463695688
36995,5595.578147852819
36996,8932.402530632098
36997,7067.456530337775
36998,9145.876756026952
36999,8591.957843956834
37000,5473.231109716084
37001,9089.69444204685
37002,19253.0535650163
37003,10998.881666430132
37004,6080.874763278195
37005,3168.2728272337727
37006,6376.010978066867
37007,9636.019038372464
37008,5837.8126826773005
37009,11699.394663463678
37010,18304.245471746057
37011,3962.7274514017977
37012,5249.81654673078
37013,8680.141812885948
37014,5148.3080806057405
37015,8210.955585291162
37016,6708.053054017841
37017,7666.959394411768
37018,3452.5094253526217
37019,6875.9384817408245
37020,6590.251177418238
37021,7531.1545833393075
37022,9719.61923709419
37023,6286.669024558986
37024,5862.0190500521985
37025,6759.282478058331
37026,5309.302584458032
37027,4975.651472820887
37028,7857.5777596743055
37029,5716.526825331368
37030,6170.763122431082
37031,7299.355415615665
37032,6061.220763225646
37033,5853.571028153321
37034,7259.248689112841
37035,7128.879128393981
37036,8656.2685798101
37037,7936.9949737796705
37038,7367.263170884764
37039,5641.811575011468
37040,3860.1120173426316
37041,6983.211443759385
37042,6581.456001492499
37043,5960.9270518363755
37044,4588.148981154293
37045,9343.3188264212
37046,7226.286537355738
37047,9409.089776035911
37048,6848.519478782076
37049,5766.375614744484
37050,5505.751266235659
37051,4760.612364817608
37052,9886.991291786071
37053,5183.836095792097
37054,8116.804988650746
37055,14942.59171619604
37056,7532.612690160495
37057,6840.17945303411
37058,5017.65838477792
37059,4646.368713474102
37060,7262.694098947883
37061,4286.056828479885
37062,5814.50960031019
37063,9952.123974135016
37064,5471.515928795045
37065,15495.761599312193
37066,14035.206058462281
37067,5031.370255291591
37068,6816.226758315253
37069,5506.025095845854
37070,6774.529578993995
37071,5652.030553957985
37072,11319.67209304661
37073,7563.528143580499
37074,9405.180083460387
37075,4670.785657642833
37076,7344.799001702115
37077,4900.488038000598
37078,8885.135288712374
37079,6853.230443035967
37080,6248.800782356038
37081,6551.16694547881
37082,5502.069085479669
37083,8498.2785644465
37084,9606.400465807108
37085,5987.752956397302
37086,10357.284569555704
37087,6613.900645557781
37088,9841.06740576333
37089,5240.024407218134
37090,5451.321917182021
37091,5450.885139254559
37092,10777.82624416153
37093,6607.030902610203
37094,7650.616335538595
37095,7274.518885569282
37096,8974.54268083642
37097,4609.5920135012475
37098,8741.218623290562
37099,6628.125890124845
37100,4287.936454883081
37101,14997.484751967195
37102,17018.85609695135
37103,7388.077055904431
37104,7453.527342494235
37105,9520.76553956071
37106,10609.30858748029
37107,11107.5402767273
37108,5877.904891001507
37109,7501.570802553528
37110,5978.65147084655
37111,8476.429662479337
37112,4062.5971238505163
37113,6433.583322707538
37114,5612.170064218633
37115,5687.566893481972
37116,7540.512132355619
37117,5165.45655738114
37118,4735.138050919603
37119,6758.241559952246
37120,4007.1825265759926
37121,4709.488411342908
37122,5781.104581479964
37123,6901.348821239138
37124,9473.995141045525
37125,8628.997086542673
37126,7113.7613837985555
37127,6385.0004456523475
37128,6481.699239215077
37129,11257.685657124193
37130,7532.967385763323
37131,5669.031144321163
37132,4974.343042164409
37133,9192.938788432293
37134,4291.762211193536
37135,7240.065748240695
37136,3508.3629490028893
37137,5340.936344294946
37138,7951.1072878774185
37139,6157.160538636273
37140,5498.442024680513
37141,9087.698917508429
37142,9713.087164808065
37143,11643.666651067288
37144,6145.887015011754
37145,9601.238988392835
37146,3183.930796539595
37147,5555.636378829349
37148,6394.921674344857
37149,4562.00178551922
37150,8410.747060402871
37151,5525.162264256769
37152,5189.14664404231
37153,8939.537384291367
37154,10996.247256777271
37155,8720.855500436224
37156,5342.423257718242
37157,5427.576243251789
37158,12108.09790907403
37159,7741.175799383728
37160,6345.63404158127
37161,5352.687571267712
37162,7074.787848049374
37163,10114.948742839144
37164,4866.680349788268
37165,6231.571978514604
37166,8063.74153718984
37167,8301.985462581059
37168,13708.033264481286
37169,5670.639124351145
37170,13152.3531792921
37171,7036.1872443149105
37172,5134.320279446205
37173,3739.0426720851165
37174,6487.592462877221
37175,6229.290460065296
37176,5756.8264702084725
37177,7626.12459459893
37178,4987.166071532113
37179,4500.627995824756
37180,7243.413011434318
37181,3753.073144433677
37182,7960.063579791794
37183,7102.669811807586
37184,8119.172968862932
37185,8819.219743074163
37186,5322.4123842210165
37187,9251.38321578847
37188,6360.740206195002
37189,5779.3955028378705
37190,5608.249760340902
37191,5694.103266879607
37192,10937.433005356454
37193,6788.786774157478
37194,5144.1645711477595
37195,7882.822223234343
37196,8713.946385876723
37197,7346.626228230483
37198,6275.422548045104
37199,8510.878950897171
37200,5287.414479569903
37201,5445.501637081472
37202,6250.179080151304
37203,9034.321143679697
37204,6565.089862641374
37205,6372.06732290317
37206,5753.251980934672
37207,5415.337500480185
37208,4463.290122253346
37209,5247.58476636401
37210,8421.588968602131
37211,9317.212780103613
37212,10809.05600212502
37213,11105.249148951085
37214,8239.598528109938
37215,7172.751014311235
37216,4894.312771555206
37217,10797.858032609256
37218,10994.610350806575
37219,7723.684401595805
37220,8238.404017623232
37221,8854.692221166084
37222,5819.980167992694
37223,3951.9602314805074
37224,10869.94969577589
37225,6775.518985104125
37226,6981.290237209209
37227,6360.545656725956
37228,3180.386902945469
37229,11695.325806743149
37230,5957.4697871826065
37231,5367.270859490006
37232,4609.996031915491
37233,5308.774037227284
37234,6727.060531458927
37235,8686.160909558375
37236,6671.432355239578
37237,4987.823490714793
37238,4940.246059892825
37239,4524.607187228644
37240,3219.1269272623517
37241,7272.21967429282
37242,17951.85517355448
37243,4973.68628270228
37244,5741.993963590997
37245,7029.778580189668
37246,5483.970841888354
37247,5624.886542254652
37248,4931.2159774517195
37249,4624.607205514222
37250,7520.657515255183
37251,7207.220790717446
37252,4196.199366891373
37253,8946.11793382658
37254,5941.035429335592
37255,4781.75674118688
37256,9410.587573014156
37257,8511.81338348487
37258,9963.130103583795
37259,5736.85407068772
37260,7381.370321396992
37261,4836.85805010374
37262,5331.341816487383
37263,15707.614150498857
37264,10001.212441861919
37265,6402.25961779236
37266,6079.668473656843
37267,4979.124627498621
37268,5674.659260554251
37269,4617.404327502986
37270,9665.919056863595
37271,5342.422528894899
37272,5749.266412346755
37273,7436.7787298655785
37274,4886.102944380527
37275,6329.156759175338
37276,7308.662329744375
37277,7850.929336288744
37278,7193.485055401879
37279,4368.392344177897
37280,5626.0349199244365
37281,6853.854195129254
37282,9578.0426929342
37283,8740.193416022728
37284,7121.1572148565365
37285,4883.033495069791
37286,7965.3715582204795
37287,6084.829522710085
37288,4548.595112865647
37289,7283.306463466081
37290,7463.124798854334
37291,6563.472700321718
37292,6137.6614431334565
37293,6532.501697059883
37294,6532.921626638771
37295,5772.123377373728
37296,6898.723354049626
37297,6919.729073478926
37298,6212.669097425003
37299,9198.565851350508
37300,5906.657237487192
37301,4995.49413933104
37302,12229.25044050708
37303,6198.16729554221
37304,3946.3049499517488
37305,8340.272060443847
37306,8653.441037411423
37307,11270.26619747294
37308,4945.6603564801335
37309,6004.559739584499
37310,6190.496811330434
37311,7627.963059894999
37312,6198.662469852949
37313,8906.762111987931
37314,3420.66165506063
37315,6950.1621272401035
37316,6198.27181491631
37317,5725.5451497039885
37318,4969.338581996304
37319,6966.684375096945
37320,8884.642961024441
37321,5604.798563069151
37322,8787.905798866073
37323,7023.540429453294
37324,8784.962738829208
37325,4848.017744152745
37326,6693.16733360091
37327,6334.230490867331
37328,8051.793808589978
37329,9279.727285885152
37330,4140.219060430628
37331,7655.272485308411
37332,7590.014786759059
37333,7385.139436750396
37334,4956.47681968392
37335,4327.985468222809
37336,8369.373701395281
37337,6482.66295004999
37338,8759.790380140485
37339,7166.034991539823
37340,5859.0735075106195
37341,8053.086861893912
37342,6939.837486680902
37343,7093.179883696319
37344,8046.773814196113
37345,5880.439233865592
37346,8756.254926261146
37347,10915.46810992753
37348,8090.354944226587
37349,4856.107583697721
37350,5888.109124187497
37351,4741.404063981628
37352,3530.95233228344
37353,8465.505018808382
37354,5632.346990757921
37355,8873.814849816426
37356,4686.909646954204
37357,7094.785341707479
37358,6379.435521829426
37359,10191.058976016027
37360,5062.42065126467
37361,5562.256591028349
37362,5878.270209658393
37363,7327.302451187783
37364,5301.148814080197
37365,7621.111344895557
37366,7499.636968935716
37367,10193.748467972902
37368,7567.133896605766
37369,7195.856610072411
37370,5715.191997659866
37371,4657.181857846618
37372,5129.3400914609
37373,11128.547683597459
37374,9507.092248326104
37375,8022.377749582153
37376,14658.150358534125
37377,6117.748671829041
37378,5189.447274768423
37379,6518.440096891486
37380,8654.345463387297
37381,9960.11798193631
37382,7113.84396276857
37383,8108.548156640716
37384,8166.454945292587
37385,7313.270020030271
37386,6457.835496920544
37387,5738.34618573746
37388,5038.5924688216965
37389,5259.087967347413
37390,4173.847321704492
37391,5657.419295863771
37392,8939.50317819312
37393,17433.412276679388
37394,6670.999579642571
37395,5174.8759385123385
37396,7771.505348900282
37397,4228.121566174956
37398,6314.394988546927
37399,4376.505427678678
37400,9062.75136307712
37401,6660.396530082661
37402,6464.977069229081
37403,13818.409304988867
37404,11185.372056772572
37405,5617.399181243589
37406,6828.905794701787
37407,4117.972418114899
37408,5376.9288693761155
37409,5558.42308513502
37410,8966.482159268904
37411,4998.592858426384
37412,4397.785587045555
37413,6165.573560250866
37414,5634.741740717067
37415,7161.625068163607
37416,7188.664639498575
37417,3537.4950551198167
37418,7371.282384565163
37419,7866.503022401288
37420,7886.982131009878
37421,5032.243453621698
37422,4743.794087333984
37423,7827.624245910381
37424,4584.887480048412
37425,9593.827715120631
37426,4723.360392742314
37427,5824.221351735325
37428,6952.959654281067
37429,6026.933253433695
37430,4627.198481043366
37431,6179.8446191269595
37432,7475.076842789656
37433,9442.979045107535
37434,10041.33739692785
37435,5960.5076446972425
37436,3915.9547479518196
37437,5616.402453928934
37438,6655.283519764212
37439,5088.992302530124
37440,6674.0510577140385
37441,5934.2078369687215
37442,11517.969258284073
37443,8158.073242050311
37444,6178.25301524709
37445,7530.07160401622
37446,4783.078259148472
37447,9359.505359766614
37448,5910.511921241752
37449,13298.723140584822
37450,6418.3606544279955
37451,5515.470880809699
37452,5352.66610683819
37453,3979.1221576802814
37454,7423.210255899131
37455,19069.289779439972
37456,4622.815384074197
37457,4922.313543653836
37458,9971.849320296713
37459,6820.74946108966
37460,7025.81100829419
37461,8141.877077706458
37462,6377.128917940467
37463,5133.12412553338
37464,4721.696893131391
37465,9668.774013121256
37466,6059.022829182063
37467,6960.646039995172
37468,7620.685212371497
37469,4750.3410336834295
37470,7391.133601108777
37471,6037.953409949195
37472,4262.5296527938035
37473,8725.086501575357
37474,8895.748696673701
37475,4492.268655994701
37476,7594.111339621816
37477,7279.6314147803105
37478,4897.006129358037
37479,9328.827789372152
37480,6601.055192240989
37481,7821.805237365394
37482,4565.357922766716
37483,5319.791213131822
37484,7098.812413846477
37485,4216.091799998316
37486,7793.016318164414
37487,4847.489440345337
37488,6197.951558550462
37489,4872.586643827688
37490,6244.809928434084
37491,6161.531859317771
37492,6930.545572583777
37493,7075.622570766132
37494,8045.236239952258
37495,5791.647501543633
37496,7614.192681029034
37497,6555.190535211097
37498,8965.24786357113
37499,9407.207639976807
37500,6800.027665728992
37501,3716.237467129326
37502,5958.689520270259
37503,7303.1666322944375
37504,4293.361691520984
37505,11329.582240792608
37506,5981.360709425824
37507,7284.59502464597
37508,11065.624613198366
37509,6840.387129580544
37510,4492.768419825778
37511,11406.523177675635
37512,9963.245073370357
37513,5635.771680293264
37514,9194.580223860401
37515,9729.90833949428
37516,6049.5750348871115
37517,5371.317174407994
37518,6974.486648483529
37519,5732.488609164902
37520,5816.912899391446
37521,7043.353680730154
37522,4883.341619936828
37523,6741.809601202354
37524,7401.642799420467
37525,6949.863106760944
37526,8356.387428967953
37527,5858.6722667192935
37528,7077.231639529992
37529,4816.213615076799
37530,7596.841406474288
37531,7041.636749793707
37532,6037.582698180476
37533,6780.4398189391495
37534,7179.710068939636
37535,9215.1095218913
37536,5802.556357766748
37537,5303.884198999567
37538,6237.740804380833
37539,7180.880340713145
37540,6914.867386213723
37541,4628.42383171843
37542,4356.53256159938
37543,7938.570303850291
37544,6768.561283404077
37545,5823.831473109807
37546,8172.102116782098
37547,6366.600519652205
37548,7285.272870209081
37549,5192.3833576072975
37550,3826.2098070151023
37551,7086.2120024364895
37552,6721.002509564106
37553,7072.55517142243
37554,9842.107125562461
37555,9162.371631076385
37556,4861.865783383586
37557,8467.062255575049
37558,4238.083936213799
37559,3321.119809688642
37560,7988.272489481189
37561,12184.698927807263
37562,7818.311178883476
37563,7251.591272191833
37564,5067.103784737425
37565,7025.652089763523
37566,9379.367936688383
37567,6441.518052031015
37568,8062.359627470403
37569,5461.02925452803
37570,4706.645796968657
37571,5451.107378470664
37572,5257.096263467815
37573,5632.623810686443
37574,4778.840992705221
37575,5260.493659689906
37576,4417.738285121221
37577,7304.433218082315
37578,7558.502318903824
37579,5612.16409400025
37580,6182.785659620041
37581,7121.184314308642
37582,5889.053679886621
37583,5022.242837271759
37584,9152.848492623229
37585,7961.600781717092
37586,5939.954338557746
37587,3963.8786458892114
37588,11767.555332430655
37589,6342.93437467092
37590,5731.605937596718
37591,8694.298554650948
37592,8489.516399908152
37593,7463.281565050063
37594,6041.436771234578
37595,7236.038674631174
37596,9540.779193546903
37597,14228.911785121707
37598,5305.314019275158
37599,4919.799603899153
37600,5248.7223032466945
37601,6837.73050194999
37602,6078.8914744314025
37603,9698.467078123045
37604,8913.782128353063
37605,5995.570164054034
37606,4259.906058730586
37607,5918.543537044554
37608,9915.155813492
37609,4943.838680284429
37610,7316.402306968059
37611,4100.8741021547075
37612,7581.280165236331
37613,7968.791862666833
37614,7384.101637384222
37615,8457.108953519768
37616,6620.852000126913
37617,4446.509017867926
37618,6280.262264888961
37619,7527.473708266027
37620,8534.298925118665
37621,7468.957050286988
37622,7773.486116975356
37623,6643.931197796971
37624,4593.508431048755
37625,9859.592080941726
37626,4368.442346129398
37627,10564.97494065206
37628,5995.634750192095
37629,4649.146328544432
37630,7280.575845360163
37631,6130.971767820631
37632,7503.897184860205
37633,8352.52154235129
37634,4431.763737090948
37635,4561.945164649215
37636,7986.774627376414
37637,8833.884393035734
37638,9810.007580522226
37639,5776.980206825629
37640,6207.217245642065
37641,7145.29618939797
37642,6292.729924940314
37643,5357.0599414736125
37644,9784.430443582893
37645,8685.300676483133
37646,11446.203710696589
37647,4518.256376144561
37648,6133.854904549663
37649,9182.701950484541
37650,8512.194565993017
37651,5460.072022351978
37652,10177.867871244405
37653,6798.585883336307
37654,5619.481491201292
37655,5419.760025118666
37656,5577.153515879443
37657,5118.828067447569
37658,6321.15659720835
37659,5038.325188783656
37660,5106.103760887428
37661,9263.784680153847
37662,6763.093967471554
37663,21858.134636618615
37664,6880.581570796882
37665,4890.699734976742
37666,8277.215023791401
37667,10796.104549049709
37668,7196.479543262886
37669,7664.041860574875
37670,5818.153876268198
37671,8675.583341885856
37672,9046.413276047482
37673,5849.707821384263
37674,6060.011344793126
37675,7381.1371432509395
37676,9038.225647108015
37677,7791.9652457598595
37678,8388.564482388114
37679,6488.555223539387
37680,5051.106867563854
37681,6255.8742564515305
37682,10759.638952699748
37683,12119.449416510648
37684,11692.120473981577
37685,9211.9490150379
37686,5667.327318160078
37687,6149.467288544209
37688,4685.90155216585
37689,8937.127044298273
37690,12155.63842395146
37691,9622.341148488384
37692,6786.696355284934
37693,7074.539676697954
37694,4790.870747412597
37695,6453.369255523122
37696,11908.56002420083
37697,7490.409647727441
37698,5449.20919427352
37699,6193.04484472536
37700,8392.137939331617
37701,3878.8411528538077
37702,7841.934263088313
37703,4685.608466082957
37704,6823.601352748171
37705,7359.8340095191825
37706,6208.9392413496835
37707,7960.584433813702
37708,7529.253526609502
37709,5255.994883927079
37710,7715.149382337838
37711,7676.0090345530125
37712,11662.357842890358
37713,6312.587128138092
37714,9377.745478666531
37715,8352.889219065804
37716,10045.24475279763
37717,7373.499839272777
37718,10204.788203838581
37719,5475.625434333087
37720,5297.9413991836645
37721,7362.712823045455
37722,6375.23104251309
37723,9550.948774588902
37724,8344.563961082216
37725,6354.566826132911
37726,7970.602750866413
37727,6966.340922740888
37728,10309.159409817765
37729,4178.366378405268
37730,14579.697715949467
37731,5671.913794836393
37732,6428.484621913615
37733,9418.174461129867
37734,5344.76430466262
37735,7353.069848721616
37736,6732.89652528846
37737,8441.247504205041
37738,5690.526682316315
37739,5985.511633396842
37740,8156.597918249898
37741,8241.05034176622
37742,8752.22867141652
37743,5752.583916150702
37744,7528.500216946101
37745,12013.853570824249
37746,7183.697419308872
37747,5363.049511139765
37748,7368.6499158594015
37749,6028.821077772782
37750,6324.0365506451235
37751,7659.573238963526
37752,4369.1208882694655
37753,8816.244564137969
37754,6731.176239249722
37755,7552.6703642333605
37756,9759.873591801519
37757,4954.709360539754
37758,6535.757311760531
37759,5876.646881401645
37760,9031.080786293649
37761,9741.687055181761
37762,5445.984861943169
37763,4531.419402857501
37764,7473.408072427217
37765,6309.209337224751
37766,6687.960043170685
37767,7964.579256271768
37768,7149.123566416272
37769,8164.909375498467
37770,6144.038492740051
37771,4820.797797425008
37772,7306.4864458044785
37773,8011.800367983244
37774,8879.043476388815
37775,8773.70941487024
37776,9084.981195799317
37777,6112.1430673872455
37778,9246.023706712154
37779,6784.78552672046
37780,8391.354832151848
37781,9902.001368398425
37782,7312.588488190213
37783,11152.569584649804
37784,8636.157627762394
37785,8580.126302149163
37786,6187.729226635196
37787,7808.691487061365
37788,8570.029546776703
37789,7481.5845465579005
37790,4232.670985998808
37791,6165.510082980849
37792,8983.664852936132
37793,6561.932254835835
37794,4791.4841907200735
37795,10121.262514431832
37796,7178.721769292179
37797,6162.643959943743
37798,6149.283555148947
37799,6472.780030527147
37800,9002.833471310629
37801,7636.331205271298
37802,7638.063626118639
37803,6023.674580274848
37804,5638.643122997651
37805,7348.366692375177
37806,4358.1503158546075
37807,7395.071393440275
37808,5988.110936152595
37809,9257.535588544335
37810,7810.167734074746
37811,6677.330693050422
37812,12173.873975422703
37813,6612.650206287049
37814,5270.2994205994155
37815,12321.764542311856
37816,7378.538415374659
37817,8951.973674478646
37818,8069.568425391533
37819,5411.77087109075
37820,6532.846413329359
37821,5863.94450340372
37822,9314.849646779237
37823,13226.030938975788
37824,7362.5677102016
37825,3740.1675330619705
37826,5369.0926115191405
37827,9216.949800390083
37828,9640.60008518788
37829,7311.485318916117
37830,7997.708994802276
37831,5157.868906037481
37832,5990.831171343072
37833,3479.588738632776
37834,5523.138129240378
37835,6539.691217875832
37836,7748.503875051349
37837,7731.278675214471
37838,7241.459179309249
37839,8684.105629249654
37840,9001.465422726715
37841,8328.243653118123
37842,5345.284174718021
37843,10180.01032160782
37844,13226.36518911796
37845,6938.99822616064
37846,8646.345772084449
37847,5868.045895261142
37848,7310.25244222738
37849,4680.163787176015
37850,8570.48085999178
37851,6312.51540374006
37852,9615.429997355483
37853,7621.706537147873
37854,9876.822187880907
37855,9309.293625302458
37856,5605.169447785053
37857,10098.40651065786
37858,21123.137307880832
37859,11992.44569826978
37860,7192.972789708362
37861,3414.8114845404075
37862,6671.445554439177
37863,10875.86322450325
37864,5992.19323793779
37865,11990.208908865878
37866,19125.812715380715
37867,4104.154199786496
37868,6182.28778934577
37869,9137.731904147715
37870,5732.197353275844
37871,9414.936643833487
37872,7492.398930585419
37873,8617.394854594098
37874,3367.168447883153
37875,7345.194375640302
37876,7096.413184670572
37877,8060.823713240412
37878,10947.336668479838
37879,6329.964525629452
37880,6068.889140096366
37881,7325.428960856729
37882,5942.579984936013
37883,5424.965661384415
37884,8215.821122102921
37885,6290.267064786041
37886,6598.217701752937
37887,8353.547600333544
37888,6996.059566387413
37889,6196.531599328776
37890,7802.563266418106
37891,7970.846327851662
37892,8683.741400554465
37893,8377.011969208623
37894,7974.6188844085855
37895,5853.455750521379
37896,4036.5498254774943
37897,7487.172986140241
37898,7230.845504690128
37899,6557.164326002429
37900,4875.453516333886
37901,10228.946676812737
37902,7899.402210065665
37903,10879.8740985778
37904,7376.552498789038
37905,6304.082895957148
37906,6074.809872188227
37907,4876.359026566228
37908,10842.347031548967
37909,5314.882833430889
37910,8557.36885461234
37911,16873.44706004659
37912,7869.249130927085
37913,7376.2609713937645
37914,5063.598611388972
37915,5017.316294598323
37916,8068.230387501433
37917,4595.352232048482
37918,6462.281516624595
37919,10696.252227647907
37920,5652.5354878708295
37921,17818.449366381214
37922,15479.450486747459
37923,5091.352557200152
37924,7525.800614336283
37925,6009.402078925526
37926,7538.262725642359
37927,6065.113071113573
37928,11927.109375336573
37929,7958.9578991945755
37930,10582.965276617611
37931,5160.036038875177
37932,7993.943198347762
37933,4982.700136321985
37934,9291.143799927879
37935,7350.1090949146355
37936,6738.517232960487
37937,6897.526233788678
37938,5519.678885972455
37939,9036.227068604912
37940,10183.704177159743
37941,6067.470120089423
37942,11368.54935092587
37943,7002.473833313179
37944,10962.555361083141
37945,5815.361823184113
37946,5730.102467503602
37947,6048.567571140165
37948,11800.05531183819
37949,6985.945832103088
37950,7983.026484098384
37951,7728.81181363586
37952,9707.269808169738
37953,4825.625880411403
37954,9484.199576835204
37955,7429.247688991851
37956,4549.956280937826
37957,16624.745236144143
37958,18089.635314883322
37959,8135.937515216768
37960,8228.87044460543
37961,10954.356011051796
37962,11713.372516030908
37963,12010.670467072623
37964,6750.02831877632
37965,8684.38599282279
37966,6468.953897385368
37967,9033.860503954942
37968,4356.597181842929
37969,7350.299304455809
37970,6135.89196892009
37971,5958.970035573894
37972,8064.954085887695
37973,5905.512647212175
37974,5299.957044535752
37975,7217.018000315332
37976,4199.091029906801
37977,5094.604051598871
37978,6224.254882215933
37979,7631.915541103793
37980,10146.04916865516
37981,9053.217661729697
37982,7631.588710512976
37983,6742.687932681641
37984,6849.8563124064585
37985,12098.85050896701
37986,8490.36985503166
37987,6489.473272528283
37988,5331.191679990508
37989,9867.004479509636
37990,4625.980613061891
37991,7671.584160938609
37992,3795.668017264878
37993,6167.882696582011
37994,8931.463451230626
37995,6330.989967970108
37996,5592.156976510875
37997,9300.61377992593
37998,10488.808311478353
37999,12304.29706248206
38000,6747.94467423577
38001,9948.941913573939
38002,3399.237005900226
38003,5782.1814904342455
38004,6870.1463958571585
38005,4993.522350358144
38006,9001.658243969507
38007,6247.683548481195
38008,5466.255340013204
38009,9701.061470375018
38010,12165.35061775623
38011,9000.352365754274
38012,5582.214291237271
38013,6011.222834893434
38014,12132.207861695355
38015,7960.658374125467
38016,7192.760574569096
38017,5736.642564600301
38018,7631.268857969829
38019,11471.22964781014
38020,5002.586852706714
38021,7154.26230763004
38022,8609.281982175467
38023,9334.360814507278
38024,14808.2298166492
38025,6018.7381168897355
38026,14541.234926693198
38027,7452.309125909969
38028,5442.188345267512
38029,4252.927701401566
38030,7064.035871584412
38031,6590.23466633305
38032,6534.169713098077
38033,7850.882142990766
38034,5379.408917247507
38035,5054.2975487644535
38036,7592.320054615122
38037,4073.873368258376
38038,8254.852949124026
38039,7682.002544176997
38040,8835.179883750134
38041,9665.673933362492
38042,5982.412221999793
38043,10114.834309337117
38044,6763.548256421554
38045,6225.994721634866
38046,5743.276910881472
38047,5978.59883992585
38048,11922.066098617192
38049,7426.381788379133
38050,5664.281122761564
38051,8516.367338196938
38052,9260.991446301985
38053,8282.725732598297
38054,7091.0605598127195
38055,9407.501033191107
38056,5589.150748902258
38057,5535.619254925846
38058,6733.305098830038
38059,9337.170607131095
38060,7673.703108267237
38061,7172.674886859473
38062,6357.5615063944015
38063,5903.256357188867
38064,4712.239664368165
38065,5367.966360451307
38066,8636.586775873846
38067,10101.825663302508
38068,11560.33399846061
38069,12204.444794987712
38070,8630.75118251363
38071,7515.498705563525
38072,5348.987781670202
38073,11486.817482981774
38074,12320.576468924588
38075,8209.736969219064
38076,9174.506078983139
38077,9873.568260844499
38078,6168.851183039372
38079,4364.359460126965
38080,11303.181119520183
38081,7680.72462957043
38082,7848.1017804042485
38083,6831.014203148177
38084,3491.5136797261584
38085,12862.714068621117
38086,6112.352000604469
38087,6121.334269632806
38088,5003.338802581576
38089,5656.167059867269
38090,7402.9832825989815
38091,9968.893834727938
38092,7046.3911201966675
38093,5391.785110544076
38094,5225.36121143173
38095,4994.5497057596685
38096,3449.6416260594547
38097,7887.817521446542
38098,18636.31755022131
38099,5191.048812591686
38100,6051.496291231088
38101,7834.916847285098
38102,6144.88590624868
38103,6200.524942182029
38104,5265.706585122651
38105,5214.823248953718
38106,7876.35444906449
38107,7550.161979091915
38108,4552.994356985731
38109,9747.383443521798
38110,7152.4861562138
38111,5324.444333441675
38112,9908.194028974758
38113,8967.259312994993
38114,10798.005087634052
38115,6687.280200075939
38116,8373.38356625727
38117,5257.209103771822
38118,5867.165503026806
38119,17272.205818327413
38120,10508.615830580233
38121,6739.505199453738
38122,7014.956608002589
38123,5144.4001422634
38124,6102.162996122749
38125,5017.061044904199
38126,10207.5329138751
38127,5698.503971677108
38128,6098.947623285602
38129,7504.319727105766
38130,5068.973465058532
38131,6882.782058548553
38132,8181.1114687467725
38133,8267.154627161604
38134,7558.554301178701
38135,4888.6110615487605
38136,5948.063714706085
38137,7239.899528606081
38138,10323.949321885371
38139,9487.862804645494
38140,7533.353102924445
38141,5254.279988011125
38142,8457.194651729675
38143,6709.705499891529
38144,4925.985304412522
38145,8097.834455780134
38146,8264.7979793906
38147,7243.610005929851
38148,6661.99079709716
38149,7545.305835481823
38150,6907.034921072441
38151,6345.515062621509
38152,7405.974068577882
38153,7097.604980958386
38154,7297.764657666326
38155,9736.076285426416
38156,6079.36286639397
38157,5586.400574546927
38158,13051.90630814476
38159,7024.835425718856
38160,4123.037102741099
38161,9124.269962950195
38162,9249.325872377603
38163,12486.195012357526
38164,5156.545382165107
38165,6526.507337805036
38166,6571.388889786284
38167,8308.96427932718
38168,6601.616297745919
38169,9775.925628895868
38170,3611.260575287456
38171,7918.451425273309
38172,6967.087910280395
38173,6558.7534541311325
38174,5553.622886670313
38175,7468.844356938082
38176,10083.725862639432
38177,6145.739779778494
38178,9790.696704218435
38179,7828.0261443862355
38180,9589.18195951133
38181,4835.417168676577
38182,7222.6645176948
38183,6780.432574185501
38184,8630.921586208477
38185,10107.815709928023
38186,4470.525484421928
38187,7707.454275059168
38188,7942.32180483093
38189,8348.758159501047
38190,5448.6553948507135
38191,4657.51491286969
38192,9297.802759295493
38193,7495.464768639291
38194,9460.023184042846
38195,7758.067105263387
38196,6438.988828182814
38197,8657.529794569062
38198,8145.844160245199
38199,8498.30196427623
38200,8555.425638625398
38201,6817.003404994154
38202,9835.311200670913
38203,11919.318280080628
38204,8873.831247369037
38205,5474.356565104964
38206,6579.308306707895
38207,4852.7970528336455
38208,3933.9950171383257
38209,9400.16689484243
38210,5734.104911095992
38211,9982.906926937378
38212,4978.660970777873
38213,7413.577139711872
38214,6939.037856349348
38215,11374.481558427688
38216,5215.791994779288
38217,5784.557610514746
38218,6764.085584772075
38219,7841.816871035577
38220,5578.1302993244735
38221,7922.139803469672
38222,7832.83955654498
38223,11089.161751837491
38224,7929.047828198772
38225,7740.393950148112
38226,5834.0356459891245
38227,5120.621239577504
38228,5467.944662330133
38229,12327.463956209147
38230,10415.805059527904
38231,8490.293685822939
38232,14993.079811015976
38233,7178.085431184835
38234,5657.325101179032
38235,7559.433294437055
38236,9111.488330310125
38237,10867.211514995563
38238,7584.715662319559
38239,8898.807451306759
38240,8986.837947237207
38241,7726.666356333595
38242,7107.143523255852
38243,6163.956587570614
38244,5815.347528491019
38245,5475.425623933194
38246,4470.246605440998
38247,6459.661642269592
38248,9631.940072414558
38249,18953.897176372928
38250,7501.241624308736
38251,5370.283732897429
38252,8702.38365684083
38253,4444.6598961531645
38254,6441.626736587574
38255,4498.32778243092
38256,9375.733542546977
38257,7037.895470045819
38258,7273.411022381856
38259,15342.534251070889
38260,11353.663384102743
38261,6405.182003095362
38262,7174.13639129773
38263,4294.128404160886
38264,5752.500238859171
38265,5879.813470635002
38266,9289.532880837784
38267,5461.891547360509
38268,4521.640633385561
38269,6729.009193186169
38270,5860.664402697251
38271,7889.619496824428
38272,7809.588740284791
38273,3614.2706944407164
38274,7755.192045829087
38275,8737.035249588167
38276,8516.68267010766
38277,5773.439967553256
38278,5471.302786218335
38279,8717.20190181643
38280,4842.616880719818
38281,10607.918379689845
38282,4985.4302798136505
38283,6308.334730068153
38284,7435.329580749795
38285,6752.087015916706
38286,5050.838486751848
38287,6573.744376283925
38288,8216.012075391816
38289,10085.35084411835
38290,11150.737143941598
38291,6207.955410448239
38292,4144.093984679431
38293,5941.4002029633
38294,7130.180196438244
38295,5792.527173723669
38296,7697.346246876158
38297,6269.038456006988
38298,12319.626900056885
38299,8834.150064457383
38300,6602.904291034877
38301,8135.7744498622
38302,5090.77581363965
38303,10100.227627168342
38304,6617.089953903681
38305,15071.882620442582
38306,6820.277413169599
38307,5876.748456794318
38308,6024.232533883261
38309,4297.669488326797
38310,8209.353555547048
38311,19991.706721222276
38312,4975.1248688340165
38313,5050.368956993821
38314,10965.445466538726
38315,7461.257944601296
38316,7707.716144211506
38317,8804.37808586849
38318,7052.958957233129
38319,5338.293445058754
38320,5191.3066975061065
38321,10384.363167143814
38322,6806.734404661664
38323,7621.465564966973
38324,8015.248829066001
38325,5092.382617463346
38326,7489.963207932324
38327,6437.870727800983
38328,4474.374483323479
38329,9423.672843733975
38330,9711.409785163474
38331,4633.442533521309
38332,8180.000720122728
38333,7701.571954707338
38334,5082.205509923728
38335,9758.973881320337
38336,6884.373780992484
38337,8333.406073860539
38338,4975.19163015608
38339,5838.053826526402
38340,7066.849558291268
38341,4453.644563519693
38342,8562.211045770262
38343,5376.027690857555
38344,6746.980132526723
38345,5398.170034334749
38346,6799.358978160805
38347,6590.158310544685
38348,7442.61239454256
38349,7575.466321069861
38350,8441.817769352698
38351,6356.504537298855
38352,8441.242870257354
38353,6955.813565971775
38354,10036.017569117388
38355,10155.066466894843
38356,7313.9477811191055
38357,3730.3374906251415
38358,6312.743578025689
38359,8133.979494380317
38360,4502.94953698829
38361,11800.527362992532
38362,6341.580131273592
38363,8145.255177987277
38364,12141.780353368471
38365,7432.9633644000205
38366,4983.677567591585
38367,12776.662110505844
38368,10601.924138020677
38369,5928.604923513837
38370,10306.162528421111
38371,10746.940750512887
38372,6310.341015302729
38373,5816.282080297906
38374,7779.699887411771
38375,6400.637880499216
38376,6125.143331172859
38377,7451.908973430127
38378,5451.155651819834
38379,7285.486204673642
38380,8062.257158633996
38381,7962.675540502011
38382,9391.52336914262
38383,6333.7321731903885
38384,7869.1458327379605
38385,5006.168362877077
38386,8281.27026160165
38387,7776.37452727443
38388,6479.83206541501
38389,7285.760812700319
38390,7983.982559934971
38391,10023.858478817045
38392,6339.56091676766
38393,5728.230923811832
38394,6729.854476484476
38395,7350.860983771008
38396,7449.485847517739
38397,4814.778259316184
38398,4722.562753399464
38399,8183.9912460228725
38400,6729.501747584926
38401,6423.165644259697
38402,8947.983017328259
38403,6584.334486877732
38404,8002.982076075522
38405,5583.179736787395
38406,4193.6592221917745
38407,7603.231305302449
38408,7288.02753894991
38409,8339.86106476348
38410,10638.908865540647
38411,10199.541045541857
38412,5203.435402085045
38413,9173.735903708523
38414,4361.8094932875
38415,3700.747660793135
38416,9048.656142977858
38417,13023.32447158512
38418,8516.202135663187
38419,8410.121579610146
38420,5859.156537767277
38421,7943.1482059098325
38422,10597.657426459395
38423,7375.467010768093
38424,8645.262108588426
38425,6034.635596571369
38426,5116.72876572416
38427,5836.48281396337
38428,5600.922885000695
38429,6223.858063605664
38430,5497.634765096175
38431,5765.917121850106
38432,4567.110605028955
38433,7741.421274782731
38434,8919.139279537916
38435,6254.563976203168
38436,6916.01105509064
38437,7633.697149582086
38438,6412.1484272157795
38439,5326.872864152734
38440,9353.472920066246
38441,8609.385334925602
38442,6118.924957506525
38443,4401.520293284771
38444,14474.296991006348
38445,6649.534467460846
38446,6913.076080540434
38447,9515.000709800632
38448,9114.79637721858
38449,8714.494502896174
38450,6467.647477716936
38451,7724.044207026558
38452,10838.508737191978
38453,16114.724640786193
38454,6325.510875762884
38455,5630.310092825438
38456,5599.788592096417
38457,7599.655862455556
38458,6286.043644515967
38459,10171.073597121933
38460,9911.102049488101
38461,6281.737303816295
38462,4678.595960326747
38463,6392.943513455533
38464,10507.68094338722
38465,5631.383365855998
38466,7935.811894714622
38467,4279.097048981654
38468,8004.691355727294
38469,8776.450882790376
38470,8324.202826635996
38471,9443.359919286471
38472,7416.653137753341
38473,4736.949798110331
38474,6628.06494191197
38475,8627.571611288075
38476,9059.9544441384
38477,8348.182146550718
38478,8170.190042226654
38479,7281.361423213116
38480,5100.332824127891
38481,10889.27314151044
38482,4659.899756244976
38483,11439.199439175
38484,6189.950985364113
38485,5056.86603770171
38486,7942.1598386253345
38487,6692.398058944002
38488,8197.754555703053
38489,9256.647244322605
38490,4879.447365027723
38491,4990.870137748567
38492,9056.435364557394
38493,9667.764586416817
38494,10570.274248464379
38495,6085.579850898259
38496,6707.438453914873
38497,8031.151747184944
38498,6686.896901245926
38499,6076.9859578899495
38500,10588.741774429549
38501,9422.762429441489
38502,12175.252524036016
38503,4688.743399239604
38504,6819.087509007453
38505,9232.7031245469
38506,9135.043788358138
38507,6513.496868122061
38508,11184.268054846818
38509,7288.124564994489
38510,6129.097525247308
38511,5689.029914346863
38512,6192.3014165867535
38513,5619.815569071456
38514,7167.178920312935
38515,5553.586031523002
38516,5734.331888556393
38517,10545.861619974796
38518,7135.085945737398
38519,22985.11448224677
38520,7443.3771021051525
38521,5786.873868867674
38522,10435.6561391303
38523,13832.64668842589
38524,8953.031663193879
38525,10024.024547528348
38526,7166.605231100224
38527,10838.320609501228
38528,11106.624670906009
38529,7259.386660621769
38530,7813.688480799036
38531,9607.262915119685
38532,11040.87301272925
38533,9885.769444790245
38534,10281.818472678904
38535,8708.941274222767
38536,6188.621833625538
38537,8299.300081571073
38538,14151.432739328291
38539,15076.254318733294
38540,14745.026315786152
38541,12394.141468955242
38542,6846.654786837348
38543,7881.392438535906
38544,5849.451527715686
38545,10803.964499512114
38546,16977.91715185227
38547,11842.496632658542
38548,9138.170733557768
38549,9430.338518321229
38550,5378.837931433069
38551,8341.676637144887
38552,14666.981127183315
38553,9496.201287905551
38554,7134.034238141451
38555,8207.752917494276
38556,10320.04782710551
38557,4912.705177213328
38558,10386.991689310375
38559,6258.563741463295
38560,8710.170576683975
38561,9667.337096791143
38562,8123.891017167986
38563,10091.322911316525
38564,9808.798503426182
38565,6456.991688726224
38566,9363.524340349582
38567,9765.901583270332
38568,15377.199196489057
38569,7650.241010328199
38570,11877.835096112047
38571,9816.08607086929
38572,12644.185172952488
38573,9535.145108276405
38574,13480.096459404935
38575,7453.360140098962
38576,6774.020709507115
38577,9043.230327758365
38578,8294.686506189595
38579,13074.53356666036
38580,11214.652926572018
38581,7947.333431180079
38582,10004.805038251396
38583,8629.924985082142
38584,13389.726008849635
38585,5111.666526761088
38586,18259.172912611415
38587,7105.280614110789
38588,7844.687913553181
38589,11498.856406373492
38590,6788.14499667023
38591,9367.013655197456
38592,8408.364712450739
38593,10942.24540751235
38594,7341.502653379666
38595,7717.64451354089
38596,10132.374321179117
38597,10180.372509702875
38598,11330.608648215146
38599,7580.768531498473
38600,9219.467861408268
38601,15778.796270365032
38602,8954.202567125667
38603,6988.783581254002
38604,9202.388861578238
38605,7294.6284538450545
38606,8343.859256311565
38607,9691.848766287103
38608,5539.942550261079
38609,12410.391832286005
38610,8332.690207079897
38611,9709.576776995458
38612,12331.087091750642
38613,5957.528587310187
38614,8395.238755060747
38615,7881.6721590679235
38616,11854.28966010178
38617,11663.2610727617
38618,6668.6630053505905
38619,5989.350923018055
38620,9565.464700755461
38621,7832.163786332216
38622,8615.727021246266
38623,9589.719348897237
38624,9039.687503944453
38625,10124.011251935033
38626,7944.288301775106
38627,5990.598752806117
38628,9812.38810037116
38629,9843.728541931872
38630,10573.83195612277
38631,11758.629982837192
38632,11773.32638571532
38633,8052.17928333336
38634,12363.410583277877
38635,8484.566508361406
38636,10733.451068538086
38637,13260.723191814077
38638,9218.63589639831
38639,14404.442082947226
38640,9639.70336233737
38641,11575.064000075101
38642,8085.808902759977
38643,9704.513571237812
38644,11678.799547811852
38645,9552.903959335195
38646,5309.310407436264
38647,7651.063267529033
38648,11195.178194754015
38649,8620.114329563074
38650,5988.170023790651
38651,12882.986903187762
38652,8715.192016169627
38653,7237.997713511731
38654,7488.523455799573
38655,8430.421399669403
38656,11474.486721866304
38657,9716.841133641596
38658,9801.485046066608
38659,7976.057954155871
38660,6735.384958983916
38661,9356.353222415488
38662,5505.357914010683
38663,9211.720141453503
38664,7699.047049711273
38665,11423.430865110227
38666,9711.561910543789
38667,8297.313206423689
38668,15581.874013444165
38669,8274.464174196582
38670,6419.313294703479
38671,14785.672745871136
38672,9308.238765268516
38673,12119.053474816892
38674,9833.695141706376
38675,6842.612201720524
38676,8499.90311668438
38677,7310.5017689922515
38678,11486.286230774433
38679,16710.491825835612
38680,9211.0619045307
38681,4554.74047803745
38682,6626.940527838689
38683,12147.136534111709
38684,12881.745599813963
38685,9127.495966614268
38686,9959.737056092858
38687,6283.49264329238
38688,7523.883142136166
38689,4312.410158677544
38690,6755.728749075193
38691,8476.094145027262
38692,9942.232201252224
38693,9231.734873195699
38694,8939.44043717251
38695,10322.562482197383
38696,12175.472528445262
38697,10525.739550147799
38698,6900.862431958974
38699,12386.894511267892
38700,17678.30025851378
38701,8877.974582090448
38702,10282.477459240428
38703,7540.278831721563
38704,9107.493565418292
38705,6863.334711866297
38706,10495.855424823838
38707,8529.541457054223
38708,11582.765441620857
38709,9663.870616426002
38710,13435.214153009572
38711,11694.321109969722
38712,7317.369253169563
38713,13213.766563333289
38714,24353.43399526363
38715,15482.920243764283
38716,9336.017959041905
38717,4234.0455128054255
38718,8553.745835570142
38719,14033.66735764016
38720,7539.855071191885
38721,13581.45989373749
38722,21021.782724621124
38723,5040.658791357774
38724,8045.602779732164
38725,11651.723705665674
38726,7151.756703004091
38727,12073.37907411613
38728,9688.342160269007
38729,10933.065028205261
38730,4046.7451462120757
38731,9326.230865724174
38732,8732.705190538545
38733,10241.568149018045
38734,15234.299901415292
38735,8232.971429176128
38736,7768.174911440145
38737,9022.430329518133
38738,7523.6823082271985
38739,6636.976028998953
38740,10119.692949677066
38741,8163.611359341057
38742,8628.56720301186
38743,10848.503722746413
38744,8656.337969450984
38745,7717.144206996517
38746,9731.972384911049
38747,10223.390443616405
38748,11236.54886332355
38749,11187.95678577803
38750,9496.26728852511
38751,7088.3277632023
38752,5330.641410760448
38753,9095.520458449702
38754,8941.052189733098
38755,8908.641536723102
38756,6117.360330974283
38757,12995.319733856793
38758,10045.026346567085
38759,14124.37103794285
38760,9207.385283535106
38761,8326.903817314458
38762,7695.680256552373
38763,6505.241737819049
38764,14692.684148718437
38765,6893.727760755507
38766,10514.386506244504
38767,20334.923269173385
38768,9894.243658283178
38769,8849.071310007752
38770,6558.016984416762
38771,6268.29788023344
38772,10144.724765352037
38773,5810.001702788528
38774,8294.378218390017
38775,13491.092952021272
38776,7406.99235975774
38777,21095.66917155787
38778,18444.227290746818
38779,6413.00429944741
38780,9404.482877572518
38781,7408.751118210567
38782,9358.03858436756
38783,7469.57097614337
38784,14801.915494157107
38785,10737.092656838768
38786,13558.66722536298
38787,6458.516776271208
38788,9700.018405985318
38789,6231.898083601439
38790,11655.578840669503
38791,9298.686641849474
38792,8529.47575291242
38793,8611.17777303659
38794,6353.891166416061
38795,12028.619396781101
38796,13066.130068367773
38797,7485.629690921302
38798,14907.772368490843
38799,8702.05389342243
38800,13818.91540986399
38801,6950.033350552973
38802,7284.9520282103385
38803,8300.372046482824
38804,16040.132556705152
38805,8912.277536042666
38806,10361.66142380992
38807,10400.118340575676
38808,13256.033883574524
38809,6086.676369187683
38810,11330.222091399493
38811,9609.27658583503
38812,5838.376972928365
38813,19734.10795546664
38814,21171.568066620624
38815,10845.8582167786
38816,11241.548962805067
38817,13874.970675112414
38818,14917.408242254174
38819,14867.232857024315
38820,8699.156632564667
38821,11122.84271672068
38822,8568.678077862376
38823,11377.144344249602
38824,5424.9499094942485
38825,9102.944849405056
38826,7903.909149856226
38827,7513.59005369368
38828,9840.049107582281
38829,7247.076623946937
38830,7262.7799747128365
38831,9310.832959404504
38832,5124.532443941527
38833,6212.399885969451
38834,7599.224654003761
38835,9978.212184933942
38836,13567.996284916855
38837,11500.77174664617
38838,9506.754900449878
38839,8363.90623069209
38840,8696.336271591908
38841,14820.898780467789
38842,10760.224788885933
38843,8321.160941842567
38844,6792.758260602929
38845,12926.902369005824
38846,5789.621624893314
38847,9860.379257025821
38848,4781.294478454765
38849,7508.396499978987
38850,11749.266814780762
38851,8074.93944372894
38852,7503.053412743339
38853,11863.266445905898
38854,13419.320352861378
38855,14612.12636978961
38856,8777.48841567827
38857,12536.950065575229
38858,4205.031992669347
38859,7238.235842354077
38860,8529.714549370226
38861,6326.850938904336
38862,10563.252008803414
38863,7928.859512770117
38864,7022.771862037669
38865,12462.730422686489
38866,14926.5576416622
38867,11507.561912643832
38868,6966.165470029546
38869,7548.317789126327
38870,15222.850653546127
38871,9847.517735701562
38872,8954.32547020895
38873,7278.317885573997
38874,9588.39768316311
38875,14075.275227271934
38876,6402.216489905995
38877,8928.637049140145
38878,11594.749472091982
38879,12187.322261477735
38880,18176.52504923132
38881,8240.021194231014
38882,17644.79695101063
38883,9076.511120080297
38884,7014.264253455971
38885,5207.005611920809
38886,8647.234270422805
38887,8663.63163487382
38888,8272.0796781167
38889,9802.735110541471
38890,6701.221569652324
38891,6686.510589032979
38892,9882.147018474767
38893,5053.942078516811
38894,9806.398081346817
38895,9903.759095568223
38896,11055.814960610602
38897,12850.74100223406
38898,7828.936112589856
38899,12330.3896254273
38900,8255.763293611655
38901,7758.423662145235
38902,7225.5594401942735
38903,7558.8926124597
38904,14710.42101170742
38905,9375.472954974837
38906,6798.205376912311
38907,10707.133515524503
38908,12063.661098694613
38909,10747.552963596841
38910,9194.804675618674
38911,11914.464504628939
38912,6745.128327294157
38913,6477.3734283490485
38914,8853.770514921289
38915,11284.578144460973
38916,9785.717950676148
38917,9174.556827123717
38918,8417.938172686157
38919,7885.529257118276
38920,5927.17055462183
38921,6972.542361819188
38922,10954.027120645665
38923,13027.850679786174
38924,14407.20092066105
38925,15954.702662576445
38926,11255.127054752858
38927,9491.85793960912
38928,6443.73735657122
38929,13877.036137082381
38930,15918.61765089628
38931,11023.129824431076
38932,11695.509490883389
38933,12681.18949071368
38934,7556.335369320497
38935,5642.167402664487
38936,13520.307340585163
38937,10188.946460751986
38938,10350.809537767287
38939,8302.217437496676
38940,4564.500965841833
38941,16414.276514960424
38942,7745.295041276629
38943,7996.347746963116
38944,6019.691652409454
38945,7212.88210522988
38946,9401.541992415736
38947,13178.999572901237
38948,8796.939956807757
38949,6470.127243723452
38950,6779.949879880825
38951,6402.69982874318
38952,4093.372333892152
38953,9911.874987385303
38954,21327.71500614494
38955,6471.801663855279
38956,7587.176637127928
38957,10043.723107681913
38958,7455.63041129908
38959,7982.845631311306
38960,6594.6881886433575
38961,6736.421548706224
38962,10343.748835616909
38963,10048.050706600921
38964,5643.697414463981
38965,12603.4190636459
38966,9501.696462866328
38967,6834.622185012891
38968,12923.283113664746
38969,11910.985679958192
38970,13415.86816800425
38971,8736.213613328748
38972,10440.76845257107
38973,6506.351655661732
38974,7472.1978292183985
38975,20270.061353976827
38976,13975.532460530292
38977,8660.00815428306
38978,9078.93393618607
38979,6789.472367387723
38980,7539.921527496651
38981,6223.793719189277
38982,13244.286413788304
38983,6815.0197623085805
38984,7532.037411967432
38985,9705.925661109713
38986,6389.990675762192
38987,8654.735428354546
38988,9871.849644035663
38989,10796.058512013471
38990,9827.399682387406
38991,6629.737062700257
38992,7257.35521052199
38993,9605.477939848224
38994,13448.29283561334
38995,12103.770558491537
38996,9554.952811968236
38997,6733.022037688227
38998,10429.796339339031
38999,7997.110251584812
39000,6211.779482101764
39001,10163.103819708596
39002,10692.47361978472
39003,8954.699014719543
39004,8752.341188579298
39005,9771.940382659093
39006,8847.546917186386
39007,7945.1640988342715
39008,9166.511352018171
39009,8605.925561428618
39010,9948.190897605098
39011,11847.248409337964
39012,7517.77566240337
39013,7012.561590899048
39014,16756.708568692942
39015,9039.993998411372
39016,4747.923502199373
39017,10732.9052865527
39018,11808.36932896639
39019,14902.078990390459
39020,6276.481604369678
39021,8283.953289076311
39022,7943.7815322681445
39023,10005.475097990979
39024,8238.528588031662
39025,13512.45048862909
39026,4164.514819414971
39027,10744.667465759447
39028,9086.65350326591
39029,8311.214337541214
39030,7348.923079137493
39031,9482.776969598845
39032,13241.918309897776
39033,7679.227739077841
39034,12066.129631439742
39035,10258.490454857838
39036,13173.014460374514
39037,6135.4555139120575
39038,8899.05376203147
39039,8463.542038153464
39040,10720.073207438874
39041,13116.101335820216
39042,5917.247633821689
39043,8989.284056413744
39044,10199.114319089425
39045,10889.668011970658
39046,6568.488808374712
39047,5644.883314211757
39048,12549.81611433999
39049,9345.396596150858
39050,11836.033910567505
39051,9997.69187467458
39052,7746.153370287384
39053,11396.4470719723
39054,10482.034982519182
39055,11582.266108611566
39056,10518.462062356271
39057,8942.553746760841
39058,12062.103890985078
39059,15338.350291898127
39060,10369.858478810918
39061,7065.990605375034
39062,8671.739680178367
39063,5961.097702639926
39064,4845.500102940344
39065,12071.425559952137
39066,7279.591688546931
39067,12895.845871198877
39068,6833.824244072584
39069,9835.071966640344
39070,8889.437239498187
39071,14079.399336981414
39072,6787.489628132658
39073,7305.520332998399
39074,8959.368036932148
39075,9529.074933469728
39076,6846.828518739855
39077,9881.97921820259
39078,9581.731154679874
39079,13441.948506528894
39080,10136.000068387833
39081,9590.275247512902
39082,7518.324605397193
39083,6317.843100973192
39084,6779.281944139259
39085,16142.289414305487
39086,13174.57311513254
39087,10764.218083756463
39088,17244.285748568534
39089,8954.80880296679
39090,7276.893576940506
39091,9753.035008495703
39092,11436.807206936674
39093,14925.261605097696
39094,9589.055678780498
39095,11280.768102186763
39096,12013.395952788285
39097,9366.640265783224
39098,9556.156028283298
39099,8202.149058047422
39100,7762.565345454404
39101,7006.533019701867
39102,5779.8815776637675
39103,8594.130602270187
39104,12822.908088953713
39105,22030.21880682923
39106,9430.22011185393
39107,6758.921626603126
39108,11300.062605281602
39109,5982.272919290394
39110,8524.293955148161
39111,5493.1695273841515
39112,12131.940603169449
39113,8799.57917370211
39114,9253.00089139577
39115,19610.310170239867
39116,13151.96807808709
39117,8168.292907301219
39118,9167.673181975564
39119,5071.531110054632
39120,6857.646019217149
39121,7383.076412581772
39122,11834.209660733122
39123,7046.976498589351
39124,6087.949798407986
39125,8141.684571628556
39126,7580.7623123392295
39127,10115.3431352164
39128,10697.508580958887
39129,4281.832415876882
39130,10020.75274786011
39131,11265.65047286695
39132,11410.365518722609
39133,8310.066700701449
39134,7389.086415300158
39135,11380.408854343888
39136,6226.018023734011
39137,13401.905320805545
39138,6649.080409603357
39139,8556.128272751856
39140,9219.068519313048
39141,8696.480147778335
39142,6313.873569726631
39143,8872.032285785814
39144,10366.761890642754
39145,12606.694982579918
39146,14131.797209526914
39147,7836.547395470192
39148,5246.804244256101
39149,7301.133394324696
39150,8957.612716592388
39151,7045.432753780173
39152,10118.908441407093
39153,7602.92600519768
39154,14954.240377974143
39155,11729.419695939125
39156,8373.413174679834
39157,10055.417333891035
39158,6318.061929127294
39159,12808.491827837513
39160,8014.469364906563
39161,17217.837832405454
39162,8438.370038056493
39163,7872.528510086311
39164,7830.324705986491
39165,5376.119841632332
39166,10142.107519501726
39167,23124.823205170604
39168,6473.6412079366855
39169,6190.983120070415
39170,14298.368257103755
39171,9274.68107795713
39172,9679.365339919264
39173,11095.27000378769
39174,9508.312710089273
39175,6800.24040092595
39176,6741.474695895132
39177,12791.996150706425
39178,8415.890841962124
39179,9368.564033666893
39180,10033.1447094815
39181,6349.115873790289
39182,9387.482693136915
39183,8171.700145943722
39184,5238.0430570805
39185,11911.577119748457
39186,12409.93041403369
39187,5667.965310543968
39188,10147.711000788113
39189,9553.025446548836
39190,6930.165984473682
39191,12863.313236087088
39192,8578.618660572925
39193,10307.24533977822
39194,6267.970483945659
39195,7635.703241547432
39196,8811.470754887783
39197,5671.497667029962
39198,10461.809139508992
39199,7224.0898939180515
39200,8291.314716444189
39201,6673.609124893757
39202,8684.893971903897
39203,7883.332327860982
39204,9378.809020762166
39205,9987.89079259005
39206,10706.089955360065
39207,8128.909951465671
39208,10509.83993669918
39209,8160.217776076534
39210,12550.974413605249
39211,12573.804810843876
39212,8981.448644726099
39213,4352.551716655513
39214,7787.171412792235
39215,10407.839611274972
39216,5569.383096506818
39217,14833.855384164464
39218,8188.896891239241
39219,10152.103085414577
39220,14743.352628695517
39221,8481.770381988985
39222,6753.914140331632
39223,15847.581619165865
39224,13643.963070224194
39225,7407.194311840658
39226,12380.336493876455
39227,13719.030732443458
39228,8265.868346681209
39229,7040.918238642433
39230,9785.021465644239
39231,8040.411759264912
39232,7414.0250992279025
39233,9473.681244302628
39234,6724.452249314536
39235,8302.180881064998
39236,10842.42187770058
39237,9917.886285316756
39238,12865.309076935777
39239,7854.618528349674
39240,9630.851217393236
39241,5950.470527482268
39242,10037.33580935579
39243,9842.708205640054
39244,8317.349052028918
39245,8768.61116727386
39246,10055.354571116188
39247,12473.127891754142
39248,8112.301851573433
39249,7167.285691024623
39250,8653.315545638881
39251,9328.359669567692
39252,9422.567140833518
39253,6028.410171320339
39254,6021.678141217042
39255,9481.658841372577
39256,7575.280951776784
39257,8108.994107828907
39258,11503.558457184756
39259,8181.907260999729
39260,10280.813355854743
39261,7499.256191888177
39262,5253.045314731194
39263,9440.34394301145
39264,8977.935380145485
39265,10649.467994227354
39266,13104.165441034747
39267,12692.445163724979
39268,6308.63324587481
39269,11899.767211909077
39270,5197.6638845082025
39271,4537.706100390317
39272,11275.261292842915
39273,15463.09416721639
39274,10667.379558869972
39275,10839.432624317802
39276,8055.206161049376
39277,10289.523297640288
39278,13562.838464425264
39279,9273.618066109173
39280,10957.760681149755
39281,7677.465947225849
39282,6194.033109143582
39283,7419.99807993623
39284,6846.211715086944
39285,7804.4723936109485
39286,7361.827408851516
39287,7861.652007582971
39288,5684.1772245498905
39289,9704.224773043934
39290,11521.597162088088
39291,8201.539044136312
39292,8234.199783093416
39293,10036.289768063067
39294,8151.940912940071
39295,6497.751905332707
39296,12571.835317876217
39297,10491.22372833388
39298,7914.5056789082855
39299,5886.94962609081
39300,17819.810362726697
39301,8853.819403675468
39302,9318.049834441385
39303,13106.963261804136
39304,11033.012627381571
39305,11411.659580335792
39306,8335.664267455611
39307,9381.051770056882
39308,13698.07356711951
39309,20036.600071005934
39310,8463.13341200833
39311,7776.20546731481
39312,7010.148799115857
39313,9311.985133553597
39314,8246.12469029326
39315,12237.26905781743
39316,12923.738390640574
39317,7658.3815500957535
39318,6031.270039496914
39319,8075.997414497679
39320,13393.556952138279
39321,7064.179893228152
39322,10756.330816189571
39323,5261.607185964622
39324,10297.377281172669
39325,10523.30728670654
39326,10684.60240801591
39327,11979.02034456562
39328,9454.099482995263
39329,6273.056606713384
39330,8360.97086795668
39331,10647.55038821426
39332,11162.044799849324
39333,10499.488650851006
39334,10339.872719648136
39335,9158.05107508807
39336,6691.464948296341
39337,13223.183665249118
39338,5901.068500095923
39339,13826.019376123091
39340,7860.176102754188
39341,6588.638049759633
39342,10125.584102116518
39343,8122.497814052999
39344,9577.407418066101
39345,11509.933350454128
39346,6290.340244270711
39347,6643.156477072705
39348,11758.110870242768
39349,12322.94163481896
39350,13249.297311238523
39351,7299.827822104017
39352,7889.151030415182
39353,10074.292821698655
39354,8667.670265913039
39355,7659.783524959954
39356,13587.407344546531
39357,12194.818263031297
39358,14496.927850232438
39359,5941.675985562386
39360,8857.694025573086
39361,10905.560908746582
39362,11956.647378454029
39363,8313.770237427754
39364,15491.609362179137
39365,9084.97461552853
39366,7775.616287658422
39367,7145.008446114283
39368,8625.318685048738
39369,7072.0210436483
39370,9280.126802371993
39371,7232.484285712946
39372,7650.675009599004
39373,14435.73852464468
39374,8771.040577569793
39375,26146.99730676943
39376,9385.974551250958
39377,5859.540138747903
39378,6674.065260693059
39379,4144.306719806837
39380,3290.9901697385485
39381,6498.858802351441
39382,5702.473471590696
39383,5805.795641745742
39384,7015.517449788071
39385,5380.715767139836
39386,4132.296638925176
39387,7885.479342991567
39388,5658.685347308713
39389,4521.399795756485
39390,6473.215439329156
39391,5814.312054423498
39392,4475.729688210664
39393,5547.322414907299
39394,5943.073992516102
39395,11779.515326833767
39396,5467.249804400382
39397,11181.081447699446
39398,4182.991366297399
39399,6572.666466804957
39400,3356.5154002706536
39401,5660.686715594238
39402,8232.182958333617
39403,8276.885454129782
39404,7393.827288830439
39405,4147.139622342787
39406,5672.808308376531
39407,8208.943454107726
39408,9845.947648605726
39409,7621.683476054945
39410,6116.793264377821
39411,5886.9221745718005
39412,6596.682399399856
39413,3310.812929183134
39414,8774.67668066665
39415,4045.6758990024096
39416,7236.077530503742
39417,9034.752985296158
39418,3050.442931435677
39419,9372.969494248098
39420,5444.578312524033
39421,5019.84934321284
39422,5086.136462241892
39423,10728.86950499999
39424,11124.206843159118
39425,7154.478680379609
39426,6133.074136566214
39427,8924.442800240895
39428,8152.937193157722
39429,7610.414603012321
39430,4621.058263205754
39431,2814.395909949192
39432,3314.679962445896
39433,5265.41136276481
39434,6070.818735370569
39435,6731.80758190056
39436,10104.22538741659
39437,4829.693615346497
39438,9192.100912590284
39439,9067.401253176644
39440,3713.817503502811
39441,3791.719714145693
39442,12238.375634406395
39443,4511.930337898546
39444,5542.791414759778
39445,5636.8329200813805
39446,5164.361255428353
39447,7146.563497875771
39448,3717.371957090644
39449,8400.764103263302
39450,5339.751576593306
39451,6533.088205845733
39452,7616.432882667534
39453,8771.123481140698
39454,8661.492449661746
39455,4190.138466697915
39456,7946.658422364839
39457,14163.325417417434
39458,5517.945871969412
39459,3705.148268642584
39460,8457.790990069132
39461,6185.325218069579
39462,7948.68047987924
39463,10318.5152058577
39464,2915.9150146585675
39465,9726.911895988169
39466,5290.3986028025365
39467,9234.775702365196
39468,4751.265784311658
39469,3565.5699130758276
39470,5580.265029010936
39471,5669.499783466982
39472,10662.316020691469
39473,5827.226756592775
39474,6198.793727424424
39475,5121.439430984466
39476,8106.619199336581
39477,8126.060692700604
39478,4252.7664689750245
39479,5432.075158285259
39480,5414.504621111487
39481,6692.70329216689
39482,6617.588861793691
39483,4227.617675081343
39484,6381.02368646525
39485,5310.546600849309
39486,5191.355446550867
39487,8768.317826968861
39488,6719.979727685243
39489,5541.626122904309
39490,6148.138779200139
39491,4013.726372694784
39492,5347.519121445514
39493,6292.378613075836
39494,9553.852561138783
39495,7349.403925477869
39496,6941.755126522253
39497,8686.4601220924
39498,5524.482412101437
39499,7042.877562377459
39500,8958.702480149335
39501,4899.829914179999
39502,3511.0559027060417
39503,5350.368181729224
39504,6112.937947037843
39505,8708.78903844659
39506,4439.87908414107
39507,4614.509320432056
39508,7788.420911412869
39509,6586.431184252898
39510,7764.219624921153
39511,3886.201342438869
39512,8315.711078461098
39513,9029.949540511043
39514,4053.6583569355184
39515,7550.91016846332
39516,3705.5842003980943
39517,6935.410099050594
39518,4141.217469072691
39519,4052.8637727765718
39520,6027.061802318308
39521,6935.479249112515
39522,7603.646817274116
39523,8524.236860328334
39524,7517.122029121574
39525,4723.370139304713
39526,6269.309882231482
39527,13145.499707745636
39528,8810.677203338102
39529,7815.898822506866
39530,7033.022706544016
39531,6872.001897778178
39532,7209.344575146168
39533,5487.804920360556
39534,6429.200118908565
39535,9513.777006073902
39536,3162.314412445012
39537,3958.992606765533
39538,3812.977723967983
39539,7288.136881926527
39540,9183.238946594825
39541,7368.439510120255
39542,9400.511874298567
39543,5207.922273900492
39544,3268.9517446332457
39545,2385.8714955577307
39546,4312.2930758493585
39547,6194.571751574646
39548,8590.935413121535
39549,6459.50572721641
39550,5011.547746624742
39551,7087.148389833255
39552,5723.322798486083
39553,8094.879572720724
39554,5385.02879967445
39555,8013.8401478115065
39556,11055.552211783155
39557,4166.443632950767
39558,6258.51642830809
39559,6008.19529448534
39560,8114.090648194488
39561,3776.8546577483926
39562,8228.675403157102
39563,5744.3257675008645
39564,5781.244352901691
39565,8105.449603561664
39566,6915.614465275914
39567,5699.822028498964
39568,5163.006446488223
39569,7268.224789322489
39570,24163.034608490394
39571,9365.434239510434
39572,4171.152780033067
39573,4410.636382180867
39574,7571.370809937904
39575,8351.332775607858
39576,4986.681341942795
39577,16641.48294780324
39578,30007.291929234714
39579,5184.302563109154
39580,3688.5639686117283
39581,9006.238399867529
39582,3731.406374269677
39583,4452.6958759736135
39584,4286.957347698116
39585,7415.34670203646
39586,7654.368942035168
39587,8657.472830438066
39588,5762.642660548842
39589,5932.253176903258
39590,6215.585907144452
39591,6295.655162577484
39592,6951.751844288454
39593,7987.357784256556
39594,7405.2679240603375
39595,7393.679222837754
39596,7358.183084302749
39597,6696.7867701664645
39598,6938.4023599297025
39599,7005.078527032791
39600,3880.268475099913
39601,5380.859086821436
39602,6395.328160220207
39603,7438.891723610049
39604,6951.782032619395
39605,5572.19317009401
39606,7391.1187136177905
39607,5235.745607070259
39608,4626.155704376255
39609,4462.341998710006
39610,7086.015534406132
39611,7021.190064156776
39612,3666.6306875392943
39613,5986.262668770136
39614,8778.0883800288
39615,3096.024609218208
39616,6166.405167051082
39617,5051.510829960942
39618,3916.3010704675535
39619,2997.8778168517556
39620,9271.998293867517
39621,7016.894144277111
39622,5553.619855737427
39623,14563.76595635648
39624,8480.579101988367
39625,4685.287591583387
39626,5848.85973892277
39627,3493.3556614164518
39628,6547.0170916707875
39629,4884.295546231518
39630,4142.3994374037875
39631,9167.373000870735
39632,6824.470016894816
39633,9285.764943595008
39634,13354.938385861635
39635,6900.723054340147
39636,6211.38232296518
39637,5635.56837216985
39638,5023.7198805591825
39639,5403.418933724307
39640,11763.254033322508
39641,9410.009111365795
39642,4410.435379588724
39643,4010.339814247777
39644,6019.221682719437
39645,6338.0446302090495
39646,5452.359274467936
39647,9153.135231225908
39648,5252.273868462229
39649,8531.430463819504
39650,9632.792448752018
39651,7458.767399098349
39652,5011.302082685643
39653,7415.710904114607
39654,10649.17589069896
39655,8803.223121505785
39656,9182.53118635379
39657,4272.810109757533
39658,7523.763613459408
39659,4898.5931185610625
39660,7546.456452094157
39661,9139.47273454167
39662,8888.506261844068
39663,9844.205948510193
39664,7058.09504664967
39665,5861.3099468127275
39666,6853.446594707167
39667,5655.615883180631
39668,3620.037543743109
39669,14325.675957069383
39670,20097.60916923771
39671,10034.911740781154
39672,7970.128438748959
39673,6695.702012789161
39674,9931.775257989499
39675,9307.80651969287
39676,3443.379225361934
39677,6897.197033654833
39678,6250.597672049028
39679,6927.5381417214585
39680,3293.844996118813
39681,4730.184648770833
39682,7188.701814953763
39683,6000.364839408209
39684,6165.6620831614455
39685,4106.347465245201
39686,3367.834658880537
39687,7327.817446761463
39688,4343.975202348835
39689,6289.450327675916
39690,7625.510837535952
39691,6493.7968966980225
39692,7522.552017141127
39693,9096.629704457828
39694,6522.480022309935
39695,8184.385452891577
39696,6834.980190931184
39697,11463.438089387893
39698,6058.9737808671725
39699,3270.665028820024
39700,6500.636416667529
39701,9597.903877194063
39702,5062.325465911167
39703,9407.975332156037
39704,2952.1259954651705
39705,4890.242862344092
39706,7584.776852882313
39707,7379.3457977548205
39708,6224.883588401375
39709,7020.383836160388
39710,9779.441585658566
39711,10483.002338549319
39712,2217.8166629575044
39713,11943.490084466457
39714,2647.3043097261875
39715,4735.763508021898
39716,7806.045103538991
39717,5142.397686206864
39718,7044.570618461048
39719,3250.53153227205
39720,5523.912898467071
39721,4241.488503958102
39722,9593.65484278872
39723,8136.890955238365
39724,5776.094839047801
39725,3250.806005155579
39726,6022.892514091494
39727,10808.186329538159
39728,4753.955224096045
39729,6344.624257022688
39730,11314.060716707803
39731,3945.5586391398283
39732,6425.407168596158
39733,4689.41599222896
39734,8832.214369466701
39735,4306.446163229266
39736,12744.255934816683
39737,9372.974374663663
39738,12710.739531008036
39739,8796.696526536234
39740,5843.413098695118
39741,2798.147264171085
39742,6233.574395012205
39743,7444.703903217222
39744,6397.020293596727
39745,7220.3899018371485
39746,7384.686889876489
39747,3975.463597000916
39748,9114.23138668908
39749,3912.219306763081
39750,6325.318362959555
39751,9484.576179872754
39752,7383.043901928435
39753,7388.666416406437
39754,5499.127159773425
39755,5789.594259967446
39756,8084.636822329698
39757,8509.756821606992
39758,7671.353841900935
39759,4331.986348941756
39760,11243.881889483382
39761,8624.723634796368
39762,5092.982984474641
39763,7374.3731650446825
39764,4737.097699299126
39765,7027.5156425333635
39766,4275.7071879096575
39767,3799.7256933941676
39768,6148.018126297311
39769,8670.494538975618
39770,6739.901633107413
39771,8413.159055840617
39772,4790.963140645328
39773,3567.8504768815583
39774,6599.331561261271
39775,6612.72263083061
39776,3831.445134345872
39777,5299.200651416795
39778,7063.811567352626
39779,2804.514254235606
39780,12669.774063672456
39781,8418.488472775221
39782,7971.176660910807
39783,6496.503542357993
39784,5451.565651676617
39785,11811.925889422087
39786,7673.605572414983
39787,9894.646034430501
39788,4710.235920802256
39789,4360.9054219199
39790,5505.450498855513
39791,2911.5938421666374
39792,13702.207461997848
39793,7410.1321627509415
39794,6821.288502182206
39795,5667.23996579516
39796,1833.352293939598
39797,8409.168808547867
39798,6760.31733064559
39799,4359.693246801491
39800,4977.557244609916
39801,6766.857648265628
39802,5918.112441045942
39803,5491.636727248195
39804,14432.29931121844
39805,4895.589445967692
39806,5545.311331200265
39807,4712.520555043144
39808,3101.126558498156
39809,7644.22781287355
39810,20384.12451552064
39811,5523.5578770350385
39812,7567.467159792732
39813,5639.691604595728
39814,5258.711973780053
39815,4655.8097570062855
39816,7766.992795333915
39817,3249.407683014783
39818,11300.597051315339
39819,7609.020547662001
39820,3303.7880084802973
39821,7456.951615483132
39822,3431.874556810217
39823,4827.94974673457
39824,6482.460479943996
39825,6565.360745914183
39826,10211.677822354817
39827,2844.3925804018177
39828,7712.8273924631885
39829,5548.180256146978
39830,4852.561101502874
39831,16673.48438490447
39832,10515.795875375767
39833,5539.54298636076
39834,4320.828717505711
39835,7080.973555832427
39836,5573.696383844021
39837,3362.770559923164
39838,6419.409264527693
39839,5458.206788144081
39840,7127.511223577008
39841,9159.079787035967
39842,5657.071018162005
39843,5436.181182773118
39844,7343.404157567376
39845,7263.420452279915
39846,9386.267530170093
39847,3682.5370178950875
39848,5816.179993853222
39849,9495.083263610708
39850,9792.08506778449
39851,4428.696847090116
39852,9044.669455324987
39853,3017.903063058342
39854,8711.11994384127
39855,5718.33415493992
39856,3783.152196131794
39857,6934.786188052429
39858,5906.584498131917
39859,5043.376222780952
39860,7627.324729590165
39861,5016.08458700646
39862,8101.42938809011
39863,6882.928536279249
39864,8111.35734280105
39865,9359.089788966763
39866,6188.598993509692
39867,6145.715616224944
39868,6785.174480476777
39869,3182.8018053030587
39870,12399.385317995548
39871,3453.9609370349003
39872,4809.545504175458
39873,5750.9526509527595
39874,9434.868999388687
39875,11291.146741412258
39876,5080.365261137501
39877,4168.992862025905
39878,7292.886739848329
39879,7098.871074432257
39880,5538.782680311223
39881,9168.643532702687
39882,4004.332276641577
39883,6387.096028815634
39884,4887.881633468591
39885,4342.225036902954
39886,3256.642044659757
39887,9206.59936738707
39888,6326.243610556441
39889,5027.459826592444
39890,4754.330237624105
39891,10922.636471294549
39892,6933.188588142501
39893,5378.064816293992
39894,6400.056723689739
39895,5723.957351318014
39896,9799.306248814235
39897,4305.259758024032
39898,2756.5611360567577
39899,13416.033464180882
39900,7479.804538273906
39901,10678.407554703874
39902,7096.255204144534
39903,3317.044847533104
39904,10842.721480258226
39905,4222.678431722754
39906,7094.569567852423
39907,8798.57609323186
39908,5721.250145450696
39909,6543.698519385474
39910,5072.03641105713
39911,6157.820086168282
39912,5581.819927292129
39913,3372.6690393505974
39914,6332.012741025946
39915,11049.94585684663
39916,4974.9350600152075
39917,3329.563721638023
39918,6048.094031158261
39919,4161.0657017256035
39920,2777.2126227026342
39921,5834.195282097266
39922,7059.047079816665
39923,3484.069246318037
39924,4454.013914838164
39925,8243.93985376408
39926,5293.281022502747
39927,10757.14080706276
39928,5231.00408101664
39929,7199.843825608173
39930,5006.573567494152
39931,5562.558010111133
39932,7605.141370247421
39933,6095.3173044816795
39934,6631.560146667116
39935,10463.633142452592
39936,10570.13854640854
39937,7586.29023014303
39938,5917.182191273582
39939,3704.948681274468
39940,6872.933708057234
39941,10022.310698227298
39942,4536.653084072339
39943,4427.5488207149
39944,17073.685808103586
39945,4252.5245595577035
39946,6568.917215967898
39947,4486.707904272531
39948,7026.897626884013
39949,9342.871320348144
39950,8922.31931160495
39951,8707.273168828628
39952,7564.499405573186
39953,8233.49796238187
39954,7118.1474282716035
39955,6194.758674921334
39956,2793.8246291291593
39957,5611.22147949878
39958,3969.108167438913
39959,3757.96640421055
39960,6806.049450794476
39961,19191.38464692244
39962,5578.377622204594
39963,3528.489838963208
39964,7787.722399030514
39965,5612.321195995345
39966,5668.121416528982
39967,2443.211814949949
39968,3925.844794334892
39969,7190.96091117057
39970,3867.747785628139
39971,11974.453463317668
39972,12853.501969235407
39973,3895.2209504490484
39974,6122.378994212678
39975,4667.017820197514
39976,5094.756653884146
39977,5206.982124187928
39978,7190.515651566194
39979,4181.6534875498655
39980,5245.558536174495
39981,5060.719652364049
39982,7072.385914310196
39983,7105.339219762016
39984,8294.118244133224
39985,3462.387445131345
39986,9065.50056588656
39987,7647.8420139539185
39988,7807.245583013716
39989,3906.409850064872
39990,4283.991830381932
39991,6135.760820379316
39992,4750.1007675635265
39993,10122.003819339712
39994,5708.11825538631
39995,3384.0301326845615
39996,7270.902242328541
39997,6073.221687874917
39998,7534.933641527981
39999,5659.782586577354
40000,9211.643045520941
40001,11064.642707589162
40002,4555.5907317059355
40003,6283.202438257067
40004,4255.9058192006205
40005,5526.061162030526
40006,4100.748498700897
40007,4933.2886012940035
40008,5931.270026527783
40009,5547.840712186891
40010,12469.333821845976
40011,6908.056331114333
40012,3764.844086082286
40013,7100.615545926206
40014,5146.003661186009
40015,4979.007409173972
40016,7245.090153414717
40017,9953.684881275534
40018,8542.995175252167
40019,5427.466960788209
40020,3986.915489822061
40021,2236.7576855253765
40022,5722.597081718448
40023,25011.896574832914
40024,2854.4595006400905
40025,5820.690689085374
40026,3699.517234830559
40027,9583.717540864478
40028,5766.617668311418
40029,7361.290238212837
40030,6781.286783733578
40031,7632.061281794217
40032,3364.206654012336
40033,5335.006914018795
40034,4412.573594962146
40035,7160.388515497035
40036,11400.48631287913
40037,4633.400919841426
40038,8066.837824737597
40039,6810.971741165661
40040,4676.868876903797
40041,4385.023262997797
40042,3112.9258650510815
40043,3550.436021617903
40044,9275.097650106423
40045,9284.655590180108
40046,2933.2812002116284
40047,10150.603229057027
40048,8336.052559991555
40049,4680.533797132887
40050,5890.546302579899
40051,4304.790924717394
40052,4126.819446479597
40053,4573.501922325336
40054,6444.345110544801
40055,3066.138843690416
40056,6542.7022613669715
40057,3858.206036309755
40058,6115.070917121013
40059,5346.009932391571
40060,4560.782655575282
40061,8789.152061468949
40062,8109.315609115986
40063,5583.88055441368
40064,5656.126176851613
40065,5879.124404223621
40066,4600.72979850908
40067,7384.5475303459625
40068,7347.5832782060825
40069,5943.665242374893
40070,5734.34878941906
40071,6409.031622927558
40072,4814.129852499271
40073,12948.46092874993
40074,7254.112824513077
40075,3779.154311251561
40076,10932.219338133114
40077,6435.181143247325
40078,2783.6195834709392
40079,8904.655863605374
40080,8313.76458699702
40081,7480.568933880862
40082,5517.593405136708
40083,7539.280236798973
40084,8402.555702544714
40085,5415.092609331367
40086,5563.4338156620815
40087,3919.779292160673
40088,6477.104304750053
40089,9227.22729495229
40090,3184.689202030658
40091,10084.845814989474
40092,9256.599607891476
40093,6107.546117446541
40094,8352.370168563313
40095,5282.7988394275735
40096,7898.889322730224
40097,2917.5582947270846
40098,5569.7057770907695
40099,5943.930997792934
40100,2999.1898374208236
40101,7306.258198208532
40102,9211.604563839213
40103,7238.684526685276
40104,7562.27703334664
40105,4465.10166182568
40106,7065.8099016473025
40107,7846.945737389287
40108,8818.840446127615
40109,3263.226736911747
40110,3352.2956233453588
40111,6047.774868102418
40112,11765.416460220242
40113,3707.5257409546703
40114,8652.538770893781
40115,8018.724182954888
40116,8430.615894691686
40117,4980.628705495277
40118,2437.8980992904685
40119,8454.690207550862
40120,6509.033234490618
40121,8535.23383831738
40122,9545.351363673471
40123,5375.427956087418
40124,4438.859940050528
40125,4269.146434704739
40126,3145.5580334950814
40127,1614.2174252790542
40128,7326.279461488131
40129,10834.013063101826
40130,5382.686928146742
40131,7165.917363766556
40132,3490.7942188323755
40133,7398.9450897640245
40134,8678.764127056564
40135,7304.635103075375
40136,7435.554616269584
40137,4623.166669331067
40138,4829.429784604994
40139,4414.3461996997175
40140,7086.6693572836475
40141,4111.754862169707
40142,3100.4527647426394
40143,4634.172091116662
40144,4404.688208321095
40145,6923.929013963894
40146,5949.631147522148
40147,6127.988348789936
40148,5842.763730316557
40149,10328.914584898645
40150,4700.822890371765
40151,4490.664149113096
40152,7778.909918010108
40153,6535.48921802752
40154,7368.003855309791
40155,2728.7141649737077
40156,6006.564891585635
40157,5782.355119159325
40158,4966.642913671065
40159,6667.427151986864
40160,6746.067868775717
40161,7955.9345552280365
40162,7198.471337099934
40163,6717.141912999199
40164,6864.605815454882
40165,11119.466555955896
40166,4108.695296170081
40167,3723.8207222537294
40168,6600.973553444706
40169,6621.547901230878
40170,6438.037663162713
40171,6681.8863934666715
40172,4609.257064578346
40173,7615.178968856453
40174,3674.0306475590883
40175,8113.850298948688
40176,5103.969922168381
40177,4349.305375865614
40178,9773.350428124317
40179,3794.489383994454
40180,7832.247511727577
40181,8687.68479921696
40182,6526.7265687089475
40183,4453.979088441418
40184,3855.986642714546
40185,6143.872083889371
40186,7251.9418794762005
40187,5890.7479517288575
40188,7099.046872618525
40189,6581.853885682163
40190,9309.874041286557
40191,6604.941941899847
40192,4283.753921444208
40193,7531.374218285747
40194,3612.2778851396442
40195,11817.573831828906
40196,6398.068174413271
40197,5975.757347359858
40198,10202.49781749336
40199,5595.383614981148
40200,5610.259939916247
40201,6954.1161392837275
40202,3873.642948625871
40203,3365.374593509752
40204,8857.097044565418
40205,4063.38626301966
40206,11069.132855842636
40207,7775.635580830503
40208,5935.444349479909
40209,4083.1087265378537
40210,6925.241425099004
40211,3393.9033373675456
40212,11507.932722994407
40213,5063.231070623837
40214,13333.122602838077
40215,6140.018558839215
40216,5405.817286523094
40217,13265.566806371806
40218,5896.853668449008
40219,3897.1466878508713
40220,9249.284748303467
40221,7763.648673800794
40222,5860.970082096679
40223,6725.250398789046
40224,5037.07056993867
40225,3213.8290757641107
40226,5268.188485222979
40227,3993.1413895886017
40228,3235.3865192648173
40229,8522.878271548483
40230,6115.828180135105
40231,28108.122040535825
40232,8139.117252234973
40233,5554.88343417615
40234,5720.034117572583
40235,8248.887108237348
40236,4153.809301761186
40237,7653.797479602143
40238,5659.581310729554
40239,7431.960941907639
40240,7615.961514286069
40241,5640.145636554236
40242,4371.476677167149
40243,7252.953165470664
40244,6737.2925031876575
40245,5738.561844187878
40246,6848.835549726206
40247,6151.763414507918
40248,4280.429629126235
40249,5543.892804302872
40250,8987.061507795215
40251,10402.736988992028
40252,8494.397053112853
40253,9030.422499547767
40254,4958.911258070897
40255,6952.942762082316
40256,2872.7904711457227
40257,9538.366853565622
40258,9929.177109285265
40259,10720.638814622462
40260,7162.57331716467
40261,4352.314362622388
40262,5564.869449243627
40263,7552.624553487688
40264,9880.010820410198
40265,5524.416097405856
40266,6460.287569921937
40267,5948.96804059447
40268,7315.161602099952
40269,3126.834747534747
40270,9172.31595330748
40271,4983.374480969378
40272,8817.229139384432
40273,7958.371514426117
40274,4837.220067178453
40275,9704.57878119115
40276,7642.781921990196
40277,5723.102748916267
40278,5151.14290866534
40279,9060.39303009852
40280,12313.007098649505
40281,7277.238762536959
40282,7080.631772822171
40283,10295.98679115017
40284,9186.835311424184
40285,7250.965978355524
40286,8056.057704958331
40287,2911.954607948595
40288,3371.2595073367033
40289,5962.554077721986
40290,7495.2653853200145
40291,9886.731164869085
40292,9081.295062230412
40293,5082.094636483062
40294,9622.000587217699
40295,9100.372247360528
40296,6958.889803020196
40297,3617.1919699359855
40298,13019.635108020246
40299,4560.607493200761
40300,5492.182561914797
40301,8797.422369180036
40302,4911.3424279354185
40303,6998.186877403424
40304,3997.3529883988786
40305,7061.573881116862
40306,6389.218225018864
40307,6729.5115644307525
40308,9591.99269752218
40309,8555.000601393496
40310,7477.186703165888
40311,4295.771703282332
40312,8128.209913845831
40313,13986.736814513526
40314,6731.409152216457
40315,4414.98088203769
40316,8084.861873819288
40317,6595.222424773153
40318,8382.664520729757
40319,10634.183816922454
40320,2805.3837315212313
40321,9446.111956149276
40322,6030.885226776956
40323,7137.3331682841945
40324,10176.597425317714
40325,3587.597816491514
40326,5782.656041682403
40327,6087.1688179862895
40328,9228.998783382045
40329,8847.058683824192
40330,5186.20649799092
40331,4742.567672833899
40332,8586.897169979327
40333,7723.513880008997
40334,6162.432281090825
40335,7375.840950840599
40336,5557.423979490829
40337,7431.451103178548
40338,5812.402200722186
40339,4020.6068191472555
40340,6702.48325677268
40341,7458.560803730849
40342,7516.478991435739
40343,8741.815845899138
40344,9604.15060496925
40345,5097.385422107441
40346,9394.165618423756
40347,4057.4705154328817
40348,4963.791960425498
40349,9704.905999071354
40350,8282.998392726804
40351,8865.23644586308
40352,10425.539232110814
40353,8326.579487735773
40354,6405.900639548657
40355,8191.615826918882
40356,9121.250297675593
40357,5303.542135112561
40358,3443.9525853222704
40359,6625.866420748135
40360,5926.722706685871
40361,6954.135838355783
40362,4206.767432389106
40363,7276.54166971067
40364,7891.26682226334
40365,7526.984741863336
40366,7026.801104154892
40367,3922.5107464057173
40368,7889.504808382738
40369,8297.929318346049
40370,4753.41608273701
40371,6976.248416283993
40372,3793.4581845377747
40373,6905.437868141606
40374,4244.115348890837
40375,5619.529900233453
40376,5968.967972727375
40377,8674.121657520811
40378,7265.207521989245
40379,8177.46461783093
40380,15388.565084858392
40381,5071.361783263431
40382,6276.88918270523
40383,11689.454285138212
40384,7138.588244678291
40385,9461.47789402783
40386,7921.183635231326
40387,6779.59087403377
40388,7412.2781329773225
40389,5561.012833242447
40390,6310.1729591407375
40391,9475.981413266672
40392,6277.82052954113
40393,3654.686598319474
40394,4597.712550386712
40395,9287.650805788457
40396,11047.9445618229
40397,7489.340314969484
40398,7752.199761832402
40399,5464.519239986529
40400,3199.9312172498694
40401,2269.92225143363
40402,4391.533568428429
40403,6981.8455898837865
40404,8627.264860018478
40405,6000.650268006277
40406,5665.922334588032
40407,9483.777514740419
40408,9291.982239883715
40409,8874.37458955523
40410,6275.399658042001
40411,9242.455364935973
40412,11025.633768700362
40413,4588.8208911455395
40414,7069.195886547684
40415,6503.393217259071
40416,7923.359411027712
40417,3796.3472857276956
40418,6855.011336697818
40419,5772.779103832385
40420,9344.301365275809
40421,7252.742718239805
40422,8974.997725657146
40423,8783.094223200927
40424,6098.535420877198
40425,9598.04971187903
40426,19860.385778467138
40427,10512.578101641375
40428,4908.258788824642
40429,3994.1102299862555
40430,7766.252813767506
40431,9763.730972821315
40432,5629.502229343972
40433,10503.004023856305
40434,20126.848377176146
40435,5412.471931266926
40436,3634.719198360693
40437,11478.998776098726
40438,4136.992467907917
40439,6939.885304661703
40440,4685.997834669452
40441,7350.321413792772
40442,4319.322110221092
40443,7864.355785804978
40444,6662.649977678408
40445,6905.635282757459
40446,11621.583500904575
40447,7584.712818812946
40448,7178.323226575479
40449,8193.338742483953
40450,6745.20307629991
40451,7155.7363714780895
40452,9823.81774502823
40453,6181.25092906433
40454,7128.9571931914825
40455,5587.083480585439
40456,4389.064203878058
40457,6040.995830767413
40458,5898.766072338996
40459,6252.194151484631
40460,9481.894244182275
40461,10072.313875605507
40462,8454.88814752062
40463,5616.250144786567
40464,4851.227374769922
40465,5821.493247964639
40466,6287.17976035106
40467,7287.4941430906865
40468,3672.660023017889
40469,8297.257614029486
40470,6962.650645630914
40471,9007.426541386021
40472,6658.485856535949
40473,5349.6864177304515
40474,4193.908986062664
40475,3644.4224394722874
40476,10091.584894717222
40477,6699.166705065924
40478,7436.33042480436
40479,14939.664771493612
40480,9082.221072396522
40481,5713.421730770528
40482,6118.388821058355
40483,3420.8548368739553
40484,5545.30709780488
40485,4899.591920747858
40486,4943.135562457739
40487,9774.601880505556
40488,6156.028347578163
40489,10654.421349728616
40490,12347.539859748438
40491,6698.16392104102
40492,6682.199415255631
40493,5707.59419034767
40494,6384.513561342804
40495,5792.512458261485
40496,12938.426931154003
40497,7547.97516098589
40498,8268.397781623258
40499,4022.7368235300873
40500,6731.366208344093
40501,6664.393517381025
40502,10022.552734399384
40503,8291.979123843772
40504,6383.0036131034885
40505,8035.982110264779
40506,6081.004956571683
40507,10060.732529869805
40508,8112.577295414274
40509,7853.701500723886
40510,11136.207529164174
40511,8362.249548370604
40512,9960.1384165693
40513,4486.819790458048
40514,6761.360242925941
40515,5974.29904804696
40516,10195.176194684944
40517,8606.55647345595
40518,8749.993335272056
40519,7824.636982456634
40520,9973.320336904902
40521,6256.3665878925785
40522,8160.356613355574
40523,7524.833984411748
40524,3844.1764689356
40525,15186.416918931305
40526,18357.902713219126
40527,8721.040604634212
40528,8121.37489852878
40529,8543.818335967035
40530,9795.766440434762
40531,9353.077634413523
40532,3745.5475211657013
40533,5556.174226282491
40534,6905.0993754895
40535,9726.307559003644
40536,3230.592847135214
40537,5666.033699631858
40538,6507.295691622594
40539,5978.13375085429
40540,6450.96586867476
40541,4032.563136898938
40542,3505.473642487231
40543,8345.974232031911
40544,4381.909647859028
40545,5973.891417844841
40546,6623.691275617308
40547,6546.015270846635
40548,10779.638546177084
40549,12767.736767954433
40550,6432.571315189198
40551,8676.801486264565
40552,7725.259034568937
40553,11352.2867373898
40554,6461.444295516591
40555,3739.085497460139
40556,6431.44412030957
40557,13370.177681907788
40558,5107.666463101763
40559,8618.718219982478
40560,2793.1641364497214
40561,4770.607654895132
40562,7487.306228363071
40563,7206.523750497381
40564,6558.9468380124445
40565,10064.363515317902
40566,10801.35145503113
40567,8870.417931275782
40568,5259.386395119744
40569,12351.988118897569
40570,2475.6455893957377
40571,4861.3865962166665
40572,8239.423231301147
40573,5895.310315860229
40574,11057.45597380953
40575,3404.181656252078
40576,6018.972516068296
40577,7069.917299390857
40578,9366.758890188472
40579,10615.078959559154
40580,5915.610939325566
40581,3785.5970313224493
40582,11186.702252715371
40583,10885.103792436512
40584,5805.863757680525
40585,6787.239395671742
40586,10239.935810673198
40587,6972.151964162186
40588,6377.692021276409
40589,5031.932150086553
40590,9276.355268919904
40591,5659.36372459721
40592,14616.631548355317
40593,9426.335312844261
40594,13673.31951223378
40595,8346.196626532692
40596,5881.295428598823
40597,2685.370227433513
40598,7248.3041472814675
40599,7012.599993022028
40600,6459.0139136026355
40601,10891.972168277664
40602,7057.055187189317
40603,3501.050650497525
40604,8890.703031658632
40605,3964.957132684802
40606,10108.287821483811
40607,8657.210561160811
40608,8538.312315635812
40609,9868.80373868057
40610,5772.544968960525
40611,8780.516035568859
40612,8431.82410225236
40613,7345.441305172704
40614,7581.241885276917
40615,5041.4061667538435
40616,10821.50372188979
40617,7793.232812311591
40618,4823.122458469422
40619,6487.006480591436
40620,9319.223427304785
40621,7348.272627438683
40622,4935.1127139875925
40623,6417.029690551981
40624,6102.720033315294
40625,6268.573954275871
40626,6305.802778448811
40627,11277.53602857015
40628,5956.911738685471
40629,4855.731798758375
40630,6987.67648345104
40631,6817.437727840551
40632,3885.630018493497
40633,5975.966087310429
40634,9953.917666440535
40635,9699.782382507983
40636,12605.768975999039
40637,10115.56778811071
40638,8862.267293655857
40639,7707.839232493281
40640,5534.624587238269
40641,11636.23919935674
40642,9650.151690561293
40643,8106.826902492747
40644,6245.6997505246945
40645,7216.372703993865
40646,5826.710511092997
40647,2804.0809142082985
40648,13498.722727295826
40649,7572.545108057219
40650,7456.09419211465
40651,6057.367809738514
40652,1579.2343420975737
40653,9691.788908555802
40654,7122.109010006571
40655,5484.469572136634
40656,4968.20211108345
40657,6630.290062111185
40658,7014.052977159551
40659,5186.571783019968
40660,11170.490098367849
40661,5228.251516273813
40662,5459.6377214149215
40663,4364.723759193169
40664,3156.254320270741
40665,6420.2408804734205
40666,16110.674290739538
40667,5545.791654900122
40668,7124.0103039452
40669,6524.579519606591
40670,5253.64428424918
40671,4559.549154587348
40672,7438.917459252822
40673,3734.6691577984884
40674,10812.241883521536
40675,7668.191648838586
40676,3322.59298366142
40677,9684.864632681385
40678,3223.5912574377767
40679,4978.717460415549
40680,10618.746464820804
40681,9439.046577778332
40682,10232.968238754422
40683,3235.933056575321
40684,6419.068335121651
40685,5564.555130971592
40686,5133.019737381163
40687,17730.062045746967
40688,12383.393368205514
40689,6353.808229017956
40690,4206.107402442041
40691,6833.04442822211
40692,5743.317992420353
40693,3353.5600379583107
40694,9172.123004395491
40695,5642.265331579058
40696,6623.121170339821
40697,8801.394507789435
40698,5962.399579300937
40699,5935.491348948462
40700,6747.981666501995
40701,8568.740147895387
40702,8263.604133732295
40703,3423.7487654934484
40704,6586.398339620355
40705,8566.922253920828
40706,9889.267717770103
40707,7431.718177954185
40708,8634.896512369287
40709,2870.677713838123
40710,10369.200193621396
40711,6083.89603432322
40712,3715.1402736639675
40713,5858.897535373066
40714,5863.20999031632
40715,5592.60305364737
40716,7704.090421087539
40717,5765.241370978036
40718,7088.214519725646
40719,6449.8444576089105
40720,8626.1722868738
40721,9812.422860446863
40722,5787.478783552247
40723,8988.893354769323
40724,7254.448947578138
40725,3678.815178736014
40726,12962.319222143673
40727,4751.179140511329
40728,4223.078220956253
40729,7619.068298800134
40730,11485.15002258088
40731,11370.632546813813
40732,4866.454720652787
40733,5829.319950446912
40734,7618.35371257584
40735,8041.986442345894
40736,5820.322831470168
40737,9699.469320511904
40738,3612.906320676288
40739,6969.703841780322
40740,5183.577978784643
40741,4280.772409899036
40742,3375.441133316021
40743,8761.231807868116
40744,8249.598619950217
40745,6427.121833274729
40746,6592.902278004799
40747,9314.657559668887
40748,9691.229208087883
40749,5769.521657708934
40750,6581.782269874603
40751,6519.9682161309065
40752,8561.119647844596
40753,7213.094890226287
40754,2717.4956758359895
40755,7371.713770855369
40756,7922.665464665577
40757,7652.022436283498
40758,7127.813177778
40759,3337.8047141947573
40760,11293.637755129988
40761,3668.79955456993
40762,10354.041374603992
40763,7076.950699679304
40764,5739.962189529254
40765,9550.116559011487
40766,5052.980864798143
40767,5603.965959063917
40768,9851.06265664373
40769,3338.623970155821
40770,7808.900533790876
40771,11685.09286797834
40772,8164.745404688446
40773,3209.2297371562445
40774,6078.388994572398
40775,4576.674177664249
40776,2834.702309083196
40777,6421.704074346898
40778,7177.814647269645
40779,6604.713887116615
40780,5354.186860445742
40781,6944.601741335875
40782,5863.816756579606
40783,10841.347946824853
40784,6324.427543433416
40785,6974.529949956889
40786,5322.5072160532745
40787,6613.390690223487
40788,7414.899535547124
40789,7766.416470146372
40790,8963.069754413305
40791,10170.036876292355
40792,9261.819288235984
40793,7206.472054742487
40794,6468.562548207557
40795,3679.1746174011046
40796,7078.17096926376
40797,10702.702599746199
40798,8152.48920130443
40799,8180.243125204611
40800,15901.4572434246
40801,4275.0134678975255
40802,6249.664074395831
40803,5532.4656478934
40804,9920.20563668486
40805,11162.560852229062
40806,8651.315481232557
40807,9179.41425765742
40808,9211.242475312394
40809,8552.574164420123
40810,7525.213206712057
40811,6213.584621941995
40812,2908.03938875377
40813,6083.034305210374
40814,4062.01538248194
40815,3983.9586791122383
40816,8988.914029681951
40817,20067.1146040357
40818,6744.332054423784
40819,4075.0813513869007
40820,6292.607808106709
40821,5080.650685258662
40822,7017.071294477362
40823,2623.5073939419344
40824,7802.924822121223
40825,8193.203618471262
40826,4712.925751960134
40827,13271.833795769528
40828,12905.550228911117
40829,4636.464833493034
40830,6718.651885859204
40831,4582.0347088329945
40832,4905.282101203787
40833,5361.715422304465
40834,10122.416756391935
40835,4795.849402921273
40836,5511.167735043225
40837,5820.690927596442
40838,6718.772670870418
40839,6349.375624624513
40840,8972.287921764419
40841,3764.081457106852
40842,9521.762593685266
40843,7641.907436339677
40844,6064.352481556473
40845,5082.244523287145
40846,5093.435116685731
40847,5852.168552714856
40848,4973.888241520155
40849,10709.52604561792
40850,5431.363709342917
40851,5274.813729055733
40852,7833.438421269257
40853,6426.139011231441
40854,6878.400572538952
40855,6167.088843201755
40856,7333.145772674984
40857,10887.645222058054
40858,8127.539190424416
40859,7164.051598991639
40860,4317.294592255573
40861,5524.025764692689
40862,7427.47618226545
40863,5238.03080025601
40864,5985.835085118678
40865,5904.578429628211
40866,13636.89312995486
40867,9057.437980432378
40868,5551.637903931771
40869,6863.92061514858
40870,5494.559767184326
40871,8072.140696552217
40872,6725.103222262886
40873,10472.91223692913
40874,7808.32064011614
40875,6124.318734224412
40876,4825.668983833183
40877,2677.3687157278828
40878,5364.16344248704
40879,21818.116721697657
40880,2817.671408140259
40881,6233.2351517283105
40882,7595.556660693699
40883,8673.500821900096
40884,6833.225499648277
40885,9816.727636161831
40886,7071.56122816533
40887,7213.534991489079
40888,3709.806126476992
40889,8861.562585268768
40890,5044.776421398923
40891,7498.78878845102
40892,10233.037418476879
40893,4851.723149791613
40894,8702.106102863172
40895,7393.030597471653
40896,3943.9603554014984
40897,7650.39154699305
40898,8414.492076355364
40899,3332.570717957187
40900,10116.350125887655
40901,8314.497955437224
40902,5880.214018622911
40903,10658.26584398496
40904,10114.384495537013
40905,7866.032772296677
40906,5803.964561971008
40907,4798.525572187739
40908,6432.204408490331
40909,4158.817748592456
40910,7440.149661218641
40911,3313.254670371759
40912,7114.225227034176
40913,3818.7676996181935
40914,6868.79555595046
40915,6405.383235803231
40916,6204.24465766754
40917,7166.3530422278
40918,9732.683632920565
40919,6299.364813829823
40920,9055.045600663167
40921,6706.9036016553
40922,7655.496538864967
40923,10219.599001567884
40924,7968.239777696366
40925,4960.268248249027
40926,6229.415071629977
40927,6414.613197660267
40928,5047.330714259063
40929,13707.319801406898
40930,7473.852192385274
40931,6960.316244535063
40932,10582.595926237234
40933,7989.721125440836
40934,2742.40817005236
40935,10310.310930536636
40936,9694.7129464515
40937,7515.627362794391
40938,8615.810781063963
40939,8353.598127362871
40940,9616.508848595804
40941,6058.258920407564
40942,5387.442011246628
40943,4334.701033963958
40944,6788.637474480204
40945,8779.009580596674
40946,3575.2041096389585
40947,8553.9089264279
40948,8612.521188895253
40949,6292.476805540954
40950,9099.094748788624
40951,5884.4665772856615
40952,8314.126475870347
40953,3669.908715814537
40954,6048.9246067963495
40955,6197.464159363143
40956,4562.413506129129
40957,7386.386399473162
40958,8375.753601261016
40959,9067.661018164697
40960,7538.998683579422
40961,4896.087755476486
40962,7658.216979551566
40963,8078.45815309028
40964,7879.425575207638
40965,3858.1407017497922
40966,3491.9044415017265
40967,9715.08862987622
40968,7102.706615352747
40969,4804.50173233527
40970,9260.606228539222
40971,8001.434324042433
40972,7774.834221123163
40973,5944.213497778908
40974,2361.8156434979755
40975,7572.940001254984
40976,7836.1770173955365
40977,6810.48951947974
40978,10333.824677184179
40979,8124.235896471152
40980,4515.670687819764
40981,7616.32397679451
40982,3648.865673717264
40983,1524.144002407652
40984,7826.036507914137
40985,11125.709695833542
40986,6994.5138806920195
40987,5815.829700004098
40988,3852.1805617442246
40989,6581.571711871779
40990,9667.201598341375
40991,7276.955240693924
40992,10006.779673923904
40993,5166.035143647301
40994,5203.278892225706
40995,4507.132194120271
40996,7618.15804097263
40997,4477.017357884849
40998,3170.5023955782203
40999,5581.713061639366
41000,4620.782488523063
41001,8444.552544275233
41002,5600.606524552108
41003,6720.54361917755
41004,6614.716509739481
41005,9370.150760001925
41006,5910.830002927344
41007,4541.759451246746
41008,10695.44421518776
41009,8790.265574101488
41010,8014.193195693487
41011,2595.564852000865
41012,6427.133640240947
41013,6531.071285236014
41014,5131.754968272376
41015,9235.274958540489
41016,9899.426291920638
41017,7998.457522117517
41018,7499.428937571902
41019,6929.613601303585
41020,8601.630104557857
41021,12746.915770512273
41022,4138.392202507552
41023,4793.241498467637
41024,6736.834717682049
41025,7294.515632410991
41026,6831.016996650847
41027,11298.147529203528
41028,8110.7195127228715
41029,7273.017630358745
41030,3427.7029837798123
41031,6787.530182188706
41032,9697.145336460437
41033,4319.867205582065
41034,7744.0585397058885
41035,3884.015230957072
41036,8549.40454302881
41037,6803.56937989702
41038,6598.731806430076
41039,7030.611900202784
41040,5082.216840710646
41041,5789.89822536824
41042,8115.920647121984
41043,6071.667995279158
41044,9559.859672374309
41045,7056.323861230881
41046,9888.171631286956
41047,6661.732143444148
41048,4418.994981426452
41049,9743.764594797301
41050,3480.3882470383937
41051,11684.214746624413
41052,6880.539722703277
41053,6253.58024417238
41054,8772.583224087255
41055,5663.008755623525
41056,5117.230260827437
41057,7583.206973969066
41058,4151.137989863793
41059,3688.0390617714706
41060,7459.499117837238
41061,7519.976588105726
41062,11592.382113230988
41063,7324.092795316852
41064,6560.5364828952925
41065,4601.823296046622
41066,7516.72894726274
41067,3795.8383598103987
41068,11648.092642282281
41069,8520.745340731617
41070,14399.712011222835
41071,6569.125220613823
41072,6537.77456505772
41073,8820.16010430667
41074,8590.595022122217
41075,3950.2470270619388
41076,9972.763965989034
41077,7653.890841538776
41078,6313.9210662876485
41079,6620.204423447721
41080,6047.429337329388
41081,3699.6855406181603
41082,6175.9987653527005
41083,4481.288046454408
41084,3513.910368760239
41085,8780.268083086972
41086,7327.4880595545055
41087,24918.73938865335
41088,9025.24346271987
